Timestamp,Asset_ID,Latitude,Longitude,Inventory_Level,Shipment_Status,Temperature,Humidity,Traffic_Status,Waiting_Time,User_Transaction_Amount,User_Purchase_Frequency,Logistics_Delay_Reason,Asset_Utilization,Demand_Forecast,Logistics_Delay,Hour,Day,Day_of_Week,Month,Month_Name,Is_Weekend,Utilization_Band,Inventory_Band,Inventory_Coverage,Purchase_Frequency_Band,Demand_Normalized,Utilization_Normalized,Waiting_Normalized,Operational_Stress_Score,Operational_Stress_Level,Week_of_Year,Time_Period,Inventory_Demand_Gap,Stock_Risk,Fleet_Load_Index,Fleet_Load_Index_Normalized,Demand_Score,Utilization_Score,Waiting_Score,Customer_Value_Index,Customer_Value_Segment,Traffic_Level,Traffic_Utilization_Interaction,Demand_Traffic_Interaction,Utilization_Waiting_Interaction,Pre_Dispatch_Stress_Score,Distance_From_Center
2024-03-20 00:11:14,Truck_7,-65.7383,11.2497,390,Delayed,27.0,67.8,Detour,38,320,4,,60.1,285,1,0,20,2,3,March,0,High,Medium-High,1.368421052631579,Medium-Low,0.925,0.0025000000000001,0.56,0.4958333333333334,Medium,12,Night,105,0,17128.5,0.472232766801829,0.925,0.0025000000000001688,0.56,1280,Medium Value,,,,2283.8,0.4637500000000001,65.2148517668157
2024-10-30 07:53:51,Truck_6,22.2748,-131.7086,491,In Transit,22.5,54.3,Heavy,16,439,7,Weather,80.9,174,1,7,30,2,10,October,0,Very High,High,2.82183908045977,Medium-High,0.37,0.5225000000000004,0.12,0.3375000000000001,Medium,44,Morning,317,0,14076.6,0.3405832111120698,0.37,0.5225000000000004,0.12,3073,Very High Value,,,,1294.4,0.4462500000000002,134.63638880531371
2024-07-29 18:42:48,Truck_10,54.9232,79.5455,190,In Transit,25.2,62.2,Detour,34,355,3,,99.2,260,0,18,29,0,7,July,0,Very High,Low,0.7307692307692307,Low,0.8,0.9800000000000004,0.48,0.7533333333333335,High,31,Evening,-70,1,25792.0,0.8459494435337762,0.8,0.9800000000000004,0.48000000000000004,1065,Medium Value,,,,3372.8,0.8900000000000002,96.76171402191213
2024-10-28 00:50:54,Truck_9,42.39,-1.4788,330,Delivered,25.4,52.3,Heavy,37,227,5,Traffic,97.4,160,1,0,28,0,10,October,0,Very High,Medium-High,2.0625,Medium-Low,0.3,0.9350000000000004,0.54,0.5916666666666669,Medium,44,Night,170,0,15584.0,0.4056077991545165,0.30000000000000004,0.9350000000000005,0.54,1135,Medium Value,,,,3603.8,0.6175000000000003,43.81134280795563
2024-09-27 15:52:58,Truck_7,-65.8477,47.9468,480,Delayed,20.5,57.2,Clear,56,197,6,,71.6,270,1,15,27,4,9,September,0,High,High,1.7777777777777777,Medium-Low,0.8500000000000001,0.29,0.9200000000000002,0.6866666666666669,High,39,Afternoon,210,0,19332.0,0.5672849624708827,0.8500000000000001,0.29000000000000004,0.9200000000000002,1182,Medium Value,,,,4009.5999999999995,0.5700000000000001,79.8622573991024
2024-09-17 06:02:15,Truck_7,73.3312,46.5831,118,In Transit,24.3,61.8,Clear,56,258,10,,66.8,189,0,6,17,1,9,September,0,High,Low,0.6243386243386243,High,0.445,0.1699999999999999,0.9200000000000002,0.5116666666666667,Medium,38,Morning,-71,1,12625.199999999999,0.27797429039772237,0.44500000000000006,0.16999999999999993,0.9200000000000002,2580,Very High Value,,,,3740.7999999999997,0.3075,87.58704459851711
2024-02-05 08:38:56,Truck_4,27.9307,147.5317,480,Delayed,20.7,75.4,Clear,32,263,3,,73.3,198,1,8,5,0,2,February,0,High,High,2.4242424242424243,Low,0.49,0.3325,0.44,0.4208333333333333,Medium,6,Morning,282,0,14513.4,0.3594254162712449,0.49,0.3325,0.44,789,Medium Value,,,,2345.6,0.41125,149.59034458308778
2024-09-28 09:08:23,Truck_9,46.5643,-126.5348,222,In Transit,23.3,64.2,Detour,30,459,9,Traffic,73.8,253,0,9,28,5,9,September,1,High,Medium-Low,0.8774703557312253,High,0.7650000000000001,0.345,0.3999999999999999,0.5033333333333333,Medium,39,Morning,-31,1,18671.399999999998,0.5387887153826244,0.7650000000000001,0.345,0.39999999999999997,4131,Very High Value,,,,2214.0,0.555,136.0894385993394
2024-01-18 08:27:04,Truck_9,-83.6737,-31.7125,245,Delivered,26.4,77.2,Clear,14,183,2,,69.6,206,0,8,18,3,1,January,0,High,Medium-Low,1.1893203883495145,Low,0.53,0.24,0.08,0.2833333333333334,Low,3,Morning,39,0,14337.599999999999,0.35184194633767574,0.53,0.24,0.08000000000000002,366,Low Value,,,,974.3999999999999,0.385,88.51555285256272
2024-11-09 00:48:26,Truck_2,54.1683,-135.2676,389,In Transit,21.9,57.3,Clear,52,127,7,Mechanical Failure,63.1,224,0,0,9,5,11,November,1,High,Medium-High,1.7366071428571428,Medium-High,0.6200000000000001,0.0775000000000001,0.8400000000000001,0.5125000000000001,Medium,45,Night,165,0,14134.4,0.34307652489000084,0.6200000000000001,0.07750000000000012,0.8400000000000001,889,Medium Value,,,,3281.2000000000003,0.3487500000000001,146.99618306926206
2024-01-09 23:19:43,Truck_9,82.9633,-154.5274,319,Delayed,22.0,53.5,Clear,28,360,4,,69.8,171,1,23,9,1,1,January,0,High,Medium-High,1.8654970760233918,Medium-Low,0.355,0.2450000000000001,0.36,0.32,Low,2,Late_Evening,148,0,11935.8,0.248235700112156,0.355,0.2450000000000001,0.36000000000000004,1440,High Value,,,,1954.3999999999999,0.30000000000000004,176.77258419102904
2024-02-02 22:28:16,Truck_10,-25.2768,156.1262,234,Delivered,29.7,63.6,Detour,13,406,10,Traffic,85.5,238,0,22,2,4,2,February,0,Very High,Medium-Low,0.9831932773109243,High,0.69,0.6375000000000002,0.06,0.4625000000000001,Medium,5,Late_Evening,-4,1,20349.0,0.6111552066258304,0.69,0.6375000000000002,0.06,4060,Very High Value,,,,1111.5,0.6637500000000001,157.1201111959123
2024-02-17 21:14:42,Truck_8,-65.526,-3.0202,154,In Transit,21.5,74.2,Detour,38,215,3,Weather,84.4,114,0,21,17,5,2,February,1,Very High,Low,1.3508771929824561,Low,0.07,0.6100000000000003,0.56,0.4133333333333335,Medium,7,Late_Evening,40,0,9621.6,0.14840824777844885,0.07000000000000006,0.6100000000000003,0.56,645,Low Value,,,,3207.2000000000003,0.3400000000000002,64.28173956530676
2024-03-04 06:44:50,Truck_2,-26.1836,-30.3641,348,Delivered,27.3,71.6,Detour,30,211,2,,96.4,115,0,6,4,0,3,March,0,Very High,Medium-High,3.026086956521739,Low,0.075,0.91,0.3999999999999999,0.4616666666666667,Medium,10,Morning,233,0,11086.0,0.21157794840824778,0.07500000000000007,0.9100000000000001,0.39999999999999997,422,Low Value,,,,2892.0,0.4925000000000001,39.87127051296241
2024-08-28 12:19:14,Truck_3,2.6709,-80.8879,163,In Transit,25.1,76.8,Heavy,54,320,5,Weather,93.2,231,1,12,28,2,8,August,0,Very High,Low,0.7056277056277056,Medium-Low,0.655,0.8300000000000001,0.8800000000000001,0.7883333333333334,High,35,Afternoon,-68,1,21529.2,0.662065395565525,0.655,0.8300000000000001,0.8800000000000001,1600,High Value,,,,5032.8,0.7425,81.82430063281241
2024-01-04 22:52:43,Truck_5,-22.4793,-54.5143,130,Delayed,23.7,68.1,Clear,45,487,4,Traffic,84.1,256,1,22,4,3,1,January,0,Very High,Low,0.5078125,Medium-Low,0.78,0.6025,0.7,0.6941666666666667,High,1,Late_Evening,-126,1,21529.6,0.6620826503321543,0.78,0.6025,0.7,1948,High Value,,,,3784.4999999999995,0.69125,59.24350383167546
2024-10-30 17:52:03,Truck_4,-34.5353,-40.8617,391,Delayed,21.6,72.5,Clear,58,298,7,Traffic,61.5,170,1,17,30,2,10,October,0,High,Medium-High,2.3,Medium-High,0.35,0.0375,0.96,0.4491666666666667,Medium,44,Evening,221,0,10455.0,0.1843585540505565,0.35,0.03750000000000009,0.96,2086,High Value,,,,3567.0,0.19375000000000003,53.28583344434303
2024-07-15 15:42:02,Truck_7,-8.7105,-17.8347,344,Delayed,21.4,53.5,Detour,23,461,9,,93.4,106,1,15,15,0,7,July,0,Very High,Medium-High,3.2452830188679247,High,0.03,0.8350000000000004,0.26,0.3750000000000001,Medium,29,Afternoon,238,0,9900.400000000001,0.16043482011905796,0.030000000000000027,0.8350000000000004,0.26,4149,Very High Value,,,,2148.2000000000003,0.4325000000000002,20.066456984994286
2024-01-19 06:42:30,Truck_5,14.6629,116.0696,409,Delayed,27.5,66.6,Detour,29,492,3,,72.6,204,1,6,19,4,1,January,0,High,High,2.0049019607843137,Low,0.52,0.3149999999999999,0.3799999999999999,0.4049999999999999,Medium,3,Morning,205,0,14810.4,0.37223708049348636,0.52,0.31499999999999995,0.37999999999999995,1476,High Value,,,,2105.3999999999996,0.4175,116.3412099166661
2024-04-28 21:23:34,Truck_10,75.7743,108.9425,457,In Transit,25.5,75.9,Clear,21,315,3,Traffic,83.4,248,0,21,28,6,4,April,1,Very High,High,1.842741935483871,Low,0.74,0.5850000000000004,0.2199999999999999,0.5150000000000001,Medium,17,Late_Evening,209,0,20683.2,0.625571564144595,0.74,0.5850000000000004,0.21999999999999997,945,Medium Value,,,,1751.4,0.6625000000000002,132.8024965100635
2024-03-06 20:00:26,Truck_5,50.3419,108.5647,207,Delivered,29.3,59.4,Detour,31,174,5,Mechanical Failure,65.9,195,0,20,6,2,3,March,0,High,Medium-Low,1.0615384615384615,Medium-Low,0.475,0.1475000000000002,0.42,0.3475000000000001,Medium,10,Late_Evening,12,0,12850.500000000002,0.2876930377016652,0.475,0.1475000000000002,0.42,870,Medium Value,,,,2042.9,0.3112500000000001,119.4920200278403
2024-11-20 16:38:07,Truck_8,-6.6729,132.6727,155,Delivered,19.4,53.2,Heavy,20,152,1,Mechanical Failure,99.3,235,1,16,20,2,11,November,0,Very High,Low,0.6595744680851063,Low,0.675,0.9825,0.2,0.6191666666666666,Medium,47,Evening,-80,1,23335.5,0.7399836079717022,0.675,0.9824999999999999,0.2,152,Low Value,,,,1986.0,0.82875,131.9426573304874
2024-01-07 09:13:28,Truck_6,-74.1751,-102.7331,314,Delivered,19.9,64.8,Detour,57,396,10,Weather,78.6,135,0,9,7,6,1,January,1,Very High,Medium-High,2.325925925925926,High,0.175,0.4649999999999998,0.9400000000000002,0.5266666666666667,Medium,1,Morning,179,0,10611.0,0.19108791303597622,0.17500000000000004,0.46499999999999986,0.9400000000000002,3960,Very High Value,,,,4480.2,0.31999999999999995,126.60490134994862
2024-09-25 15:12:12,Truck_10,-33.2264,169.6187,156,In Transit,27.2,74.4,Clear,35,354,2,Weather,63.1,282,0,15,25,2,9,September,0,High,Low,0.5531914893617021,Low,0.91,0.0775000000000001,0.5,0.4958333333333333,Medium,39,Afternoon,-126,1,17794.2,0.5009490121646105,0.9099999999999999,0.07750000000000012,0.5,708,Low Value,,,,2208.5,0.49375,171.7635214338406
2024-02-11 13:30:18,Truck_2,-34.4469,93.1585,119,In Transit,28.1,72.4,Detour,41,176,2,,60.9,238,0,13,11,6,2,February,1,High,Low,0.5,Low,0.69,0.0224999999999999,0.6200000000000001,0.4441666666666666,Medium,6,Afternoon,-119,1,14494.199999999999,0.35859718747303937,0.69,0.022499999999999964,0.6200000000000001,352,Low Value,,,,2496.9,0.35624999999999996,98.07133708242377
2024-11-20 11:22:13,Truck_3,-13.511,141.8454,112,In Transit,19.7,76.6,Detour,22,121,3,Traffic,80.9,262,0,11,20,2,11,November,0,Very High,Low,0.42748091603053434,Low,0.81,0.5225000000000004,0.24,0.5241666666666668,Medium,47,Morning,-150,1,21195.800000000003,0.6476835475800191,0.81,0.5225000000000004,0.24,363,Low Value,,,,1779.8000000000002,0.6662500000000002,141.53091404560433
2024-06-25 02:26:25,Truck_3,-22.427,108.2306,435,Delivered,25.8,78.6,Heavy,22,220,7,Traffic,90.8,101,1,2,25,1,6,June,0,Very High,High,4.306930693069307,Medium-High,0.005,0.77,0.24,0.3383333333333334,Medium,26,Night,334,0,9170.8,0.1289621257872487,0.0050000000000000044,0.77,0.24,1540,High Value,,,,1997.6,0.3875,109.44034633200174
2024-06-25 00:01:12,Truck_9,43.3353,-12.0683,422,Delivered,20.0,62.9,Heavy,14,184,9,Traffic,64.0,248,1,0,25,1,6,June,0,High,High,1.7016129032258065,High,0.74,0.1,0.08,0.3066666666666667,Low,26,Night,174,0,15872.0,0.418031231127599,0.74,0.10000000000000009,0.08000000000000002,1656,High Value,,,,896.0,0.42000000000000004,46.521244070842144
2024-05-02 02:33:56,Truck_4,-66.7517,161.45,353,In Transit,20.5,52.0,Heavy,26,392,7,Traffic,76.4,155,1,2,2,3,5,May,0,Very High,Medium-High,2.2774193548387096,Medium-High,0.275,0.4100000000000001,0.32,0.335,Medium,18,Night,198,0,11842.0,0.24418945733758957,0.275,0.41000000000000014,0.32,2744,Very High Value,,,,1986.4,0.3425000000000001,173.4144814581721
2024-08-10 00:04:40,Truck_8,-65.7349,-173.3011,299,Delayed,23.9,50.1,Heavy,17,315,6,,88.3,252,1,0,10,5,8,August,1,Very High,Medium-Low,1.1865079365079365,Medium-Low,0.76,0.7075,0.14,0.5358333333333333,Medium,32,Night,47,0,22251.6,0.693227504098007,0.76,0.7075,0.14,1890,High Value,,,,1501.1,0.73375,185.65616265049127
2024-05-13 03:20:21,Truck_1,-55.4768,18.2551,261,Delayed,22.5,78.4,Clear,41,209,6,Mechanical Failure,71.8,240,1,3,13,0,5,May,0,High,Medium-Low,1.0875,Medium-Low,0.7,0.2949999999999999,0.6200000000000001,0.5383333333333333,Medium,20,Night,21,0,17232.0,0.47669743766715555,0.7,0.29499999999999993,0.6200000000000001,1254,Medium Value,,,,2943.7999999999997,0.49749999999999994,56.85073899202565
2024-12-02 08:32:47,Truck_8,5.9179,74.8254,425,Delayed,19.3,51.1,Heavy,39,235,9,Mechanical Failure,88.3,242,1,8,2,0,12,December,0,Very High,High,1.756198347107438,High,0.71,0.7075,0.5800000000000001,0.6658333333333334,High,49,Morning,183,0,21368.6,0.6551376067638686,0.71,0.7075,0.5800000000000001,2115,High Value,,,,3443.7,0.70875,74.34544555507436
2024-02-12 06:23:27,Truck_7,49.3929,-47.5805,369,Delivered,26.3,52.1,Detour,48,104,7,,66.7,220,0,6,12,0,2,February,0,High,Medium-High,1.6772727272727272,Medium-High,0.6000000000000001,0.1675000000000002,0.76,0.5091666666666668,Medium,7,Morning,149,0,14674.0,0.3663532050729015,0.6000000000000001,0.1675000000000002,0.76,728,Medium Value,,,,3201.6000000000004,0.38375000000000015,70.14360483564803
2024-04-24 06:17:22,Truck_10,80.3158,70.765,223,Delayed,24.0,60.2,Heavy,45,292,6,Weather,78.4,205,1,6,24,2,4,April,0,Very High,Medium-Low,1.0878048780487806,Medium-Low,0.5249999999999999,0.4600000000000002,0.7,0.5616666666666666,Medium,17,Morning,18,0,16072.000000000002,0.42665861444223974,0.5249999999999999,0.4600000000000002,0.7,1752,High Value,,,,3528.0000000000005,0.49250000000000005,107.52148518808102
2024-12-06 19:05:13,Truck_2,-19.8847,42.5062,200,Delivered,28.1,72.1,Detour,28,129,9,,74.3,134,0,19,6,4,12,December,0,High,Low,1.492537313432836,High,0.17,0.3574999999999999,0.36,0.2958333333333333,Low,49,Evening,66,0,9956.199999999999,0.1628418600638426,0.17000000000000004,0.35749999999999993,0.36000000000000004,1161,Medium Value,,,,2080.4,0.26375,45.60130735756121
2024-04-30 11:53:17,Truck_9,5.4555,-147.5455,466,In Transit,26.1,72.1,Detour,54,475,9,Mechanical Failure,83.4,222,0,11,30,1,4,April,0,Very High,High,2.099099099099099,High,0.6100000000000001,0.5850000000000004,0.8800000000000001,0.6916666666666669,High,18,Morning,244,0,18514.800000000003,0.532033474247261,0.6100000000000001,0.5850000000000004,0.8800000000000001,4275,Very High Value,,,,4503.6,0.5975000000000003,148.53899528591833
2024-09-19 22:53:51,Truck_8,-19.2577,66.744,474,In Transit,27.7,71.2,Heavy,50,311,3,Mechanical Failure,91.6,266,1,22,19,3,9,September,0,Very High,High,1.781954887218045,Low,0.8300000000000001,0.79,0.8,0.8066666666666666,High,38,Late_Evening,208,0,24365.6,0.7844189457337589,0.8300000000000001,0.79,0.8,933,Medium Value,,,,4580.0,0.81,68.29385443758704
2024-12-22 15:08:14,Truck_6,-79.0792,-16.3423,490,Delivered,23.1,75.2,Heavy,14,460,7,,87.8,261,1,15,22,6,12,December,1,Very High,High,1.8773946360153257,Medium-High,0.8049999999999999,0.6949999999999998,0.08,0.5266666666666666,Medium,51,Afternoon,229,0,22915.8,0.7218790440859287,0.8049999999999999,0.6949999999999998,0.08000000000000002,3220,Very High Value,,,,1229.2,0.7499999999999999,79.5951611825786
2024-08-15 05:45:04,Truck_5,-1.6787,3.2441,126,Delivered,29.6,67.6,Detour,19,201,9,Weather,84.1,255,0,5,15,3,8,August,0,Very High,Low,0.49411764705882355,High,0.7750000000000001,0.6025,0.18,0.5191666666666667,Medium,33,Night,-129,1,21445.5,0.658454835648348,0.7750000000000001,0.6025,0.18,1809,High Value,,,,1597.8999999999999,0.6887500000000001,2.428045648941957
2024-03-16 11:17:42,Truck_7,-8.2431,-12.4959,164,In Transit,18.2,76.4,Clear,45,466,7,,98.1,196,0,11,16,5,3,March,1,Very High,Low,0.8367346938775511,Medium-High,0.48,0.9525,0.7,0.7108333333333334,High,11,Morning,-32,1,19227.6,0.5627814683806401,0.48,0.9525000000000001,0.7,3262,Very High Value,,,,4414.5,0.71625,15.004776480789909
2024-12-28 11:40:55,Truck_2,-30.0701,135.6396,477,Delayed,19.2,79.4,Clear,12,310,5,Mechanical Failure,63.7,129,1,11,28,5,12,December,1,High,High,3.697674418604651,Medium-Low,0.145,0.0925000000000002,0.0399999999999999,0.0925,Low,52,Morning,348,0,8217.300000000001,0.0878310758346994,0.14500000000000002,0.09250000000000025,0.03999999999999998,1550,High Value,,,,764.4000000000001,0.11875000000000013,137.82594932731703
2024-02-04 18:55:58,Truck_5,61.8444,107.4835,245,In Transit,24.2,56.9,Detour,39,379,2,Traffic,66.4,183,0,18,4,6,2,February,1,High,Medium-Low,1.3387978142076502,Low,0.415,0.1600000000000001,0.5800000000000001,0.385,Medium,5,Evening,62,0,12151.2,0.257527391942024,0.41500000000000004,0.16000000000000014,0.5800000000000001,758,Medium Value,,,,2589.6000000000004,0.2875000000000001,123.96884050860582
2024-07-09 02:12:54,Truck_5,40.784,77.2346,172,Delayed,25.2,67.6,Clear,40,274,7,Weather,66.3,170,1,2,9,1,7,July,0,High,Low,1.011764705882353,Medium-High,0.35,0.1574999999999999,0.6000000000000001,0.3691666666666666,Medium,28,Night,2,0,11271.0,0.2195582779742904,0.35,0.15749999999999997,0.6000000000000001,1918,High Value,,,,2652.0,0.25375,87.2508473033614
2024-12-01 23:54:16,Truck_7,-68.3515,158.251,206,Delayed,20.7,77.5,Clear,15,308,2,Mechanical Failure,63.9,209,1,23,1,6,12,December,1,High,Medium-Low,0.9856459330143541,Low,0.5449999999999999,0.0975000000000001,0.0999999999999999,0.2475,Low,48,Late_Evening,-3,1,13355.1,0.30945992580450354,0.5449999999999999,0.09750000000000014,0.09999999999999998,616,Low Value,,,,958.5,0.32125000000000004,171.07600844754933
2024-06-22 13:26:02,Truck_6,-33.8378,73.3221,310,In Transit,18.7,54.7,Clear,52,232,9,Traffic,72.6,113,0,13,22,5,6,June,1,High,Medium-High,2.743362831858407,High,0.065,0.3149999999999999,0.8400000000000001,0.4066666666666667,Medium,25,Afternoon,197,0,8203.8,0.08724872746096107,0.06500000000000006,0.31499999999999995,0.8400000000000001,2088,High Value,,,,3775.2,0.19,79.4284842542625
2024-07-27 15:50:46,Truck_2,69.6609,38.4464,225,Delivered,19.0,63.0,Heavy,17,282,6,Weather,99.6,265,1,15,27,5,7,July,1,Very High,Medium-Low,0.8490566037735849,Medium-Low,0.825,0.9900000000000002,0.14,0.6516666666666667,Medium,30,Afternoon,-40,1,26394.0,0.8719178673108448,0.825,0.9900000000000002,0.14,1692,High Value,,,,1693.1999999999998,0.9075000000000001,80.3644491056358
2024-09-05 14:12:00,Truck_3,20.8843,1.3947,303,Delayed,20.7,70.6,Clear,47,143,10,,98.1,123,1,14,5,3,9,September,0,Very High,Medium-High,2.4634146341463414,High,0.1149999999999999,0.9525,0.74,0.6025,Medium,36,Afternoon,180,0,12066.3,0.253865067724959,0.11499999999999999,0.9525000000000001,0.74,1430,High Value,,,,4610.7,0.5337500000000001,22.251381460310864
2024-11-11 22:09:53,Truck_1,-14.8081,-177.3003,237,Delayed,20.7,78.3,Heavy,35,491,2,,80.7,189,1,22,11,0,11,November,0,Very High,Medium-Low,1.253968253968254,Low,0.445,0.5175000000000001,0.5,0.4875,Medium,46,Late_Evening,48,0,15252.300000000001,0.39129928392718494,0.44500000000000006,0.5175000000000001,0.5,982,Medium Value,,,,2824.5,0.48125000000000007,178.64423857530582
2024-05-01 22:26:11,Truck_6,0.0414,-130.6505,172,Delivered,18.2,79.9,Clear,46,258,3,Mechanical Failure,60.1,154,0,22,1,2,5,May,0,High,Low,1.1168831168831168,Low,0.27,0.0025000000000001,0.72,0.3308333333333333,Medium,18,Late_Evening,18,0,9255.4,0.13261150892934176,0.27,0.0025000000000001688,0.72,774,Medium Value,,,,2764.6,0.1362500000000001,131.49501776583685
2024-07-26 20:19:01,Truck_9,-79.9146,-3.8554,214,In Transit,21.7,77.0,Heavy,47,187,10,,97.4,175,1,20,26,4,7,July,0,Very High,Medium-Low,1.2228571428571429,High,0.375,0.9350000000000004,0.74,0.6833333333333336,High,30,Late_Evening,39,0,17045.0,0.4686308342679666,0.375,0.9350000000000005,0.74,1870,High Value,,,,4577.8,0.6550000000000002,78.69453417827546
2024-08-09 01:16:43,Truck_3,76.4465,173.1493,330,Delayed,24.0,52.9,Heavy,14,425,1,Mechanical Failure,89.8,289,1,1,9,4,8,August,0,Very High,Medium-High,1.1418685121107266,Low,0.945,0.7450000000000001,0.08,0.5900000000000001,Medium,32,Night,41,0,25952.2,0.8528599775688035,0.9450000000000001,0.7450000000000001,0.08000000000000002,425,Low Value,,,,1257.2,0.8450000000000001,189.06448035305792
2024-01-29 21:04:08,Truck_5,-15.6005,-92.1974,130,Delivered,18.1,78.3,Heavy,39,424,9,Traffic,92.3,143,1,21,29,0,1,January,0,Very High,Low,0.9090909090909091,High,0.2149999999999999,0.8075000000000001,0.5800000000000001,0.5341666666666667,Medium,5,Late_Evening,-13,1,13198.9,0.3027219394357692,0.21499999999999997,0.8075000000000001,0.5800000000000001,3816,Very High Value,,,,3599.7,0.51125,94.11799979305067
2024-03-23 12:47:34,Truck_2,67.396,170.1537,364,Delayed,26.9,67.8,Clear,55,467,7,Weather,95.2,128,1,12,23,5,3,March,1,Very High,Medium-High,2.84375,Medium-High,0.14,0.8800000000000003,0.9000000000000001,0.6400000000000002,Medium,12,Afternoon,236,0,12185.6,0.2590113018721423,0.14,0.8800000000000003,0.9000000000000001,3269,Very High Value,,,,5236.0,0.5100000000000002,182.74443523494472
2024-10-17 13:22:31,Truck_8,33.6179,-67.2758,430,Delayed,26.4,68.4,Heavy,16,277,8,,71.9,137,1,13,17,3,10,October,0,High,High,3.1386861313868613,Medium-High,0.185,0.2975000000000003,0.12,0.2008333333333334,Low,42,Afternoon,293,0,9850.300000000001,0.15827366059874048,0.18500000000000005,0.2975000000000003,0.12,2216,High Value,,,,1150.4,0.2412500000000002,76.5690547910831
2024-07-11 07:07:27,Truck_8,-50.8174,-40.3409,187,In Transit,18.6,67.7,Clear,12,375,5,,85.4,140,0,7,11,3,7,July,0,Very High,Low,1.3357142857142856,Medium-Low,0.2,0.6350000000000002,0.0399999999999999,0.2916666666666667,Low,28,Morning,47,0,11956.0,0.24910706582693476,0.20000000000000007,0.6350000000000002,0.03999999999999998,1875,High Value,,,,1024.8000000000002,0.41750000000000015,64.35564257210945
2024-12-11 16:57:48,Truck_5,50.2709,125.6915,323,Delayed,28.3,61.2,Detour,52,139,4,Weather,72.4,127,1,16,11,2,12,December,0,High,Medium-High,2.543307086614173,Medium-Low,0.135,0.3100000000000003,0.8400000000000001,0.4283333333333334,Medium,50,Evening,196,0,9194.800000000001,0.12999741178500568,0.135,0.3100000000000003,0.8400000000000001,556,Low Value,,,,3764.8,0.22250000000000014,135.1088204239218
2024-01-10 01:05:25,Truck_9,-73.8211,3.187,386,Delivered,26.6,78.2,Detour,19,456,7,Traffic,87.6,290,0,1,10,2,1,January,0,Very High,Medium-High,1.3310344827586207,Medium-High,0.95,0.69,0.18,0.6066666666666666,Medium,2,Night,96,0,25404.0,0.8292123199033734,0.95,0.69,0.18,3192,Very High Value,,,,1664.3999999999999,0.82,72.49910250199822
2024-06-17 07:59:24,Truck_9,79.1172,178.4934,422,Delayed,19.6,53.3,Heavy,40,205,5,Weather,86.1,242,1,7,17,0,6,June,0,Very High,High,1.743801652892562,Medium-Low,0.71,0.6524999999999999,0.6000000000000001,0.6541666666666667,Medium,25,Morning,180,0,20836.199999999997,0.632171512380295,0.71,0.6524999999999999,0.6000000000000001,1025,Medium Value,,,,3444.0,0.6812499999999999,195.0342885504815
2024-06-25 01:52:28,Truck_9,27.4253,90.1386,433,Delayed,24.0,77.8,Clear,37,173,9,Weather,89.6,143,1,1,25,1,6,June,0,Very High,High,3.027972027972028,High,0.2149999999999999,0.7399999999999998,0.54,0.4983333333333332,Medium,26,Night,290,0,12812.8,0.28606677594685537,0.21499999999999997,0.7399999999999998,0.54,1557,High Value,,,,3315.2,0.47749999999999987,93.82625355412016
2024-04-17 20:13:18,Truck_9,67.9086,-140.0283,318,Delivered,26.0,77.4,Clear,19,314,2,,70.2,250,0,20,17,2,4,April,0,High,Medium-High,1.272,Low,0.75,0.2550000000000001,0.18,0.395,Medium,16,Late_Evening,68,0,17550.0,0.4904149771374343,0.75,0.2550000000000001,0.18,628,Low Value,,,,1333.8,0.5025000000000001,156.9751518401305
2024-10-09 18:26:11,Truck_9,-72.8958,129.8921,176,In Transit,22.6,73.3,Heavy,37,154,4,Mechanical Failure,91.4,169,1,18,9,2,10,October,0,Very High,Low,1.0414201183431953,Medium-Low,0.345,0.7850000000000001,0.54,0.5566666666666668,Medium,41,Evening,7,0,15446.6,0.3996807868173583,0.345,0.7850000000000001,0.54,616,Low Value,,,,3381.8,0.5650000000000001,147.55529013777183
2024-11-27 17:17:47,Truck_4,-58.6802,-62.7474,125,Delayed,23.4,57.6,Heavy,23,191,2,Traffic,72.0,241,1,17,27,2,11,November,0,High,Low,0.5186721991701245,Low,0.7050000000000001,0.3,0.26,0.4216666666666667,Medium,48,Evening,-116,1,17352.0,0.48187386765594,0.7050000000000001,0.30000000000000004,0.26,382,Low Value,,,,1656.0,0.5025000000000001,85.60710749852635
2024-06-12 02:49:27,Truck_6,64.0395,-151.7045,336,In Transit,27.4,58.9,Detour,49,100,10,Weather,70.7,236,0,2,12,2,6,June,0,High,Medium-High,1.423728813559322,High,0.6799999999999999,0.2675,0.78,0.5758333333333333,Medium,24,Night,100,0,16685.2,0.45311017168492806,0.6799999999999999,0.26750000000000007,0.78,1000,Medium Value,,,,3464.3,0.47375,165.96996973265095
2024-11-02 21:19:46,Truck_7,-24.1402,-168.6013,244,Delivered,21.3,73.8,Heavy,39,229,7,,98.1,197,1,21,2,5,11,November,1,Very High,Medium-Low,1.2385786802030456,Medium-High,0.485,0.9525,0.5800000000000001,0.6725,High,44,Late_Evening,47,0,19325.699999999997,0.5670131998964714,0.485,0.9525000000000001,0.5800000000000001,1603,High Value,,,,3825.8999999999996,0.71875,170.96282452952653
2024-02-29 15:12:54,Truck_4,72.8574,179.01,391,In Transit,20.5,71.2,Detour,12,112,7,,78.3,267,0,15,29,3,2,February,0,Very High,Medium-High,1.4644194756554307,Medium-High,0.835,0.4575,0.0399999999999999,0.4441666666666666,Medium,9,Afternoon,124,0,20906.1,0.635186782848762,0.835,0.4575,0.03999999999999998,784,Medium Value,,,,939.5999999999999,0.64625,193.01252993397617
2024-03-17 23:47:15,Truck_6,7.3575,86.6442,425,Delivered,24.2,54.6,Detour,32,193,3,Weather,69.9,260,0,23,17,6,3,March,1,High,High,1.6346153846153846,Low,0.8,0.2475000000000002,0.44,0.4958333333333334,Medium,11,Late_Evening,165,0,18174.0,0.5173324130791132,0.8,0.24750000000000028,0.44,579,Low Value,,,,2236.8,0.5237500000000002,86.24884695251181
2024-11-25 10:39:09,Truck_5,68.9594,-123.5048,403,In Transit,26.9,60.6,Clear,50,418,1,Traffic,67.8,182,0,10,25,0,11,November,0,High,High,2.2142857142857144,Low,0.41,0.195,0.8,0.4683333333333334,Medium,48,Morning,221,0,12339.6,0.2656543870244156,0.41000000000000003,0.19500000000000006,0.8,418,Low Value,,,,3390.0,0.30250000000000005,142.8486136698284
2024-07-04 18:22:32,Truck_4,14.9079,50.1606,438,Delayed,26.5,69.3,Heavy,34,378,5,Weather,88.7,256,1,18,4,3,7,July,0,Very High,High,1.7109375,Medium-Low,0.78,0.7175000000000002,0.48,0.6591666666666668,Medium,27,Evening,182,0,22707.2,0.7128806832887586,0.78,0.7175000000000002,0.48000000000000004,1890,High Value,,,,3015.8,0.7487500000000001,51.93707997517733
2024-03-19 05:23:55,Truck_1,66.2353,10.8345,339,In Transit,26.8,64.5,Detour,24,235,6,Traffic,69.3,212,0,5,19,1,3,March,0,High,Medium-High,1.599056603773585,Medium-Low,0.56,0.2324999999999999,0.2799999999999999,0.3575,Medium,12,Night,127,0,14691.599999999999,0.3671124148045898,0.56,0.23249999999999993,0.27999999999999997,1410,High Value,,,,1663.1999999999998,0.39625,68.330711464502
2024-03-20 01:25:23,Truck_9,70.1899,-65.6792,203,In Transit,18.0,68.9,Heavy,19,370,3,Traffic,74.4,254,1,1,20,2,3,March,0,High,Medium-Low,0.7992125984251969,Low,0.77,0.3600000000000003,0.18,0.4366666666666667,Medium,12,Night,-51,1,18897.600000000002,0.5485462859114832,0.77,0.3600000000000003,0.18,1110,Medium Value,,,,1413.6000000000001,0.5650000000000002,97.69243987528823
2024-07-18 11:16:58,Truck_4,51.4539,-20.8253,313,Delivered,23.6,65.2,Clear,49,137,6,,100.0,122,0,11,18,3,7,July,0,Very High,Medium-High,2.5655737704918034,Medium-Low,0.1099999999999999,1.0,0.78,0.63,Medium,29,Morning,191,0,12200.0,0.2596324734707963,0.10999999999999999,1.0,0.78,822,Medium Value,,,,4900.0,0.5549999999999999,57.08393096325958
2024-08-10 08:40:26,Truck_2,-39.88,55.1792,261,Delivered,27.1,67.3,Detour,35,496,2,Weather,71.3,264,0,8,10,5,8,August,1,High,Medium-Low,0.9886363636363636,Low,0.8200000000000001,0.2825,0.5,0.5341666666666667,Medium,32,Morning,-3,1,18823.2,0.5453368993184368,0.8200000000000001,0.2825,0.5,992,Medium Value,,,,2495.5,0.55125,66.60970388974722
2024-02-20 08:11:14,Truck_8,-17.2355,-130.6915,179,In Transit,28.5,51.0,Detour,12,354,3,Weather,92.8,225,0,8,20,1,2,February,0,Very High,Low,0.7955555555555556,Low,0.625,0.8199999999999998,0.0399999999999999,0.4949999999999999,Medium,8,Morning,-46,1,20880.0,0.6340609093262014,0.625,0.8199999999999998,0.03999999999999998,1062,Medium Value,,,,1113.6,0.7224999999999999,132.4831601972706
2024-12-18 02:23:25,Truck_6,-44.2576,-86.5073,442,In Transit,18.3,50.3,Clear,56,469,2,,96.3,192,0,2,18,2,12,December,0,Very High,High,2.3020833333333335,Low,0.4599999999999999,0.9075000000000002,0.9200000000000002,0.7625000000000002,High,51,Night,250,0,18489.6,0.5309464239496161,0.45999999999999996,0.9075000000000002,0.9200000000000002,938,Medium Value,,,,5392.8,0.6837500000000001,97.30997598344163
2024-08-20 16:18:37,Truck_5,19.9257,116.0526,291,Delivered,28.5,54.6,Heavy,14,316,7,,77.5,288,1,16,20,1,8,August,0,Very High,Medium-Low,1.0104166666666667,Medium-High,0.94,0.4375,0.08,0.4858333333333333,Medium,34,Evening,3,0,22320.0,0.6961780691916143,0.94,0.4375,0.08000000000000002,2212,High Value,,,,1085.0,0.68875,117.16530280713197
2024-11-06 07:40:41,Truck_5,-47.2094,15.6324,348,Delivered,28.2,68.3,Clear,22,415,4,Traffic,67.4,204,0,7,6,2,11,November,0,High,Medium-High,1.7058823529411764,Medium-Low,0.52,0.1850000000000002,0.24,0.3150000000000001,Low,45,Morning,144,0,13749.6,0.3264774393926323,0.52,0.18500000000000028,0.24,1660,High Value,,,,1482.8000000000002,0.35250000000000015,48.177395147848806
2024-12-14 15:09:01,Truck_6,-58.4249,-57.6609,454,In Transit,23.7,51.9,Clear,51,232,7,Weather,78.7,172,0,15,14,5,12,December,1,Very High,High,2.63953488372093,Medium-High,0.36,0.4675000000000002,0.8200000000000001,0.5491666666666668,Medium,50,Afternoon,282,0,13536.4,0.31728064877922524,0.36,0.46750000000000025,0.8200000000000001,1624,High Value,,,,4013.7000000000003,0.4137500000000001,81.72149208810437
2024-01-15 12:01:25,Truck_1,-20.0696,-73.2689,486,Delivered,29.1,78.4,Clear,21,158,7,,62.6,243,0,12,15,0,1,January,0,High,High,2.0,Medium-High,0.7150000000000001,0.0650000000000001,0.2199999999999999,0.3333333333333334,Medium,3,Afternoon,243,0,15211.800000000001,0.38955223880597023,0.7150000000000001,0.06500000000000017,0.21999999999999997,1106,Medium Value,,,,1314.6000000000001,0.3900000000000001,76.43125885081356
2024-05-18 10:00:52,Truck_10,-36.8549,164.7618,483,In Transit,29.2,65.0,Heavy,57,167,8,Mechanical Failure,96.8,245,1,10,18,5,5,May,1,Very High,High,1.9714285714285715,Medium-High,0.7250000000000001,0.92,0.9400000000000002,0.8616666666666667,High,20,Morning,238,0,23716.0,0.756397204727806,0.7250000000000001,0.9199999999999999,0.9400000000000002,1336,Medium Value,,,,5517.599999999999,0.8225,167.72359814754762
2024-11-17 02:02:28,Truck_4,-86.6609,-128.0354,472,Delivered,23.5,72.0,Clear,59,485,3,Weather,67.2,248,0,2,17,6,11,November,1,High,High,1.903225806451613,Low,0.74,0.1800000000000001,0.98,0.6333333333333334,Medium,46,Night,224,0,16665.600000000002,0.45226468812009335,0.74,0.18000000000000016,0.98,1455,High Value,,,,3964.8,0.4600000000000001,154.5455784827732
2024-08-22 20:11:57,Truck_5,-53.3732,-99.637,186,In Transit,18.9,70.5,Clear,38,344,1,Traffic,95.6,252,0,20,22,3,8,August,0,Very High,Low,0.7380952380952381,Low,0.76,0.8900000000000001,0.56,0.7366666666666667,High,34,Late_Evening,-66,1,24091.199999999997,0.7725821758260718,0.76,0.8900000000000001,0.56,344,Low Value,,,,3632.7999999999997,0.8250000000000001,113.13884321382965
2024-09-12 08:00:47,Truck_6,-58.7963,-150.4122,366,In Transit,22.8,66.7,Clear,39,219,7,Traffic,91.0,211,0,8,12,3,9,September,0,Very High,Medium-High,1.7345971563981042,Medium-High,0.5549999999999999,0.7749999999999999,0.5800000000000001,0.6366666666666666,Medium,37,Morning,155,0,19201.0,0.561634026399793,0.5549999999999999,0.7749999999999999,0.5800000000000001,1533,High Value,,,,3549.0,0.6649999999999999,161.78767942371252
2024-08-09 21:54:31,Truck_5,-46.1616,-46.6401,359,Delivered,23.0,71.7,Detour,50,486,10,Traffic,64.0,169,0,21,9,4,8,August,0,High,Medium-High,2.1242603550295858,High,0.345,0.1,0.8,0.415,Medium,32,Late_Evening,190,0,10816.0,0.19993098093348288,0.345,0.10000000000000009,0.8,4860,Very High Value,,,,3200.0,0.22250000000000003,65.27828684168286
2024-04-19 02:50:29,Truck_7,33.8716,36.8753,422,Delayed,26.5,75.0,Heavy,39,100,6,,67.2,127,1,2,19,4,4,April,0,High,High,3.322834645669291,Medium-Low,0.135,0.1800000000000001,0.5800000000000001,0.2983333333333334,Low,16,Night,295,0,8534.4,0.10150979208006211,0.135,0.18000000000000016,0.5800000000000001,600,Low Value,,,,2620.8,0.15750000000000008,50.398687540525756
2024-09-30 11:18:34,Truck_6,35.7136,-23.1356,209,In Transit,24.9,76.8,Clear,51,214,2,Mechanical Failure,86.5,156,0,11,30,0,9,September,0,Very High,Medium-Low,1.3397435897435896,Low,0.28,0.6625000000000001,0.8200000000000001,0.5875,Medium,40,Morning,53,0,13494.0,0.31545164351652144,0.28,0.6625000000000001,0.8200000000000001,428,Low Value,,,,4411.5,0.47125000000000006,44.14914017602116
2024-03-22 16:43:42,Truck_5,36.3858,-107.3894,324,Delayed,20.7,77.5,Heavy,39,387,1,,69.1,138,1,16,22,4,3,March,0,High,Medium-High,2.347826086956522,Low,0.19,0.2275,0.5800000000000001,0.3325000000000001,Medium,12,Evening,186,0,9535.8,0.14470710033646794,0.19000000000000006,0.22750000000000004,0.5800000000000001,387,Low Value,,,,2694.8999999999996,0.20875000000000005,114.61987894634613
2024-10-15 04:02:56,Truck_7,26.6125,25.4788,199,In Transit,27.4,57.1,Heavy,28,383,6,,61.9,105,1,4,15,1,10,October,0,High,Low,1.8952380952380952,Medium-Low,0.025,0.0475000000000001,0.36,0.1441666666666667,Low,42,Night,94,0,6499.5,0.013730480545250612,0.025000000000000022,0.0475000000000001,0.36000000000000004,2298,High Value,,,,1733.2,0.03625000000000006,37.27843658255971
2024-12-18 19:01:30,Truck_5,-84.8915,57.5714,213,Delayed,27.7,58.1,Clear,41,267,7,Mechanical Failure,60.9,254,1,19,18,2,12,December,0,High,Medium-Low,0.8385826771653543,Medium-High,0.77,0.0224999999999999,0.6200000000000001,0.4708333333333334,Medium,51,Evening,-41,1,15468.6,0.4006297989819688,0.77,0.022499999999999964,0.6200000000000001,1869,High Value,,,,2496.9,0.39625,100.97664391810041
2024-06-09 17:12:12,Truck_4,-49.6846,-63.2892,257,Delayed,23.1,59.1,Clear,56,451,3,Weather,93.8,248,1,17,9,6,6,June,1,Very High,Medium-Low,1.0362903225806452,Low,0.74,0.8450000000000002,0.9200000000000002,0.8350000000000001,High,23,Evening,9,0,23262.399999999998,0.736830299370201,0.74,0.8450000000000002,0.9200000000000002,1353,Medium Value,,,,5252.8,0.7925000000000001,80.29591405194543
2024-10-30 02:01:46,Truck_5,14.7474,-2.5245,475,In Transit,22.2,79.4,Detour,25,268,3,Weather,60.3,151,0,2,30,2,10,October,0,High,High,3.1456953642384105,Low,0.255,0.0075,0.3,0.1875,Low,44,Night,324,0,9105.3,0.1261366577517039,0.255,0.007500000000000062,0.3,804,Medium Value,,,,1507.5,0.13125000000000003,16.45452305191937
2024-06-23 03:05:18,Truck_7,-8.6011,-63.1274,377,In Transit,22.7,75.5,Clear,59,445,7,,99.1,272,0,3,23,6,6,June,1,Very High,Medium-High,1.3860294117647058,Medium-High,0.8600000000000001,0.9775,0.98,0.9391666666666666,High,25,Night,105,0,26955.199999999997,0.8961263048917263,0.8600000000000001,0.9775,0.98,3115,Very High Value,,,,5846.9,0.9187500000000001,64.3729983086664
2024-08-19 17:13:42,Truck_2,67.2149,117.9203,456,Delayed,26.4,51.4,Heavy,23,100,1,Weather,94.2,105,1,17,19,0,8,August,0,Very High,High,4.3428571428571425,Low,0.025,0.855,0.26,0.38,Medium,34,Evening,351,0,9891.0,0.16002933310326978,0.025000000000000022,0.855,0.26,100,Low Value,,,,2166.6,0.44,135.68720388539114
2024-04-30 12:39:49,Truck_1,-11.3392,-69.3395,106,Delayed,18.3,65.9,Heavy,53,244,2,Traffic,99.5,125,1,12,30,1,4,April,0,Very High,Low,0.848,Low,0.125,0.9875000000000004,0.8600000000000001,0.6575000000000001,Medium,18,Afternoon,-19,1,12437.5,0.26987749115693216,0.125,0.9875000000000003,0.8600000000000001,488,Low Value,,,,5273.5,0.5562500000000001,70.8825126530855
2024-12-15 03:53:36,Truck_10,26.3763,157.0905,234,Delayed,29.1,65.3,Clear,19,432,3,Weather,92.7,214,1,3,15,6,12,December,1,Very High,Medium-Low,1.0934579439252337,Low,0.5700000000000001,0.8175000000000003,0.18,0.5225000000000001,Medium,50,Night,20,0,19837.8,0.5891036148736088,0.5700000000000001,0.8175000000000003,0.18,1296,Medium Value,,,,1761.3,0.6937500000000002,158.69608834221913
2024-03-21 14:56:42,Truck_8,-13.469,75.3408,390,Delayed,19.5,79.2,Heavy,26,366,4,Mechanical Failure,69.4,217,1,14,21,3,3,March,0,High,Medium-High,1.7972350230414746,Medium-Low,0.585,0.2350000000000003,0.32,0.3800000000000001,Medium,12,Afternoon,173,0,15059.800000000001,0.38299542748684334,0.585,0.23500000000000032,0.32,1464,High Value,,,,1804.4,0.41000000000000014,75.48135244146415
2024-09-27 18:08:16,Truck_4,-11.2424,-4.5638,203,Delivered,20.4,78.3,Detour,21,187,5,,87.9,262,0,18,27,4,9,September,0,Very High,Medium-Low,0.7748091603053435,Medium-Low,0.81,0.6975000000000002,0.2199999999999999,0.5758333333333334,Medium,39,Evening,-59,1,23029.800000000003,0.7267966525752741,0.81,0.6975000000000002,0.21999999999999997,935,Medium Value,,,,1845.9,0.7537500000000001,11.261845691924835
2024-11-17 08:35:02,Truck_6,62.6559,18.8474,297,Delayed,23.1,59.4,Detour,29,268,10,Traffic,71.2,151,1,8,17,6,11,November,1,High,Medium-Low,1.966887417218543,High,0.255,0.2800000000000002,0.3799999999999999,0.3050000000000001,Low,46,Morning,146,0,10751.2,0.19713570873953934,0.255,0.28000000000000025,0.37999999999999995,2680,Very High Value,,,,2064.8,0.2675000000000001,66.50127859905047
2024-05-03 03:34:28,Truck_9,60.8032,-179.5906,238,In Transit,25.0,75.8,Heavy,26,330,9,Weather,99.2,165,1,3,3,4,5,May,0,Very High,Medium-Low,1.4424242424242424,High,0.325,0.9800000000000004,0.32,0.5416666666666669,Medium,18,Night,73,0,16368.0,0.43942714174790787,0.32500000000000007,0.9800000000000004,0.32,2970,Very High Value,,,,2579.2000000000003,0.6525000000000003,190.83608525238324
2024-03-05 00:54:47,Truck_4,-10.0451,79.8956,126,Delivered,28.2,54.5,Detour,35,320,4,Mechanical Failure,93.7,136,0,0,5,1,3,March,0,Very High,Low,0.9264705882352942,Medium-Low,0.18,0.8425000000000002,0.5,0.5075000000000002,Medium,10,Night,-10,1,12743.2,0.2830644465533604,0.18000000000000005,0.8425000000000002,0.5,1280,Medium Value,,,,3279.5,0.5112500000000002,79.53416784985788
2024-01-14 09:22:40,Truck_2,17.6483,114.2638,455,Delivered,22.9,79.6,Detour,51,410,9,Weather,84.9,233,0,9,14,6,1,January,1,Very High,High,1.9527896995708154,High,0.665,0.6225,0.8200000000000001,0.7025,High,2,Morning,222,0,19781.7,0.5866836338538522,0.665,0.6225,0.8200000000000001,3690,Very High Value,,,,4329.900000000001,0.64375,115.00846427257903
2024-02-17 21:06:05,Truck_4,-51.9233,-57.5858,220,Delayed,29.4,52.4,Clear,18,468,9,Mechanical Failure,63.1,137,1,21,17,5,2,February,1,High,Medium-Low,1.6058394160583942,High,0.185,0.0775000000000001,0.1599999999999999,0.1408333333333334,Low,7,Late_Evening,83,0,8644.7,0.1062677939780865,0.18500000000000005,0.07750000000000012,0.15999999999999998,4212,Very High Value,,,,1135.8,0.1312500000000001,77.26491581673824
2024-07-06 11:17:28,Truck_5,22.3898,3.8948,403,In Transit,22.5,62.5,Clear,38,225,3,Weather,81.4,169,0,11,6,5,7,July,1,Very High,High,2.3846153846153846,Low,0.345,0.5350000000000001,0.56,0.48,Medium,27,Morning,234,0,13756.6,0.32677939780864473,0.345,0.5350000000000001,0.56,675,Low Value,,,,3093.2000000000003,0.44000000000000006,23.945923250129365
2024-05-10 22:14:19,Truck_10,86.3368,29.4478,448,Delayed,23.4,59.9,Detour,41,120,10,Weather,70.8,150,1,22,10,4,5,May,0,High,High,2.986666666666667,High,0.25,0.27,0.6200000000000001,0.38,Medium,19,Late_Evening,298,0,10620.0,0.191476145285135,0.25,0.27,0.6200000000000001,1200,Medium Value,,,,2902.7999999999997,0.26,92.24597579408051
2024-12-23 18:56:11,Truck_5,-14.6662,-88.3674,168,In Transit,22.4,57.9,Heavy,43,377,4,Mechanical Failure,71.1,140,1,18,23,0,12,December,0,High,Low,1.2,Medium-Low,0.2,0.2774999999999998,0.6599999999999999,0.3791666666666666,Medium,52,Evening,28,0,9954.0,0.1627469588473816,0.20000000000000007,0.27749999999999986,0.6599999999999999,1508,High Value,,,,3057.2999999999997,0.23874999999999996,90.19138649390554
2024-02-06 08:28:02,Truck_7,-71.9057,-41.4314,409,Delivered,18.0,53.5,Heavy,47,153,9,,74.1,117,1,8,6,1,2,February,0,High,High,3.4957264957264957,High,0.0849999999999999,0.3525,0.74,0.3925,Medium,6,Morning,292,0,8669.699999999999,0.10734621689241652,0.08499999999999996,0.35250000000000004,0.74,1377,Medium Value,,,,3482.7,0.21875,82.23931235027956
2024-09-16 10:08:52,Truck_2,54.8888,7.4287,469,In Transit,20.7,70.4,Clear,31,335,7,Traffic,86.1,298,0,10,16,0,9,September,0,Very High,High,1.5738255033557047,Medium-High,0.99,0.6524999999999999,0.42,0.6875,High,38,Morning,171,0,25657.8,0.8401604693296523,0.99,0.6524999999999999,0.42,2345,High Value,,,,2669.1,0.8212499999999999,56.633804242258584
2024-01-26 12:56:30,Truck_5,-89.7915,85.8036,305,In Transit,20.5,71.2,Detour,44,302,10,Weather,71.9,141,0,12,26,4,1,January,0,High,Medium-High,2.1631205673758864,High,0.2049999999999999,0.2975000000000003,0.6799999999999999,0.3941666666666667,Medium,4,Afternoon,164,0,10137.900000000001,0.17067983780519375,0.20499999999999996,0.2975000000000003,0.6799999999999999,3020,Very High Value,,,,3163.6000000000004,0.25125000000000014,122.63534816917057
2024-11-29 06:34:32,Truck_5,39.9088,71.9595,219,Delayed,26.6,79.8,Heavy,46,245,1,,70.5,202,1,6,29,4,11,November,0,High,Medium-Low,1.0841584158415842,Low,0.51,0.2625000000000002,0.72,0.4975,Medium,48,Morning,17,0,14241.0,0.34767492019670443,0.51,0.2625000000000002,0.72,245,Low Value,,,,3243.0,0.3862500000000001,82.2284898736577
2024-06-02 19:16:49,Truck_8,30.7119,111.5767,167,Delayed,23.8,71.6,Clear,55,416,8,Traffic,60.7,263,1,19,2,6,6,June,1,High,Low,0.6349809885931559,Medium-High,0.815,0.0175,0.9000000000000001,0.5775,Medium,22,Evening,-96,1,15964.1,0.4220041411439911,0.815,0.01750000000000007,0.9000000000000001,3328,Very High Value,,,,3338.5,0.41625,115.29042906973756
2024-02-08 10:07:24,Truck_4,5.7076,-79.9256,100,Delayed,24.1,50.9,Detour,39,340,4,,96.9,274,1,10,8,3,2,February,0,Very High,Low,0.36496350364963503,Medium-Low,0.8700000000000001,0.9225000000000004,0.5800000000000001,0.7908333333333335,High,6,Morning,-174,1,26550.600000000002,0.8786731084462085,0.8700000000000001,0.9225000000000003,0.5800000000000001,1360,Medium Value,,,,3779.1000000000004,0.8962500000000002,81.07131265763967
2024-08-17 07:05:15,Truck_9,69.0509,91.848,321,In Transit,25.4,53.8,Clear,24,340,5,Traffic,84.6,223,0,7,17,5,8,August,1,Very High,Medium-High,1.4394618834080717,Medium-Low,0.615,0.6149999999999998,0.2799999999999999,0.5033333333333333,Medium,33,Morning,98,0,18865.8,0.5471745319644552,0.615,0.6149999999999998,0.27999999999999997,1700,High Value,,,,2030.3999999999999,0.6149999999999999,115.06824539830198
2024-01-27 04:09:11,Truck_7,52.7828,176.0671,244,Delivered,23.6,64.9,Clear,24,145,4,Mechanical Failure,67.6,285,0,4,27,5,1,January,1,High,Medium-Low,0.856140350877193,Medium-Low,0.925,0.1899999999999999,0.2799999999999999,0.465,Medium,4,Night,-41,1,19266.0,0.5644379259770512,0.925,0.18999999999999995,0.27999999999999997,580,Low Value,,,,1622.3999999999999,0.5575,183.4039902172353
2024-12-13 00:55:11,Truck_9,42.967,146.1358,281,Delivered,18.4,74.6,Detour,41,419,6,,69.1,242,0,0,13,4,12,December,0,High,Medium-Low,1.1611570247933884,Medium-Low,0.71,0.2275,0.6200000000000001,0.5191666666666667,Medium,50,Night,39,0,16722.199999999997,0.45470623759813644,0.71,0.22750000000000004,0.6200000000000001,2514,Very High Value,,,,2833.1,0.46875,151.90990161799434
2024-10-26 21:55:21,Truck_7,-11.9943,-126.8743,301,Delivered,18.3,60.0,Detour,42,243,3,Mechanical Failure,99.0,273,0,21,26,5,10,October,1,Very High,Medium-High,1.1025641025641026,Low,0.865,0.975,0.6399999999999999,0.8266666666666667,High,43,Late_Evening,28,0,27027.0,0.8992235355016824,0.865,0.9750000000000001,0.6399999999999999,729,Medium Value,,,,4158.0,0.92,128.15332615614685
2024-03-19 05:42:50,Truck_8,60.5903,-90.0415,437,In Transit,25.5,73.2,Clear,59,310,2,,83.9,228,0,5,19,1,3,March,0,Very High,High,1.9166666666666667,Low,0.6400000000000001,0.5975000000000001,0.98,0.7391666666666667,High,12,Night,209,0,19129.2,0.5585367957898371,0.6400000000000001,0.5975000000000001,0.98,620,Low Value,,,,4950.1,0.6187500000000001,109.98527989446508
2024-10-23 14:15:25,Truck_7,-23.2982,143.8634,253,In Transit,22.8,78.7,Clear,49,180,3,Weather,74.0,296,0,14,23,2,10,October,0,High,Medium-Low,0.8547297297297297,Low,0.98,0.3500000000000001,0.78,0.7033333333333335,High,43,Afternoon,-43,1,21904.0,0.6782331118971616,0.98,0.3500000000000001,0.78,540,Low Value,,,,3626.0,0.665,144.69905896471616
2024-01-18 08:34:25,Truck_2,-34.2189,-36.6288,491,Delivered,25.5,50.3,Heavy,18,111,1,Weather,97.1,100,1,8,18,3,1,January,0,Very High,High,4.91,Low,0.0,0.9275000000000002,0.1599999999999999,0.3625,Medium,3,Morning,391,0,9710.0,0.15222155120352,0.0,0.9275000000000002,0.15999999999999998,111,Low Value,,,,1747.8,0.4637500000000001,49.83363379834874
2024-11-15 11:42:39,Truck_3,19.545,73.0968,172,Delayed,22.8,60.4,Detour,38,187,9,Weather,83.3,106,1,11,15,4,11,November,0,Very High,Low,1.6226415094339623,High,0.03,0.5825,0.56,0.3908333333333333,Medium,46,Morning,66,0,8829.8,0.11425243723578637,0.030000000000000027,0.5825,0.56,1683,High Value,,,,3165.4,0.30625,75.22296541381846
2024-07-01 16:37:53,Truck_7,33.3351,-103.926,252,Delayed,24.4,72.3,Detour,54,156,6,Mechanical Failure,86.8,225,1,16,1,0,7,July,0,Very High,Medium-Low,1.12,Medium-Low,0.625,0.6699999999999999,0.8800000000000001,0.725,High,27,Evening,27,0,19530.0,0.5758260719523769,0.625,0.6699999999999999,0.8800000000000001,936,Medium Value,,,,4687.2,0.6475,110.35874593513142
2024-06-11 08:04:09,Truck_4,-63.2064,30.0818,118,Delayed,21.8,52.1,Clear,19,421,8,Mechanical Failure,99.1,284,1,8,11,1,6,June,0,Very High,Low,0.4154929577464789,Medium-High,0.92,0.9775,0.18,0.6925,High,24,Morning,-166,1,28144.399999999998,0.9474247260805797,0.9199999999999999,0.9775,0.18,3368,Very High Value,,,,1882.8999999999999,0.94875,68.41214224036729
2024-07-03 15:08:44,Truck_4,83.2858,-66.1069,179,Delayed,25.0,71.1,Detour,60,325,1,Weather,66.8,226,1,15,3,2,7,July,0,High,Low,0.7920353982300885,Low,0.6300000000000001,0.1699999999999999,1.0,0.6,Medium,27,Afternoon,-47,1,15096.8,0.3845914934000517,0.6300000000000001,0.16999999999999993,1.0,325,Low Value,,,,4008.0,0.4,107.91857777221003
2024-02-05 00:41:30,Truck_6,-23.2424,18.6206,119,Delivered,25.9,77.7,Clear,38,189,7,Weather,79.3,149,0,0,5,0,2,February,0,Very High,Low,0.7986577181208053,Medium-High,0.245,0.4824999999999999,0.56,0.4291666666666667,Medium,6,Night,-30,1,11815.699999999999,0.24305495643171426,0.245,0.48249999999999993,0.56,1323,Medium Value,,,,3013.4,0.36374999999999996,28.197341485934555
2024-03-12 03:54:06,Truck_5,-89.0793,130.3362,221,Delayed,22.8,76.1,Detour,35,233,4,,61.5,281,1,3,12,1,3,March,0,High,Medium-Low,0.7864768683274022,Medium-Low,0.905,0.0375,0.5,0.4808333333333334,Medium,11,Night,-60,1,17281.5,0.4788327150375291,0.905,0.03750000000000009,0.5,932,Medium Value,,,,2152.5,0.47125000000000006,156.4119224436067
2024-11-17 06:38:26,Truck_7,-11.2908,-105.2515,261,Delayed,24.5,74.2,Detour,36,201,10,Mechanical Failure,67.0,226,1,6,17,6,11,November,1,High,Medium-Low,1.154867256637168,High,0.6300000000000001,0.175,0.52,0.4416666666666667,Medium,46,Morning,35,0,15142.0,0.3865412820291606,0.6300000000000001,0.17500000000000004,0.52,2010,High Value,,,,2412.0,0.4025000000000001,106.55233060413134
2024-07-30 10:23:03,Truck_5,0.3773,-13.6838,226,Delivered,25.4,73.7,Detour,46,138,8,Traffic,75.5,298,0,10,30,1,7,July,0,Very High,Medium-Low,0.7583892617449665,Medium-High,0.99,0.3875000000000002,0.72,0.6991666666666667,High,31,Morning,-72,1,22499.0,0.7038995772582176,0.99,0.3875000000000002,0.72,1104,Medium Value,,,,3473.0,0.6887500000000001,14.624417452437752
2024-12-07 16:11:00,Truck_10,-7.77,163.5958,226,In Transit,21.1,56.1,Heavy,50,160,5,,77.3,174,1,16,7,5,12,December,1,Very High,Medium-Low,1.2988505747126438,Medium-Low,0.37,0.4325000000000001,0.8,0.5341666666666667,Medium,49,Evening,52,0,13450.199999999999,0.31356224657061516,0.37,0.4325000000000001,0.8,800,Medium Value,,,,3865.0,0.40125000000000005,162.8849224836612
2024-03-15 17:54:08,Truck_7,-80.1222,-56.1497,415,In Transit,25.3,54.4,Heavy,53,345,2,Mechanical Failure,87.4,181,1,17,15,4,3,March,0,Very High,High,2.292817679558011,Low,0.405,0.685,0.8600000000000001,0.65,Medium,11,Evening,234,0,15819.400000000001,0.4157622293158486,0.405,0.685,0.8600000000000001,690,Low Value,,,,4632.200000000001,0.545,97.21604349221782
2024-10-15 06:49:32,Truck_3,-84.8041,57.168,422,Delivered,29.7,68.3,Heavy,45,246,1,Weather,85.6,136,1,6,15,1,10,October,0,Very High,High,3.1029411764705883,Low,0.18,0.6400000000000001,0.7,0.5066666666666667,Medium,42,Morning,286,0,11641.599999999999,0.23554481925631954,0.18000000000000005,0.6400000000000001,0.7,246,Low Value,,,,3851.9999999999995,0.4100000000000001,100.6780930629988
2024-08-27 06:52:35,Truck_8,-13.1475,-1.0702,413,Delayed,23.4,67.1,Heavy,32,325,3,Mechanical Failure,93.3,109,1,6,27,1,8,August,0,Very High,High,3.7889908256880735,Low,0.045,0.8325,0.44,0.4391666666666667,Medium,35,Morning,304,0,10169.699999999999,0.1720515917522215,0.04500000000000004,0.8325,0.44,975,Medium Value,,,,2985.6,0.43875000000000003,11.940710681535082
2024-08-02 02:01:25,Truck_1,-87.5547,113.4629,269,In Transit,25.2,57.7,Detour,20,247,2,Weather,60.9,177,0,2,2,4,8,August,0,High,Medium-Low,1.5197740112994351,Low,0.385,0.0224999999999999,0.2,0.2024999999999999,Low,31,Night,92,0,10779.3,0.1983478560952463,0.385,0.022499999999999964,0.2,494,Low Value,,,,1218.0,0.20375,141.82416113215515
2024-11-27 18:48:54,Truck_4,72.9066,36.1965,489,Delivered,25.7,50.1,Heavy,51,204,1,Weather,65.1,184,1,18,27,2,11,November,0,High,High,2.657608695652174,Low,0.42,0.1274999999999999,0.8200000000000001,0.4558333333333333,Medium,48,Evening,305,0,11978.4,0.25007333275817445,0.42000000000000004,0.12749999999999995,0.8200000000000001,204,Low Value,,,,3320.1,0.27375,82.25468018195795
2024-12-03 05:26:24,Truck_6,16.1951,-119.4492,426,In Transit,28.8,56.2,Clear,30,145,3,Traffic,81.2,220,0,5,3,1,12,December,0,Very High,High,1.9363636363636363,Low,0.6000000000000001,0.5300000000000002,0.3999999999999999,0.5100000000000001,Medium,49,Night,206,0,17864.0,0.5039599689414201,0.6000000000000001,0.5300000000000002,0.39999999999999997,435,Low Value,,,,2436.0,0.5650000000000002,121.5605464846874
2024-02-05 03:19:43,Truck_5,28.3461,-1.5547,457,Delivered,27.9,78.6,Heavy,18,461,6,Weather,69.1,137,1,3,5,0,2,February,0,High,High,3.335766423357664,Medium-Low,0.185,0.2275,0.1599999999999999,0.1908333333333333,Low,6,Night,320,0,9466.699999999999,0.14172633940125956,0.18500000000000005,0.22750000000000004,0.15999999999999998,2766,Very High Value,,,,1243.8,0.20625000000000004,29.802321077207157
2024-12-19 22:58:09,Truck_1,-35.5663,47.4028,270,Delivered,21.7,53.6,Clear,15,499,8,Mechanical Failure,94.9,111,0,22,19,3,12,December,0,Very High,Medium-Low,2.4324324324324325,Medium-High,0.055,0.8725,0.0999999999999999,0.3425,Medium,51,Late_Evening,159,0,10533.900000000001,0.1877620567681823,0.05500000000000005,0.8725,0.09999999999999998,3992,Very High Value,,,,1423.5,0.46375000000000005,57.77918137356193
2024-11-23 08:44:11,Truck_7,-33.246,106.3248,267,In Transit,29.8,79.8,Heavy,55,282,5,,90.5,173,1,8,23,5,11,November,1,Very High,Medium-Low,1.5433526011560694,Medium-Low,0.365,0.7625000000000002,0.9000000000000001,0.6758333333333334,High,47,Morning,94,0,15656.5,0.40873522560607367,0.365,0.7625000000000002,0.9000000000000001,1410,High Value,,,,4977.5,0.5637500000000001,110.20152777006736
2024-04-30 14:49:18,Truck_5,10.2059,98.618,381,Delivered,24.4,50.1,Heavy,54,243,6,,61.5,278,1,14,30,1,4,April,0,High,Medium-High,1.370503597122302,Medium-Low,0.8900000000000001,0.0375,0.8800000000000001,0.6025000000000001,Medium,18,Afternoon,103,0,17097.0,0.47087395392977316,0.8900000000000001,0.03750000000000009,0.8800000000000001,1458,High Value,,,,3321.0,0.4637500000000001,98.46261515338624
2024-06-07 06:45:59,Truck_3,-6.2311,173.6264,402,Delivered,27.0,74.2,Heavy,17,155,10,Traffic,73.4,281,1,6,7,4,6,June,0,High,High,1.4306049822064058,High,0.905,0.3350000000000002,0.14,0.4600000000000001,Medium,23,Morning,121,0,20625.4,0.6230782503666639,0.905,0.3350000000000002,0.14,1550,High Value,,,,1247.8000000000002,0.6200000000000001,172.85799537958874
2024-11-24 04:49:31,Truck_4,-78.1094,-52.5435,331,Delivered,20.4,66.1,Heavy,25,261,6,Mechanical Failure,77.7,264,1,4,24,6,11,November,1,Very High,Medium-High,1.253787878787879,Medium-Low,0.8200000000000001,0.4425000000000001,0.3,0.5208333333333334,Medium,47,Night,67,0,20512.8,0.6182210335605212,0.8200000000000001,0.4425000000000001,0.3,1566,High Value,,,,1942.5,0.6312500000000001,93.4876418958409
2024-07-29 00:56:10,Truck_5,-70.3645,-128.8622,167,Delivered,25.6,62.5,Detour,40,246,9,Traffic,63.8,126,0,0,29,0,7,July,0,High,Low,1.3253968253968254,High,0.13,0.0949999999999999,0.6000000000000001,0.275,Low,31,Night,41,0,8038.799999999999,0.08013113622638252,0.13,0.09499999999999997,0.6000000000000001,2214,High Value,,,,2552.0,0.11249999999999999,146.9132512942564
2024-06-01 20:00:16,Truck_4,18.1183,116.4939,187,Delayed,23.3,71.7,Heavy,10,209,10,Traffic,97.2,151,1,20,1,5,6,June,1,Very High,Low,1.2384105960264902,High,0.255,0.9300000000000002,0.0,0.395,Medium,22,Late_Evening,36,0,14677.2,0.36649124320593574,0.255,0.9300000000000002,0.0,2090,High Value,,,,972.0,0.5925,117.28561286299059
2024-07-18 12:19:20,Truck_10,20.2969,124.1885,298,In Transit,18.6,74.4,Detour,41,248,1,,86.3,283,0,12,18,3,7,July,0,Very High,Medium-Low,1.0530035335689045,Low,0.915,0.6575000000000002,0.6200000000000001,0.7308333333333334,High,29,Afternoon,15,0,24422.899999999998,0.7868906910534035,0.915,0.6575000000000002,0.6200000000000001,248,Low Value,,,,3538.2999999999997,0.7862500000000001,125.23819631786522
2024-12-16 11:48:34,Truck_6,-27.7387,19.6189,331,Delayed,21.4,62.9,Detour,46,235,8,Mechanical Failure,62.6,298,1,11,16,0,12,December,0,High,Medium-High,1.110738255033557,Medium-High,0.99,0.0650000000000001,0.72,0.5916666666666667,Medium,51,Morning,33,0,18654.8,0.5380726425675093,0.99,0.06500000000000017,0.72,1880,High Value,,,,2879.6,0.5275000000000001,32.38192179451223
2024-04-15 22:37:19,Truck_2,-31.1328,175.8453,180,Delivered,27.2,52.9,Clear,29,390,8,Mechanical Failure,68.4,110,0,22,15,0,4,April,0,High,Low,1.6363636363636365,Medium-High,0.05,0.2100000000000002,0.3799999999999999,0.2133333333333333,Low,16,Late_Evening,70,0,7524.000000000001,0.05792425157449749,0.050000000000000044,0.2100000000000002,0.37999999999999995,3120,Very High Value,,,,1983.6000000000001,0.13000000000000012,177.52268040734023
2024-04-05 10:29:17,Truck_10,24.8353,-83.7173,282,In Transit,19.4,71.9,Clear,43,464,10,Traffic,90.0,107,0,10,5,4,4,April,0,Very High,Medium-Low,2.635514018691589,High,0.035,0.75,0.6599999999999999,0.4816666666666666,Medium,14,Morning,175,0,9630.0,0.14877059787766372,0.03500000000000003,0.75,0.6599999999999999,4640,Very High Value,,,,3870.0,0.3925,88.51913076488644
2024-12-20 12:26:19,Truck_4,-32.724,82.9577,363,Delayed,27.0,70.9,Detour,52,482,6,Weather,62.9,248,1,12,20,4,12,December,0,High,Medium-High,1.4637096774193548,Medium-Low,0.74,0.0725,0.8400000000000001,0.5508333333333334,Medium,51,Afternoon,115,0,15599.199999999999,0.4062634802864291,0.74,0.07250000000000001,0.8400000000000001,2892,Very High Value,,,,3270.7999999999997,0.40625,87.90617739660681
2024-07-02 03:07:27,Truck_3,72.122,89.9728,212,Delivered,25.9,68.0,Heavy,32,312,6,Mechanical Failure,87.6,296,1,3,2,1,7,July,0,Very High,Medium-Low,0.7162162162162162,Medium-Low,0.98,0.69,0.44,0.7033333333333333,High,27,Night,-84,1,25929.6,0.851885083254249,0.98,0.69,0.44,1872,High Value,,,,2803.2,0.835,115.5196955373244
2024-01-28 04:43:23,Truck_1,-7.636,51.0615,317,In Transit,23.9,69.5,Clear,59,447,1,Weather,97.1,294,0,4,28,6,1,January,1,Very High,Medium-High,1.0782312925170068,Low,0.97,0.9275000000000002,0.98,0.9591666666666668,High,4,Night,23,0,28547.399999999998,0.9648089034595806,0.97,0.9275000000000002,0.98,447,Low Value,,,,5728.9,0.9487500000000001,50.615042250201334
2024-01-14 20:39:14,Truck_2,-24.0118,111.4726,240,Delivered,18.8,63.9,Detour,23,462,1,,61.2,276,0,20,14,6,1,January,1,High,Medium-Low,0.8695652173913043,Low,0.8800000000000001,0.0300000000000002,0.26,0.3900000000000001,Medium,2,Late_Evening,-36,1,16891.2,0.46199637649900793,0.8800000000000001,0.03000000000000025,0.26,462,Low Value,,,,1407.6000000000001,0.4550000000000002,112.93062036195465
2024-08-06 11:35:04,Truck_10,77.0042,-12.2919,427,Delayed,20.3,57.3,Heavy,18,341,3,Weather,85.7,189,1,11,6,1,8,August,0,Very High,High,2.259259259259259,Low,0.445,0.6425000000000001,0.1599999999999999,0.4158333333333333,Medium,32,Morning,238,0,16197.300000000001,0.43206367008886215,0.44500000000000006,0.6425000000000001,0.15999999999999998,1023,Medium Value,,,,1542.6000000000001,0.5437500000000001,79.4564764755978
2024-12-08 01:10:23,Truck_10,-38.6867,-19.9939,144,Delayed,18.2,53.1,Clear,16,106,5,Weather,69.4,214,1,1,8,6,12,December,1,High,Low,0.6728971962616822,Medium-Low,0.5700000000000001,0.2350000000000003,0.12,0.3083333333333334,Low,49,Night,-70,1,14851.6,0.3740143214563023,0.5700000000000001,0.23500000000000032,0.12,530,Low Value,,,,1110.4,0.4025000000000002,42.745807420940665
2024-02-27 01:51:59,Truck_8,41.375,77.2949,280,In Transit,25.5,74.2,Clear,46,447,2,Traffic,65.3,236,0,1,27,1,2,February,0,High,Medium-Low,1.1864406779661016,Low,0.6799999999999999,0.1325,0.72,0.5108333333333334,Medium,9,Night,44,0,15410.8,0.39813648520403766,0.6799999999999999,0.13250000000000006,0.72,894,Medium Value,,,,3003.7999999999997,0.40625,87.59047399323939
2024-02-14 21:28:31,Truck_2,-68.4651,179.4433,182,Delayed,20.3,59.8,Detour,30,288,7,,83.3,107,1,21,14,2,2,February,0,Very High,Low,1.7009345794392523,Medium-High,0.035,0.5825,0.3999999999999999,0.3391666666666666,Medium,7,Late_Evening,75,0,8913.1,0.11784574238633427,0.03500000000000003,0.5825,0.39999999999999997,2016,High Value,,,,2499.0,0.30875,190.79642279180786
2024-03-21 11:48:25,Truck_3,-13.0063,0.5345,439,Delayed,21.5,72.8,Heavy,30,101,10,Mechanical Failure,90.4,114,1,11,21,3,3,March,0,Very High,High,3.8508771929824563,High,0.07,0.7600000000000002,0.3999999999999999,0.4100000000000001,Medium,12,Morning,325,0,10305.6,0.1779138987145199,0.07000000000000006,0.7600000000000002,0.39999999999999997,1010,Medium Value,,,,2712.0,0.41500000000000015,11.650136593220955
2024-10-16 22:56:13,Truck_2,41.3066,161.1462,174,Delayed,27.2,77.9,Heavy,39,173,5,Mechanical Failure,91.1,262,1,22,16,2,10,October,0,Very High,Low,0.6641221374045801,Medium-Low,0.81,0.7774999999999999,0.5800000000000001,0.7225,High,42,Late_Evening,-88,1,23868.199999999997,0.7629626434302474,0.81,0.7774999999999999,0.5800000000000001,865,Medium Value,,,,3552.8999999999996,0.79375,165.8899351492595
2024-02-21 23:20:41,Truck_6,-23.1011,-54.5176,186,Delayed,24.0,67.3,Detour,44,352,9,,85.7,262,1,23,21,2,2,February,0,Very High,Low,0.7099236641221374,High,0.81,0.6425000000000001,0.6799999999999999,0.7108333333333334,High,8,Late_Evening,-76,1,22453.4,0.7019325338624797,0.81,0.6425000000000001,0.6799999999999999,3168,Very High Value,,,,3770.8,0.7262500000000001,59.47107328448954
2024-09-24 22:17:10,Truck_10,-17.6088,-41.4304,109,Delivered,26.9,75.3,Detour,26,314,7,,93.3,176,0,22,24,1,9,September,0,Very High,Low,0.6193181818181818,Medium-High,0.38,0.8325,0.32,0.5108333333333334,Medium,39,Late_Evening,-67,1,16420.8,0.441704770942973,0.38,0.8325,0.32,2198,High Value,,,,2425.7999999999997,0.60625,45.28308435481097
2024-03-30 10:22:10,Truck_4,-72.4492,131.8524,483,In Transit,21.9,71.9,Detour,59,226,10,Mechanical Failure,69.2,152,0,10,30,5,3,March,1,High,High,3.1776315789473686,High,0.26,0.2300000000000002,0.98,0.49,Medium,13,Morning,331,0,10518.4,0.18709343456129757,0.26,0.2300000000000002,0.98,2260,High Value,,,,4082.8,0.2450000000000001,149.05932850642054
2024-12-15 07:37:03,Truck_2,27.3601,-105.0457,100,Delayed,27.5,68.6,Clear,49,464,3,,61.7,149,1,7,15,6,12,December,1,High,Low,0.6711409395973155,Low,0.245,0.0425000000000002,0.78,0.3558333333333334,Medium,50,Morning,-49,1,9193.300000000001,0.12993270641014587,0.245,0.042500000000000204,0.78,1392,High Value,,,,3023.3,0.1437500000000001,109.70873245827583
2024-03-26 22:29:16,Truck_1,-86.5291,-36.5789,128,Delivered,28.9,63.7,Clear,56,140,1,Weather,72.8,127,0,22,26,1,3,March,0,High,Low,1.0078740157480315,Low,0.135,0.32,0.9200000000000002,0.4583333333333334,Medium,13,Late_Evening,1,0,9245.6,0.13218876714692435,0.135,0.32000000000000006,0.9200000000000002,140,Low Value,,,,4076.7999999999997,0.22750000000000004,93.0253355467674
2024-05-09 18:49:33,Truck_10,10.2078,36.857,100,In Transit,21.9,72.1,Detour,22,413,1,Weather,67.5,145,0,18,9,3,5,May,0,High,Low,0.6896551724137931,Low,0.2249999999999999,0.1875,0.24,0.2175,Low,19,Evening,-45,1,9787.5,0.15556466223794324,0.22499999999999998,0.1875,0.24,413,Low Value,,,,1485.0,0.20625,37.8319047425784
2024-11-19 09:57:01,Truck_6,-42.6759,-7.9818,468,Delayed,28.6,65.1,Heavy,45,419,8,,76.1,119,1,9,19,1,11,November,0,Very High,High,3.9327731092436973,Medium-High,0.0949999999999999,0.4024999999999998,0.7,0.3991666666666666,Medium,47,Morning,349,0,9055.9,0.12400569407298767,0.09499999999999997,0.40249999999999986,0.7,3352,Very High Value,,,,3424.4999999999995,0.24874999999999992,42.246515087459294
2024-11-26 17:09:09,Truck_8,36.2494,143.1951,243,In Transit,27.7,74.8,Detour,28,311,9,,97.5,272,0,17,26,1,11,November,0,Very High,Medium-Low,0.8933823529411765,High,0.8600000000000001,0.9375,0.36,0.7191666666666667,High,48,Evening,-29,1,26520.0,0.8773531187990684,0.8600000000000001,0.9375,0.36000000000000004,2799,Very High Value,,,,2730.0,0.89875,147.2422787334523
2024-04-20 09:54:18,Truck_2,28.9964,151.6114,134,Delayed,29.2,55.5,Detour,34,189,1,Weather,87.8,270,1,9,20,5,4,April,1,Very High,Low,0.4962962962962963,Low,0.8500000000000001,0.6949999999999998,0.48,0.6749999999999999,High,16,Morning,-136,1,23706.0,0.7559658355620742,0.8500000000000001,0.6949999999999998,0.48000000000000004,189,Low Value,,,,2985.2,0.7725,153.7999401579855
2024-06-05 19:19:16,Truck_3,-22.1005,-38.8449,484,Delivered,29.1,54.7,Detour,48,320,7,Weather,84.6,118,0,19,5,2,6,June,0,Very High,High,4.101694915254237,Medium-High,0.0899999999999999,0.6149999999999998,0.76,0.4883333333333333,Medium,23,Evening,366,0,9982.8,0.1639893020446898,0.08999999999999997,0.6149999999999998,0.76,2240,High Value,,,,4060.7999999999997,0.35249999999999987,44.77523386449462
2024-07-08 04:26:39,Truck_6,47.2803,32.1356,300,Delivered,22.4,54.3,Heavy,23,323,5,Weather,65.5,230,1,4,8,0,7,July,0,High,Medium-High,1.3043478260869565,Medium-Low,0.6500000000000001,0.1375000000000001,0.26,0.3491666666666668,Medium,28,Night,70,0,15065.0,0.3832197394530239,0.6500000000000001,0.13750000000000018,0.26,1615,High Value,,,,1506.5,0.39375000000000016,57.84018579881505
2024-04-01 03:56:41,Truck_10,-25.4692,-70.7603,396,Delivered,21.9,67.4,Detour,24,238,3,Weather,60.4,117,0,3,1,0,4,April,0,High,Medium-High,3.3846153846153846,Low,0.0849999999999999,0.01,0.2799999999999999,0.1249999999999999,Low,14,Night,279,0,7066.8,0.03820205331722892,0.08499999999999996,0.010000000000000009,0.27999999999999997,714,Medium Value,,,,1449.6,0.04749999999999999,75.54753092678189
2024-02-11 04:52:58,Truck_4,20.1451,158.7402,135,Delivered,26.8,79.1,Detour,57,173,7,Mechanical Failure,81.3,115,0,4,11,6,2,February,1,Very High,Low,1.173913043478261,Medium-High,0.075,0.5325000000000002,0.9400000000000002,0.5158333333333335,Medium,6,Night,20,0,9349.5,0.13667069277888017,0.07500000000000007,0.5325000000000002,0.9400000000000002,1211,Medium Value,,,,4634.099999999999,0.30375000000000013,159.36084348444106
2024-08-23 00:05:52,Truck_8,-29.2726,149.6329,236,Delivered,21.9,51.9,Detour,21,233,6,Mechanical Failure,72.0,115,0,0,23,4,8,August,0,High,Medium-Low,2.0521739130434784,Medium-Low,0.075,0.3,0.2199999999999999,0.1983333333333333,Low,34,Night,121,0,8280.0,0.09053576050383921,0.07500000000000007,0.30000000000000004,0.21999999999999997,1398,High Value,,,,1512.0,0.18750000000000006,151.39125923886235
2024-11-04 00:29:20,Truck_1,-82.3942,179.9237,294,Delivered,27.6,79.7,Heavy,24,181,5,Weather,88.2,191,1,0,4,0,11,November,0,Very High,Medium-Low,1.5392670157068062,Medium-Low,0.455,0.7050000000000001,0.2799999999999999,0.48,Medium,45,Night,103,0,16846.2,0.4600552152532138,0.45500000000000007,0.7050000000000001,0.27999999999999997,905,Medium Value,,,,2116.8,0.5800000000000001,196.56692286426997
2024-05-04 19:24:30,Truck_4,37.3932,53.447,209,Delayed,29.4,57.8,Detour,34,319,4,Mechanical Failure,85.0,208,1,19,4,5,5,May,1,Very High,Medium-Low,1.0048076923076923,Medium-Low,0.54,0.625,0.48,0.5483333333333333,Medium,18,Evening,1,0,17680.0,0.4960227762919507,0.54,0.625,0.48000000000000004,1276,Medium Value,,,,2890.0,0.5825,65.34236483389323
2024-11-13 04:19:12,Truck_4,-3.4094,-85.8774,378,Delayed,28.2,70.2,Clear,60,490,9,Traffic,66.8,166,1,4,13,2,11,November,0,High,Medium-High,2.2771084337349397,High,0.33,0.1699999999999999,1.0,0.5,Medium,46,Night,212,0,11088.8,0.21169873177465276,0.33000000000000007,0.16999999999999993,1.0,4410,Very High Value,,,,4008.0,0.25,86.73866098142399
2024-02-13 19:17:18,Truck_1,-60.2782,-7.5464,355,Delayed,22.5,74.0,Clear,20,321,3,Weather,90.6,252,1,19,13,1,2,February,0,Very High,Medium-High,1.4087301587301588,Low,0.76,0.7650000000000001,0.2,0.5750000000000001,Medium,7,Evening,103,0,22831.199999999997,0.7182296609438357,0.76,0.7650000000000001,0.2,963,Medium Value,,,,1812.0,0.7625000000000001,59.51155849964648
2024-06-28 07:17:35,Truck_9,-1.8123,-156.207,474,Delayed,29.2,66.1,Heavy,26,318,5,Weather,96.2,110,1,7,28,4,6,June,0,Very High,High,4.3090909090909095,Medium-Low,0.05,0.9050000000000002,0.32,0.4250000000000001,Medium,26,Morning,364,0,10582.0,0.18983694245535332,0.050000000000000044,0.9050000000000002,0.32,1590,High Value,,,,2501.2000000000003,0.47750000000000015,157.04469996290294
2024-12-15 22:06:59,Truck_6,45.553,20.9015,218,Delivered,19.5,67.9,Detour,27,257,10,Mechanical Failure,62.2,150,0,22,15,6,12,December,1,High,Medium-Low,1.4533333333333334,High,0.25,0.0550000000000001,0.34,0.215,Low,50,Late_Evening,68,0,9330.0,0.13582952290570272,0.25,0.05500000000000016,0.34,2570,Very High Value,,,,1679.4,0.15250000000000008,51.02372443521215
2024-06-30 14:22:40,Truck_2,-28.382,-47.8231,357,In Transit,29.3,73.2,Clear,22,229,7,Mechanical Failure,94.3,131,0,14,30,6,6,June,1,Very High,Medium-High,2.7251908396946565,Medium-High,0.155,0.8574999999999999,0.24,0.4175,Medium,26,Afternoon,226,0,12353.3,0.2662453627814684,0.15500000000000003,0.8574999999999999,0.24,1603,High Value,,,,2074.6,0.50625,55.659622443063206
2024-12-05 16:36:07,Truck_5,-71.0852,-12.9187,255,Delayed,27.4,59.6,Clear,20,497,3,Traffic,98.4,277,1,16,5,3,12,December,0,Very High,Medium-Low,0.9205776173285198,Low,0.885,0.9600000000000004,0.2,0.6816666666666668,High,49,Evening,-22,1,27256.800000000003,0.9091363989302046,0.885,0.9600000000000004,0.2,1491,High Value,,,,1968.0,0.9225000000000002,71.06905958109608
2024-06-13 13:04:28,Truck_2,-35.6424,-106.7595,415,Delayed,22.2,65.8,Heavy,18,287,2,Traffic,61.1,256,1,13,13,3,6,June,0,High,High,1.62109375,Low,0.78,0.0275,0.1599999999999999,0.3225,Low,24,Afternoon,159,0,15641.6,0.408092485549133,0.78,0.02750000000000008,0.15999999999999998,574,Low Value,,,,1099.8,0.40375000000000005,112.92605516823026
2024-03-17 08:20:11,Truck_9,-81.622,-152.0754,353,Delivered,29.5,76.8,Heavy,41,421,8,,97.7,212,1,8,17,6,3,March,1,Very High,Medium-High,1.6650943396226414,Medium-High,0.56,0.9425000000000004,0.6200000000000001,0.7075000000000001,High,11,Morning,141,0,20712.4,0.6268311621085326,0.56,0.9425000000000003,0.6200000000000001,3368,Very High Value,,,,4005.7000000000003,0.7512500000000002,172.69681759685466
2024-09-21 03:09:39,Truck_8,-22.9111,-154.3594,260,In Transit,23.8,58.4,Clear,49,266,7,Mechanical Failure,77.8,131,0,3,21,5,9,September,1,Very High,Medium-Low,1.984732824427481,Medium-High,0.155,0.445,0.78,0.46,Medium,38,Night,129,0,10191.8,0.17300491760848935,0.15500000000000003,0.44500000000000006,0.78,1862,High Value,,,,3812.2,0.30000000000000004,156.68562049889954
2024-02-20 20:52:03,Truck_4,-68.7937,-164.3866,447,Delivered,21.1,75.6,Heavy,51,315,1,Mechanical Failure,64.7,186,1,20,20,1,2,February,0,High,High,2.403225806451613,Low,0.43,0.1175000000000001,0.8200000000000001,0.4558333333333333,Medium,8,Late_Evening,261,0,12034.2,0.2524803727029592,0.43000000000000005,0.11750000000000016,0.8200000000000001,315,Low Value,,,,3299.7000000000003,0.2737500000000001,178.4548838300813
2024-11-19 18:03:38,Truck_5,-25.5794,132.2662,483,Delayed,26.6,50.0,Clear,51,466,6,Mechanical Failure,87.9,272,1,18,19,1,11,November,0,Very High,High,1.775735294117647,Medium-Low,0.8600000000000001,0.6975000000000002,0.8200000000000001,0.7925000000000001,High,47,Evening,211,0,23908.800000000003,0.7647140022431198,0.8600000000000001,0.6975000000000002,0.8200000000000001,2796,Very High Value,,,,4482.900000000001,0.7787500000000002,133.64204656395503
2024-11-07 16:16:40,Truck_10,49.0465,41.3428,363,Delivered,28.6,75.2,Heavy,19,358,1,Weather,77.4,272,1,16,7,3,11,November,0,Very High,Medium-High,1.3345588235294117,Low,0.8600000000000001,0.4350000000000003,0.18,0.4916666666666667,Medium,45,Evening,91,0,21052.800000000003,0.6415149685100511,0.8600000000000001,0.4350000000000003,0.18,358,Low Value,,,,1470.6000000000001,0.6475000000000002,64.66483162985523
2024-02-18 14:10:22,Truck_8,-81.6677,-40.8327,313,Delayed,20.5,79.3,Detour,49,229,7,,98.5,126,1,14,18,6,2,February,1,Very High,Medium-High,2.484126984126984,Medium-High,0.13,0.9625000000000004,0.78,0.6241666666666668,Medium,7,Afternoon,187,0,12411.0,0.2687343628677422,0.13,0.9625000000000004,0.78,1603,High Value,,,,4826.5,0.5462500000000001,90.47474664071508
2024-03-03 00:53:07,Truck_10,-69.6887,-34.4563,289,Delivered,19.3,68.6,Clear,33,149,4,,74.3,220,0,0,3,6,3,March,1,High,Medium-Low,1.3136363636363637,Medium-Low,0.6000000000000001,0.3574999999999999,0.46,0.4725,Medium,9,Night,69,0,16346.0,0.43847812958329746,0.6000000000000001,0.35749999999999993,0.46,596,Low Value,,,,2451.9,0.47875,76.90526032593912
2024-06-02 09:09:21,Truck_4,-49.1811,-94.1515,171,Delivered,21.3,66.1,Clear,57,125,8,,98.9,249,0,9,2,6,6,June,1,Very High,Low,0.6867469879518072,Medium-High,0.7450000000000001,0.9725,0.9400000000000002,0.8858333333333336,High,22,Morning,-78,1,24626.100000000002,0.7956561125010786,0.7450000000000001,0.9725000000000001,0.9400000000000002,1000,Medium Value,,,,5637.3,0.8587500000000001,106.34694716294655
2024-01-25 12:09:42,Truck_6,12.8172,76.1408,401,In Transit,25.7,71.4,Clear,30,494,4,Weather,81.1,175,0,12,25,3,1,January,0,Very High,High,2.2914285714285714,Medium-Low,0.375,0.5274999999999999,0.3999999999999999,0.4341666666666666,Medium,4,Afternoon,226,0,14192.499999999998,0.34558277974290397,0.375,0.5274999999999999,0.39999999999999997,1976,High Value,,,,2433.0,0.45124999999999993,76.62669609996745
2024-10-04 16:19:17,Truck_9,20.1146,19.7583,376,Delivered,25.1,54.1,Clear,55,305,5,Mechanical Failure,83.2,158,0,16,4,4,10,October,0,Very High,Medium-High,2.3797468354430378,Medium-Low,0.29,0.5800000000000001,0.9000000000000001,0.5900000000000001,Medium,40,Evening,218,0,13145.6,0.30042274178241746,0.29000000000000004,0.5800000000000001,0.9000000000000001,1525,High Value,,,,4576.0,0.43500000000000005,28.621253736580897
2024-11-02 12:07:34,Truck_3,84.1317,-144.784,371,Delayed,26.2,58.5,Heavy,46,168,10,Traffic,69.5,162,1,12,2,5,11,November,1,High,Medium-High,2.2901234567901234,High,0.31,0.2375,0.72,0.4225,Medium,44,Afternoon,209,0,11259.0,0.21904063497541199,0.31000000000000005,0.23750000000000004,0.72,1680,High Value,,,,3197.0,0.27375000000000005,168.86188582595423
2024-04-22 01:56:59,Truck_4,-53.9329,30.3236,496,In Transit,23.4,71.6,Clear,15,451,3,Weather,76.3,235,0,1,22,0,4,April,0,Very High,High,2.1106382978723404,Low,0.675,0.4075,0.0999999999999999,0.3941666666666667,Medium,17,Night,261,0,17930.5,0.5068285738935381,0.675,0.4075,0.09999999999999998,1353,Medium Value,,,,1144.5,0.54125,60.27733217130969
2024-04-15 22:28:46,Truck_2,31.8571,-83.1698,149,In Transit,20.9,68.1,Detour,39,274,9,Traffic,71.8,138,0,22,15,0,4,April,0,High,Low,1.0797101449275361,High,0.19,0.2949999999999999,0.5800000000000001,0.355,Medium,16,Late_Evening,11,0,9908.4,0.1607799154516435,0.19000000000000006,0.29499999999999993,0.5800000000000001,2466,Very High Value,,,,2800.2,0.2425,90.33566597049543
2024-01-19 14:28:30,Truck_6,67.7302,-70.1861,166,In Transit,29.4,59.5,Heavy,40,210,4,Traffic,82.9,246,1,14,19,4,1,January,0,Very High,Low,0.6747967479674797,Medium-Low,0.73,0.5725000000000002,0.6000000000000001,0.6341666666666668,Medium,3,Afternoon,-80,1,20393.4,0.6130704857216808,0.73,0.5725000000000002,0.6000000000000001,840,Medium Value,,,,3316.0,0.6512500000000001,99.08459118967583
2024-09-22 12:19:08,Truck_9,73.3723,93.2464,369,Delayed,28.0,52.3,Detour,35,481,5,Mechanical Failure,73.4,179,1,12,22,6,9,September,1,High,Medium-High,2.0614525139664805,Medium-Low,0.395,0.3350000000000002,0.5,0.4100000000000001,Medium,38,Afternoon,190,0,13138.6,0.300120783366405,0.395,0.3350000000000002,0.5,2405,High Value,,,,2569.0,0.3650000000000001,118.84619755988663
2024-11-01 23:47:02,Truck_5,68.2361,-85.9216,409,In Transit,22.0,68.1,Clear,18,423,10,Weather,62.8,282,0,23,1,4,11,November,0,High,High,1.450354609929078,High,0.91,0.07,0.1599999999999999,0.3799999999999999,Medium,44,Late_Evening,127,0,17709.6,0.49729962902251745,0.9099999999999999,0.07000000000000006,0.15999999999999998,4230,Very High Value,,,,1130.3999999999999,0.49,111.22361792069958
2024-05-13 14:10:55,Truck_8,40.5478,147.0261,494,Delayed,19.2,58.4,Clear,52,231,10,Weather,89.5,201,1,14,13,0,5,May,0,Very High,High,2.45771144278607,High,0.5050000000000001,0.7375000000000003,0.8400000000000001,0.6941666666666668,High,20,Afternoon,293,0,17989.5,0.5093736519713571,0.5050000000000001,0.7375000000000003,0.8400000000000001,2310,High Value,,,,4654.0,0.6212500000000002,152.07731626936197
2024-02-17 07:36:46,Truck_6,-36.4299,58.0595,238,Delayed,23.8,79.4,Detour,33,416,5,Weather,88.2,102,1,7,17,5,2,February,1,Very High,Medium-Low,2.3333333333333335,Medium-Low,0.01,0.7050000000000001,0.46,0.3916666666666666,Medium,7,Morning,136,0,8996.4,0.12143904753688206,0.010000000000000009,0.7050000000000001,0.46,2080,High Value,,,,2910.6,0.35750000000000004,67.1140842220542
2024-11-23 19:33:59,Truck_8,83.2003,-119.0412,422,In Transit,19.2,54.5,Clear,18,437,3,,73.5,103,0,19,23,5,11,November,1,High,High,4.097087378640777,Low,0.015,0.3375000000000001,0.1599999999999999,0.1708333333333334,Low,47,Evening,319,0,7570.5,0.05993011819515143,0.015000000000000013,0.33750000000000013,0.15999999999999998,1311,Medium Value,,,,1323.0,0.17625000000000007,146.70124251688014
2024-09-23 10:32:15,Truck_9,74.5816,-19.6986,132,In Transit,28.2,57.2,Clear,23,401,6,,93.6,154,0,10,23,0,9,September,0,Very High,Low,0.8571428571428571,Medium-Low,0.27,0.8399999999999999,0.26,0.4566666666666666,Medium,39,Morning,-22,1,14414.4,0.3551548615304978,0.27,0.8399999999999999,0.26,2406,High Value,,,,2152.7999999999997,0.5549999999999999,78.66926687529867
2024-08-25 22:32:25,Truck_1,-64.7094,137.791,189,Delayed,25.2,70.0,Clear,10,360,6,Mechanical Failure,81.9,191,1,22,25,6,8,August,1,Very High,Low,0.9895287958115183,Medium-Low,0.455,0.5475000000000003,0.0,0.3341666666666668,Medium,34,Late_Evening,-2,1,15642.900000000001,0.4081485635406782,0.45500000000000007,0.5475000000000003,0.0,2160,High Value,,,,819.0,0.5012500000000002,150.89572382927517
2024-09-27 06:23:53,Truck_1,-59.602,62.712,255,Delivered,28.5,72.2,Clear,60,419,2,Traffic,68.4,246,0,6,27,4,9,September,0,High,Medium-Low,1.0365853658536586,Low,0.73,0.2100000000000002,1.0,0.6466666666666667,Medium,39,Morning,9,0,16826.4,0.45920110430506433,0.73,0.2100000000000002,1.0,838,Medium Value,,,,4104.0,0.4700000000000001,84.97428641193503
2024-05-09 04:02:20,Truck_7,-68.3712,-65.9802,107,Delayed,21.9,74.1,Heavy,51,413,1,Weather,84.9,257,1,4,9,3,5,May,0,Very High,Low,0.4163424124513619,Low,0.7849999999999999,0.6225,0.8200000000000001,0.7425,High,19,Night,-150,1,21819.300000000003,0.6745794150634115,0.7849999999999999,0.6225,0.8200000000000001,413,Low Value,,,,4329.900000000001,0.70375,94.63103753810842
2024-05-27 10:59:49,Truck_6,3.8431,91.0078,274,Delayed,19.3,51.4,Heavy,57,279,10,,75.3,127,1,10,27,0,5,May,0,Very High,Medium-Low,2.15748031496063,High,0.135,0.3825,0.9400000000000002,0.4858333333333334,Medium,22,Morning,147,0,9563.1,0.14588473815891645,0.135,0.38250000000000006,0.9400000000000002,2790,Very High Value,,,,4292.099999999999,0.25875000000000004,90.32074826511817
2024-02-23 18:39:32,Truck_4,76.3946,105.7941,206,Delayed,21.9,68.6,Heavy,42,100,7,Traffic,63.3,116,1,18,23,4,2,February,0,High,Medium-Low,1.7758620689655173,Medium-High,0.0799999999999999,0.0825,0.6399999999999999,0.2674999999999999,Low,8,Evening,90,0,7342.799999999999,0.050107842291433,0.07999999999999996,0.08250000000000002,0.6399999999999999,700,Low Value,,,,2658.6,0.08124999999999999,130.62072881793497
2024-07-28 22:29:33,Truck_5,-46.1871,9.4679,270,In Transit,26.7,72.2,Heavy,35,107,10,Traffic,90.8,158,1,22,28,6,7,July,1,Very High,Medium-Low,1.7088607594936709,High,0.29,0.77,0.5,0.52,Medium,30,Late_Evening,112,0,14346.4,0.35222155120351994,0.29000000000000004,0.77,0.5,1070,Medium Value,,,,3178.0,0.53,45.65032511549097
2024-03-05 10:30:30,Truck_10,-10.8849,86.0812,277,In Transit,23.7,72.1,Clear,12,195,5,Traffic,64.5,130,0,10,5,1,3,March,0,High,Medium-Low,2.1307692307692307,Medium-Low,0.15,0.1125,0.0399999999999999,0.1008333333333333,Low,10,Morning,147,0,8385.0,0.09506513674402556,0.15000000000000002,0.11250000000000004,0.03999999999999998,975,Medium Value,,,,774.0,0.13125000000000003,85.77463058950896
2024-01-06 21:16:03,Truck_4,-67.7619,176.4012,454,Delayed,21.0,77.3,Clear,15,112,10,Weather,73.2,237,1,21,6,5,1,January,1,High,High,1.9156118143459915,High,0.685,0.33,0.0999999999999999,0.3716666666666667,Medium,1,Late_Evening,217,0,17348.4,0.48171857475627655,0.685,0.33000000000000007,0.09999999999999998,1120,Medium Value,,,,1098.0,0.5075000000000001,187.70181452892328
2024-09-14 16:45:31,Truck_2,-22.1101,-65.135,197,In Transit,27.3,71.3,Detour,24,460,9,,64.7,162,0,16,14,5,9,September,1,High,Low,1.2160493827160495,High,0.31,0.1175000000000001,0.2799999999999999,0.2358333333333334,Low,37,Evening,35,0,10481.4,0.18549736864808902,0.31000000000000005,0.11750000000000016,0.27999999999999997,4140,Very High Value,,,,1552.8000000000002,0.2137500000000001,69.15832591354454
2024-11-03 23:16:49,Truck_5,75.1113,-136.48,182,Delivered,19.7,72.3,Clear,50,428,3,,63.3,280,0,23,3,6,11,November,1,High,Low,0.65,Low,0.9000000000000001,0.0825,0.8,0.5941666666666667,Medium,44,Late_Evening,-98,1,17724.0,0.4979208006211716,0.9000000000000001,0.08250000000000002,0.8,1284,Medium Value,,,,3165.0,0.4912500000000001,157.17457111374068
2024-03-19 21:36:22,Truck_6,-69.343,131.9033,171,Delivered,25.1,76.5,Heavy,55,309,3,Traffic,94.6,112,1,21,19,1,3,March,0,Very High,Low,1.5267857142857142,Low,0.06,0.8649999999999998,0.9000000000000001,0.6083333333333333,Medium,12,Late_Evening,59,0,10595.199999999999,0.19040634975411957,0.06000000000000005,0.8649999999999998,0.9000000000000001,927,Medium Value,,,,5203.0,0.4624999999999999,147.64835886648123
2024-02-01 18:55:10,Truck_3,35.6522,-84.7025,159,Delivered,26.9,69.5,Clear,32,272,7,,69.7,278,0,18,1,3,2,February,0,High,Low,0.5719424460431655,Medium-High,0.8900000000000001,0.2425000000000001,0.44,0.5241666666666668,Medium,5,Evening,-119,1,19376.600000000002,0.5692088689500476,0.8900000000000001,0.24250000000000016,0.44,1904,High Value,,,,2230.4,0.5662500000000001,93.20367068696117
2024-04-18 12:04:40,Truck_8,-86.157,-92.4652,378,Delayed,29.5,61.7,Detour,13,305,8,Mechanical Failure,98.5,211,1,12,18,3,4,April,0,Very High,Medium-High,1.7914691943127963,Medium-High,0.5549999999999999,0.9625000000000004,0.06,0.5258333333333335,Medium,16,Afternoon,167,0,20783.5,0.6298981968768873,0.5549999999999999,0.9625000000000004,0.06,2440,Very High Value,,,,1280.5,0.7587500000000001,126.07864670276932
2024-05-26 14:30:07,Truck_1,25.1355,-2.6802,469,In Transit,26.2,65.0,Clear,19,477,2,Mechanical Failure,96.9,206,0,14,26,6,5,May,1,Very High,High,2.2766990291262137,Low,0.53,0.9225000000000004,0.18,0.5441666666666668,Medium,21,Afternoon,263,0,19961.4,0.5944353377620569,0.53,0.9225000000000003,0.18,954,Medium Value,,,,1841.1000000000001,0.7262500000000002,26.728027743358208
2024-07-29 16:54:53,Truck_8,12.0938,96.8996,106,In Transit,27.0,56.8,Detour,31,120,4,Weather,95.7,286,0,16,29,0,7,July,0,Very High,Low,0.3706293706293706,Medium-Low,0.93,0.8925000000000001,0.42,0.7475,High,31,Evening,-180,1,27370.2,0.9140281252696059,0.9299999999999999,0.8925000000000001,0.42,480,Low Value,,,,2966.7000000000003,0.91125,97.0001079892824
2024-12-09 13:41:26,Truck_3,-77.0862,137.9042,486,In Transit,21.7,76.0,Clear,42,282,9,Mechanical Failure,80.5,139,0,13,9,0,12,December,0,Very High,High,3.4964028776978417,High,0.195,0.5125000000000002,0.6399999999999999,0.4491666666666667,Medium,50,Afternoon,347,0,11189.5,0.21604261927357432,0.19500000000000006,0.5125000000000002,0.6399999999999999,2538,Very High Value,,,,3381.0,0.3537500000000001,156.59453136245392
2024-09-14 09:03:54,Truck_2,-17.1205,-47.0657,248,In Transit,26.3,53.7,Detour,40,146,10,Weather,71.7,246,0,9,14,5,9,September,1,High,Medium-Low,1.008130081300813,High,0.73,0.2925000000000002,0.6000000000000001,0.5408333333333334,Medium,37,Morning,2,0,17638.2,0.4942196531791908,0.73,0.2925000000000002,0.6000000000000001,1460,High Value,,,,2868.0,0.5112500000000001,50.428799247953805
2024-12-01 01:52:30,Truck_3,-52.8874,162.7464,157,In Transit,25.4,79.1,Detour,17,311,9,Weather,69.9,233,0,1,1,6,12,December,1,High,Low,0.6738197424892703,High,0.665,0.2475000000000002,0.14,0.3508333333333334,Medium,48,Night,-76,1,16286.7,0.4359201104305065,0.665,0.24750000000000028,0.14,2799,Very High Value,,,,1188.3000000000002,0.45625000000000016,169.91086304741424
2024-08-19 17:09:24,Truck_6,-3.6578,176.299,235,In Transit,23.2,54.6,Clear,28,467,9,Mechanical Failure,68.2,206,0,17,19,0,8,August,0,High,Medium-Low,1.1407766990291262,High,0.53,0.205,0.36,0.365,Medium,34,Evening,29,0,14049.2,0.33940125959796397,0.53,0.20500000000000007,0.36000000000000004,4203,Very High Value,,,,1909.6000000000001,0.36750000000000005,175.47699491134102
2024-04-15 18:58:09,Truck_7,-7.6641,-25.3717,170,Delayed,25.4,55.8,Heavy,55,463,10,Weather,60.1,112,1,18,15,0,4,April,0,High,Low,1.5178571428571428,High,0.06,0.0025000000000001,0.9000000000000001,0.3208333333333334,Low,16,Evening,58,0,6731.2,0.023725304115261858,0.06000000000000005,0.0025000000000001688,0.9000000000000001,4630,Very High Value,,,,3305.5,0.03125000000000011,26.95624284284637
2024-04-12 10:58:21,Truck_6,-82.1416,-91.8925,342,Delivered,25.1,52.4,Clear,24,103,2,Mechanical Failure,88.0,209,0,10,12,4,4,April,0,Very High,Medium-High,1.6363636363636365,Low,0.5449999999999999,0.7000000000000002,0.2799999999999999,0.5083333333333334,Medium,15,Morning,133,0,18392.0,0.5267362608920715,0.5449999999999999,0.7000000000000002,0.27999999999999997,206,Low Value,,,,2112.0,0.6225,122.98138548989333
2024-02-23 09:29:19,Truck_3,87.5079,-125.5319,290,In Transit,20.5,51.4,Clear,22,170,4,Mechanical Failure,74.7,147,0,9,23,4,2,February,0,High,Medium-Low,1.9727891156462585,Medium-Low,0.235,0.3675000000000001,0.24,0.2808333333333334,Low,8,Morning,143,0,10980.9,0.20704425847640412,0.235,0.36750000000000016,0.24,680,Low Value,,,,1643.4,0.3012500000000001,154.4882887303904
2024-02-27 05:17:36,Truck_1,-76.8771,94.6166,260,Delayed,22.8,71.7,Heavy,44,393,5,Mechanical Failure,94.1,154,1,5,27,1,2,February,0,Very High,Medium-Low,1.6883116883116882,Medium-Low,0.27,0.8525,0.6799999999999999,0.6008333333333333,Medium,9,Night,106,0,14491.4,0.3584764041066345,0.27,0.8525,0.6799999999999999,1965,High Value,,,,4140.4,0.56125,120.40524328769561
2024-07-26 19:10:43,Truck_5,89.2765,166.6548,378,Delayed,18.9,55.5,Heavy,35,367,4,Weather,74.4,229,1,19,26,4,7,July,0,High,Medium-High,1.6506550218340612,Medium-Low,0.645,0.3600000000000003,0.5,0.5016666666666668,Medium,30,Evening,149,0,17037.600000000002,0.468311621085325,0.645,0.3600000000000003,0.5,1468,High Value,,,,2604.0,0.5025000000000002,188.97226912433453
2024-06-29 05:20:24,Truck_2,-82.8546,7.876,177,Delayed,19.2,70.1,Clear,57,141,4,Weather,86.6,249,1,5,29,5,6,June,1,Very High,Low,0.7108433734939759,Medium-Low,0.7450000000000001,0.665,0.9400000000000002,0.7833333333333335,High,26,Night,-72,1,21563.399999999998,0.6635406781123285,0.7450000000000001,0.665,0.9400000000000002,564,Low Value,,,,4936.2,0.7050000000000001,81.79793132443416
2024-04-15 04:40:07,Truck_2,-40.284,-86.8089,310,In Transit,22.8,64.4,Heavy,33,104,2,Mechanical Failure,98.9,110,1,4,15,0,4,April,0,Very High,Medium-High,2.8181818181818183,Low,0.05,0.9725,0.46,0.4941666666666667,Medium,16,Night,200,0,10879.0,0.2026486066775947,0.050000000000000044,0.9725000000000001,0.46,208,Low Value,,,,3263.7000000000003,0.5112500000000001,95.90038021752147
2024-07-24 04:09:02,Truck_3,2.2208,-170.2641,132,Delivered,27.5,57.2,Heavy,36,481,5,Traffic,65.2,140,1,4,24,2,7,July,0,High,Low,0.9428571428571428,Medium-Low,0.2,0.1300000000000001,0.52,0.2833333333333334,Low,30,Night,-8,1,9128.0,0.1271158657579156,0.20000000000000007,0.13000000000000012,0.52,2405,High Value,,,,2347.2000000000003,0.1650000000000001,171.1386161762234
2024-07-19 01:06:21,Truck_8,54.8423,175.5701,331,Delayed,25.6,77.8,Heavy,26,213,9,Traffic,90.7,269,1,1,19,4,7,July,0,Very High,Medium-High,1.2304832713754648,High,0.845,0.7675000000000001,0.32,0.6441666666666667,Medium,29,Night,62,0,24398.3,0.7858295229057026,0.845,0.7675000000000001,0.32,1917,High Value,,,,2358.2000000000003,0.80625,183.54930694687937
2024-04-23 16:50:45,Truck_1,-78.4723,-82.615,294,Delivered,24.4,65.2,Detour,23,439,8,Traffic,65.0,213,0,16,23,1,4,April,0,High,Medium-Low,1.380281690140845,Medium-High,0.565,0.125,0.26,0.3166666666666666,Low,17,Evening,81,0,13845.0,0.33059270123371587,0.565,0.125,0.26,3512,Very High Value,,,,1495.0,0.345,113.62454398460135
2024-06-18 12:57:05,Truck_6,4.8496,-60.7988,277,Delivered,29.3,50.7,Heavy,24,242,2,Mechanical Failure,93.4,271,1,12,18,1,6,June,0,Very High,Medium-Low,1.022140221402214,Low,0.855,0.8350000000000004,0.2799999999999999,0.6566666666666668,Medium,25,Afternoon,6,0,25311.4,0.8252178414286948,0.855,0.8350000000000004,0.27999999999999997,484,Low Value,,,,2241.6000000000004,0.8450000000000002,61.94786640240425
2024-12-17 04:11:19,Truck_5,54.0342,-98.3083,329,Delayed,29.7,77.9,Heavy,33,232,5,Weather,91.9,124,1,4,17,1,12,December,0,Very High,Medium-High,2.653225806451613,Medium-Low,0.12,0.7975000000000003,0.46,0.4591666666666668,Medium,51,Night,205,0,11395.6,0.22493313777931156,0.12,0.7975000000000003,0.46,1160,Medium Value,,,,3032.7000000000003,0.45875000000000016,113.57080549664666
2024-11-17 04:41:18,Truck_8,41.43,-128.1678,204,Delivered,18.7,68.5,Heavy,27,473,2,Traffic,76.9,217,1,4,17,6,11,November,1,Very High,Medium-Low,0.9400921658986175,Low,0.585,0.4225000000000003,0.34,0.4491666666666667,Medium,46,Night,-13,1,16687.300000000003,0.4532007592097319,0.585,0.4225000000000003,0.34,946,Medium Value,,,,2076.3,0.5037500000000001,135.91630904504584
2024-06-20 11:18:46,Truck_1,-56.0674,82.9431,410,Delivered,28.9,60.3,Clear,32,436,1,,77.2,272,0,11,20,3,6,June,0,Very High,High,1.5073529411764706,Low,0.8600000000000001,0.4300000000000001,0.44,0.5766666666666668,Medium,25,Morning,138,0,20998.4,0.6391683202484688,0.8600000000000001,0.43000000000000016,0.44,436,Low Value,,,,2470.4,0.6450000000000001,98.66252130466718
2024-06-29 11:16:26,Truck_7,-0.8539,-177.5496,417,Delayed,26.9,70.8,Clear,44,103,7,Mechanical Failure,94.7,181,1,11,29,5,6,June,1,Very High,High,2.303867403314917,Medium-High,0.405,0.8675000000000002,0.6799999999999999,0.6508333333333334,Medium,26,Morning,236,0,17140.7,0.4727590371840221,0.405,0.8675000000000002,0.6799999999999999,721,Medium Value,,,,4166.8,0.6362500000000001,178.38736708836805
2024-07-05 09:14:48,Truck_6,54.5973,-128.4974,324,Delivered,20.7,72.4,Clear,12,173,7,,95.1,243,0,9,5,4,7,July,0,Very High,Medium-High,1.3333333333333333,Medium-High,0.7150000000000001,0.8775,0.0399999999999999,0.5441666666666667,Medium,27,Morning,81,0,23109.3,0.7302260374428436,0.7150000000000001,0.8775,0.03999999999999998,1211,Medium Value,,,,1141.1999999999998,0.79625,140.92064951190528
2024-07-19 20:10:54,Truck_8,-46.1457,161.0254,218,Delayed,23.8,52.3,Detour,52,389,2,Traffic,79.5,231,1,20,19,4,7,July,0,Very High,Medium-Low,0.9437229437229437,Low,0.655,0.4875,0.8400000000000001,0.6608333333333334,High,29,Late_Evening,-13,1,18364.5,0.5255499956863083,0.655,0.48750000000000004,0.8400000000000001,778,Medium Value,,,,4134.0,0.57125,166.33117103635087
2024-08-27 22:26:18,Truck_5,76.8391,140.3011,137,Delayed,23.6,51.7,Detour,24,124,6,Traffic,70.6,279,1,22,27,1,8,August,0,High,Low,0.4910394265232975,Medium-Low,0.895,0.2649999999999999,0.2799999999999999,0.48,Medium,35,Late_Evening,-142,1,19697.399999999998,0.583047191786731,0.895,0.2649999999999999,0.27999999999999997,744,Medium Value,,,,1694.3999999999999,0.58,159.89163603051693
2024-06-17 02:43:31,Truck_4,-59.1914,-125.4515,414,Delayed,18.3,76.4,Detour,42,332,10,Traffic,66.3,249,1,2,17,0,6,June,0,High,High,1.6626506024096386,High,0.7450000000000001,0.1574999999999999,0.6399999999999999,0.5141666666666667,Medium,25,Night,165,0,16508.7,0.44549650590975765,0.7450000000000001,0.15749999999999997,0.6399999999999999,3320,Very High Value,,,,2784.6,0.45125000000000004,138.90017170205724
2024-05-21 02:30:18,Truck_1,-75.6177,-156.976,216,In Transit,26.9,67.2,Detour,35,181,10,Weather,86.2,185,0,2,21,1,5,May,0,Very High,Medium-Low,1.1675675675675676,High,0.425,0.6550000000000002,0.5,0.5266666666666667,Medium,21,Night,31,0,15947.0,0.4212664998705893,0.42500000000000004,0.6550000000000002,0.5,1810,High Value,,,,3017.0,0.5400000000000001,174.41086737897479
2024-05-08 02:13:49,Truck_8,-24.1694,30.0335,170,Delayed,26.4,51.6,Detour,47,278,3,,96.4,105,1,2,8,2,5,May,0,Very High,Low,1.619047619047619,Low,0.025,0.91,0.74,0.5583333333333335,Medium,19,Night,65,0,10122.0,0.16999396083167978,0.025000000000000022,0.9100000000000001,0.74,834,Medium Value,,,,4530.8,0.4675000000000001,37.049929296860824
2024-05-02 09:49:37,Truck_2,-6.8584,150.6127,154,Delivered,28.6,66.8,Clear,18,384,9,Weather,60.4,263,0,9,2,3,5,May,0,High,Low,0.5855513307984791,High,0.815,0.01,0.1599999999999999,0.3283333333333333,Low,18,Morning,-109,1,15885.199999999999,0.4186006384263653,0.815,0.010000000000000009,0.15999999999999998,3456,Very High Value,,,,1087.2,0.4125,149.87653934720342
2024-01-25 20:15:13,Truck_2,-32.2146,166.7941,213,Delivered,25.0,72.7,Detour,51,353,8,,82.6,227,0,20,25,3,1,January,0,Very High,Medium-Low,0.9383259911894273,Medium-High,0.635,0.565,0.8200000000000001,0.6733333333333333,High,4,Late_Evening,-14,1,18750.199999999997,0.5421879044085928,0.635,0.565,0.8200000000000001,2824,Very High Value,,,,4212.599999999999,0.6,168.80089880301188
2024-01-07 12:49:12,Truck_4,-46.3051,-93.1541,276,Delivered,24.9,77.0,Detour,60,467,4,Weather,84.6,292,0,12,7,6,1,January,1,Very High,Medium-Low,0.9452054794520548,Medium-Low,0.96,0.6149999999999998,1.0,0.8583333333333333,High,1,Afternoon,-16,1,24703.199999999997,0.7989819687688724,0.96,0.6149999999999998,1.0,1868,High Value,,,,5076.0,0.7874999999999999,104.18440267971029
2024-03-08 10:09:37,Truck_10,-85.0859,41.138,382,In Transit,22.0,77.8,Clear,47,448,5,Weather,81.4,246,0,10,8,4,3,March,0,Very High,Medium-High,1.5528455284552845,Medium-Low,0.73,0.5350000000000001,0.74,0.6683333333333333,High,10,Morning,136,0,20024.4,0.5971529635061686,0.73,0.5350000000000001,0.74,2240,High Value,,,,3825.8,0.6325000000000001,92.92027488307643
2024-12-22 15:01:19,Truck_8,89.1858,-159.3242,383,In Transit,19.1,69.0,Detour,16,238,3,Weather,90.7,290,0,15,22,6,12,December,1,Very High,Medium-High,1.3206896551724139,Low,0.95,0.7675000000000001,0.12,0.6124999999999999,Medium,51,Afternoon,93,0,26303.0,0.8679924079026833,0.95,0.7675000000000001,0.12,714,Medium Value,,,,1451.2,0.85875,183.9841958319749
2024-01-21 13:17:03,Truck_1,1.429,-119.0925,334,Delayed,26.6,74.1,Detour,10,317,3,Traffic,73.0,184,1,13,21,6,1,January,1,High,Medium-High,1.815217391304348,Low,0.42,0.3250000000000002,0.0,0.2483333333333334,Low,3,Afternoon,150,0,13432.0,0.3127771546889828,0.42000000000000004,0.3250000000000002,0.0,951,Medium Value,,,,730.0,0.3725000000000001,119.96197621283531
2024-06-25 02:35:14,Truck_9,78.3252,15.2758,421,Delayed,26.3,68.8,Heavy,53,128,6,,76.6,100,1,2,25,1,6,June,0,Very High,High,4.21,Medium-Low,0.0,0.415,0.8600000000000001,0.425,Medium,26,Night,321,0,7659.999999999999,0.06379087222845309,0.0,0.41500000000000004,0.8600000000000001,768,Medium Value,,,,4059.7999999999997,0.20750000000000002,80.98285861881739
2024-05-27 05:13:33,Truck_2,-9.2287,107.9306,329,Delivered,25.0,51.2,Detour,53,233,5,Mechanical Failure,67.2,188,0,5,27,0,5,May,0,High,Medium-High,1.75,Medium-Low,0.44,0.1800000000000001,0.8600000000000001,0.4933333333333334,Medium,22,Night,141,0,12633.6,0.2783366404969373,0.44000000000000006,0.18000000000000016,0.8600000000000001,1165,Medium Value,,,,3561.6000000000004,0.3100000000000001,107.38223162899739
2024-01-27 01:05:38,Truck_10,71.4327,127.3664,284,In Transit,22.1,77.2,Heavy,16,226,4,,95.8,206,1,1,27,5,1,January,1,Very High,Medium-Low,1.3786407766990292,Medium-Low,0.53,0.895,0.12,0.515,Medium,4,Night,78,0,19734.8,0.5846605124665689,0.53,0.895,0.12,904,Medium Value,,,,1532.8,0.7125,145.9742009544621
2024-01-21 03:11:55,Truck_2,-84.0049,111.8327,184,Delayed,19.2,59.8,Heavy,23,126,4,Mechanical Failure,90.4,200,1,3,21,6,1,January,1,Very High,Low,0.92,Medium-Low,0.5,0.7600000000000002,0.26,0.5066666666666667,Medium,3,Night,-16,1,18080.0,0.5132775429212321,0.5,0.7600000000000002,0.26,504,Low Value,,,,2079.2000000000003,0.6300000000000001,138.38424315396614
2024-08-03 13:26:27,Truck_5,7.0779,-165.136,403,Delivered,20.6,66.1,Clear,15,461,4,,77.1,263,0,13,3,5,8,August,1,Very High,High,1.532319391634981,Medium-Low,0.815,0.4275,0.0999999999999999,0.4474999999999999,Medium,31,Afternoon,140,0,20277.3,0.6080622897075317,0.815,0.4275,0.09999999999999998,1844,High Value,,,,1156.5,0.62125,166.18740229114675
2024-06-05 18:09:34,Truck_6,-86.0858,117.8697,100,In Transit,22.3,72.3,Detour,43,256,5,,92.8,101,0,18,5,2,6,June,0,Very High,Low,0.9900990099009901,Medium-Low,0.005,0.8199999999999998,0.6599999999999999,0.4949999999999999,Medium,23,Evening,-1,1,9372.8,0.1376757829350358,0.0050000000000000044,0.8199999999999998,0.6599999999999999,1280,Medium Value,,,,3990.4,0.4124999999999999,144.48213355956764
2024-10-27 12:09:17,Truck_3,59.2432,175.9873,135,Delayed,18.9,55.5,Heavy,57,162,9,,75.3,127,1,12,27,6,10,October,1,Very High,Low,1.062992125984252,High,0.135,0.3825,0.9400000000000002,0.4858333333333334,Medium,43,Afternoon,8,0,9563.1,0.14588473815891645,0.135,0.38250000000000006,0.9400000000000002,1458,High Value,,,,4292.099999999999,0.25875000000000004,185.33852684845172
2024-10-22 14:28:47,Truck_1,-39.3003,-121.6771,220,In Transit,25.0,79.0,Heavy,51,481,2,Weather,64.3,268,1,14,22,1,10,October,0,High,Medium-Low,0.8208955223880597,Low,0.8400000000000001,0.1074999999999999,0.8200000000000001,0.5891666666666667,Medium,43,Afternoon,-48,1,17232.399999999998,0.47671469243378484,0.8400000000000001,0.10749999999999993,0.8200000000000001,962,Medium Value,,,,3279.2999999999997,0.47375,128.25434112826898
2024-09-03 09:41:58,Truck_8,-83.672,164.2522,318,In Transit,29.8,51.4,Clear,24,216,3,Weather,83.8,221,0,9,3,1,9,September,0,Very High,Medium-High,1.4389140271493213,Low,0.605,0.5950000000000002,0.2799999999999999,0.4933333333333334,Medium,36,Morning,97,0,18519.8,0.5322491588301268,0.605,0.5950000000000002,0.27999999999999997,648,Low Value,,,,2011.1999999999998,0.6000000000000001,182.9747570263778
2024-01-03 11:20:33,Truck_7,5.9541,-156.4873,237,Delivered,29.2,56.2,Detour,15,251,3,Weather,76.3,198,0,11,3,2,1,January,0,Very High,Medium-Low,1.196969696969697,Low,0.49,0.4075,0.0999999999999999,0.3324999999999999,Medium,1,Morning,39,0,15107.4,0.3850487447157277,0.49,0.4075,0.09999999999999998,753,Medium Value,,,,1144.5,0.44875,157.49427980151796
2024-06-11 23:38:53,Truck_2,-16.3804,-119.0546,459,In Transit,27.2,78.5,Heavy,22,323,7,,87.3,271,1,23,11,1,6,June,0,Very High,High,1.6937269372693726,Medium-High,0.855,0.6825000000000001,0.24,0.5925,Medium,24,Late_Evening,188,0,23658.3,0.7539082046415322,0.855,0.6825000000000001,0.24,2261,High Value,,,,1920.6,0.76875,120.8288753169182
2024-01-04 23:32:40,Truck_6,-27.4913,-1.8571,332,In Transit,21.7,58.9,Heavy,33,363,6,Weather,90.1,131,1,23,4,3,1,January,0,Very High,Medium-High,2.5343511450381677,Medium-Low,0.155,0.7525,0.46,0.4558333333333333,Medium,1,Late_Evening,201,0,11803.099999999999,0.24251143128289188,0.15500000000000003,0.7525,0.46,2178,High Value,,,,2973.2999999999997,0.45375,26.269724750693257
2024-08-02 06:58:21,Truck_8,67.7002,43.853,133,In Transit,28.7,69.5,Detour,57,342,6,Traffic,99.9,261,0,6,2,4,8,August,0,Very High,Low,0.5095785440613027,Medium-Low,0.8049999999999999,0.9975000000000004,0.9400000000000002,0.9141666666666668,High,31,Morning,-128,1,26073.9,0.8581097403157623,0.8049999999999999,0.9975000000000005,0.9400000000000002,2052,High Value,,,,5694.3,0.9012500000000002,81.36151463090646
2024-08-29 02:07:16,Truck_8,30.5045,52.2559,499,Delayed,18.3,75.1,Clear,22,251,1,Mechanical Failure,79.2,139,1,2,29,3,8,August,0,Very High,High,3.5899280575539567,Low,0.195,0.4800000000000002,0.24,0.3050000000000001,Low,35,Night,360,0,11008.800000000001,0.20824777844879655,0.19500000000000006,0.4800000000000002,0.24,251,Low Value,,,,1742.4,0.33750000000000013,60.49173918815648
2024-02-22 18:02:00,Truck_10,4.8619,61.4224,350,Delivered,25.3,71.2,Detour,19,177,1,,67.0,209,0,18,22,3,2,February,0,High,Medium-High,1.674641148325359,Low,0.5449999999999999,0.175,0.18,0.3,Low,8,Evening,141,0,14003.0,0.337408334052282,0.5449999999999999,0.17500000000000004,0.18,177,Low Value,,,,1273.0,0.36,60.90400610653396
2024-06-21 20:31:34,Truck_7,84.0872,85.2383,186,Delayed,24.1,72.0,Detour,26,131,4,,68.2,189,1,20,21,4,6,June,0,High,Low,0.9841269841269841,Medium-Low,0.445,0.205,0.32,0.3233333333333334,Low,25,Late_Evening,-3,1,12889.800000000001,0.28938831852299207,0.44500000000000006,0.20500000000000007,0.32,524,Low Value,,,,1773.2,0.32500000000000007,120.10333467441804
2024-01-27 15:36:15,Truck_8,11.5213,-168.4741,403,Delivered,23.1,69.3,Detour,24,487,10,Mechanical Failure,69.6,104,0,15,27,5,1,January,1,High,High,3.875,High,0.02,0.24,0.2799999999999999,0.18,Low,4,Afternoon,299,0,7238.4,0.04560434820119058,0.020000000000000018,0.24,0.27999999999999997,4870,Very High Value,,,,1670.3999999999999,0.13,169.80045764706674
2024-06-17 12:40:13,Truck_6,63.7701,163.2651,193,Delayed,22.1,68.2,Heavy,29,231,3,Weather,69.7,198,1,12,17,0,6,June,0,High,Low,0.9747474747474747,Low,0.49,0.2425000000000001,0.3799999999999999,0.3708333333333333,Medium,25,Afternoon,-5,1,13800.6,0.32867742213786566,0.49,0.24250000000000016,0.37999999999999995,693,Low Value,,,,2021.3000000000002,0.3662500000000001,174.99946791992627
2024-03-31 14:30:18,Truck_2,57.5757,-35.0439,254,Delivered,24.0,78.6,Heavy,24,108,3,Weather,66.6,219,1,14,31,6,3,March,1,High,Medium-Low,1.1598173515981736,Low,0.595,0.165,0.2799999999999999,0.3466666666666667,Medium,13,Afternoon,35,0,14585.4,0.3625312742645156,0.595,0.16500000000000004,0.27999999999999997,324,Low Value,,,,1598.3999999999999,0.38,68.99905900339965
2024-03-23 08:10:19,Truck_9,-66.6009,-11.7155,368,Delivered,26.1,71.0,Clear,58,336,2,Mechanical Failure,86.5,259,0,8,23,5,3,March,1,Very High,Medium-High,1.420849420849421,Low,0.7949999999999999,0.6625000000000001,0.96,0.8058333333333333,High,12,Morning,109,0,22403.5,0.6997800017254767,0.7949999999999999,0.6625000000000001,0.96,672,Low Value,,,,5017.0,0.72875,66.4374098990229
2024-10-02 15:12:00,Truck_6,18.755,-46.8871,283,Delayed,28.5,50.7,Detour,11,495,10,Weather,88.1,200,1,15,2,2,10,October,0,Very High,Medium-Low,1.415,High,0.5,0.7025000000000001,0.0199999999999999,0.4075,Medium,40,Afternoon,83,0,17620.0,0.49343456129755847,0.5,0.7025000000000001,0.01999999999999999,4950,Very High Value,,,,969.0999999999999,0.6012500000000001,51.79006988348197
2024-07-28 18:36:05,Truck_10,50.3574,128.5618,164,Delivered,25.5,67.6,Heavy,20,188,7,Mechanical Failure,60.1,268,1,18,28,6,7,July,1,High,Low,0.6119402985074627,Medium-High,0.8400000000000001,0.0025000000000001,0.2,0.3475000000000001,Medium,30,Evening,-104,1,16106.800000000001,0.4281597791389873,0.8400000000000001,0.0025000000000001688,0.2,1316,Medium Value,,,,1202.0,0.4212500000000001,137.7980808443572
2024-01-11 15:19:53,Truck_5,46.9009,3.749,419,Delivered,22.1,74.7,Detour,31,236,10,Traffic,95.9,182,0,15,11,3,1,January,0,Very High,High,2.302197802197802,High,0.41,0.8975000000000004,0.42,0.5758333333333335,Medium,2,Afternoon,237,0,17453.8,0.48626520576309207,0.41000000000000003,0.8975000000000004,0.42,2360,High Value,,,,2972.9,0.6537500000000003,48.34876281711917
2024-12-28 18:53:31,Truck_9,17.5319,-65.0765,489,Delivered,25.0,69.4,Clear,30,345,8,,66.1,128,0,18,28,5,12,December,1,High,High,3.8203125,Medium-High,0.14,0.1524999999999998,0.3999999999999999,0.2308333333333333,Low,52,Evening,361,0,8460.8,0.09833491502027436,0.14,0.15249999999999986,0.39999999999999997,2760,Very High Value,,,,1982.9999999999998,0.14624999999999994,68.56750916426193
2024-09-07 12:50:16,Truck_2,4.8305,-6.5757,498,Delayed,20.2,55.0,Clear,51,147,8,Weather,97.7,247,1,12,7,5,9,September,1,Very High,High,2.016194331983806,Medium-High,0.7350000000000001,0.9425000000000004,0.8200000000000001,0.8325000000000001,High,36,Afternoon,251,0,24131.9,0.7743378483306014,0.7350000000000001,0.9425000000000003,0.8200000000000001,1176,Medium Value,,,,4982.7,0.8387500000000002,9.657757658671393
2024-12-09 11:15:02,Truck_10,38.8917,-38.8032,244,Delayed,21.2,61.8,Detour,24,181,2,Traffic,70.1,238,1,11,9,0,12,December,0,High,Medium-Low,1.0252100840336134,Low,0.69,0.2524999999999999,0.2799999999999999,0.4075,Medium,50,Morning,6,0,16683.8,0.45304978000172547,0.69,0.25249999999999995,0.27999999999999997,362,Low Value,,,,1682.3999999999999,0.47124999999999995,56.49385931556956
2024-10-05 18:34:00,Truck_4,-20.0482,-83.6915,488,Delivered,21.5,50.3,Heavy,32,120,1,Mechanical Failure,79.1,111,1,18,5,5,10,October,1,Very High,High,4.396396396396397,Low,0.055,0.4775,0.44,0.3241666666666667,Low,40,Evening,377,0,8780.099999999999,0.11210853248209812,0.05500000000000005,0.47750000000000004,0.44,120,Low Value,,,,2531.2,0.26625000000000004,86.56974608564835
2024-04-22 10:55:19,Truck_9,-83.2534,-166.3309,152,Delayed,21.2,70.3,Clear,10,467,10,,61.5,269,1,10,22,0,4,April,0,High,Low,0.5650557620817844,High,0.845,0.0375,0.0,0.2941666666666667,Low,17,Morning,-117,1,16543.5,0.4469976706065051,0.845,0.03750000000000009,0.0,4670,Very High Value,,,,615.0,0.44125000000000003,186.14950157425594
2024-02-27 21:45:48,Truck_10,-4.8643,75.4304,168,Delayed,23.2,71.5,Clear,23,292,3,Traffic,98.8,102,1,21,27,1,2,February,0,Very High,Low,1.6470588235294117,Low,0.01,0.9700000000000002,0.26,0.4133333333333334,Medium,9,Late_Evening,66,0,10077.6,0.16807868173582957,0.010000000000000009,0.9700000000000002,0.26,876,Medium Value,,,,2272.4,0.4900000000000001,74.67561514865537
2024-05-23 22:03:43,Truck_5,46.7637,-146.4348,268,Delivered,23.9,79.2,Clear,41,295,9,Mechanical Failure,69.5,146,0,22,23,3,5,May,0,High,Medium-Low,1.8356164383561644,High,0.2299999999999999,0.2375,0.6200000000000001,0.3625,Medium,21,Late_Evening,122,0,10147.0,0.17107238374600986,0.22999999999999998,0.23750000000000004,0.6200000000000001,2655,Very High Value,,,,2849.5,0.23375,154.93513769520538
2024-01-02 22:19:42,Truck_7,-68.3909,-122.557,341,In Transit,21.3,76.2,Heavy,58,429,3,,78.6,178,1,22,2,1,1,January,0,Very High,Medium-High,1.9157303370786516,Low,0.39,0.4649999999999998,0.96,0.605,Medium,1,Late_Evening,163,0,13990.8,0.3368820636700889,0.39,0.46499999999999986,0.96,1287,Medium Value,,,,4558.799999999999,0.42749999999999994,140.4251417824867
2024-09-29 06:31:55,Truck_7,62.3457,-54.2033,166,Delivered,28.9,50.6,Heavy,58,197,3,Traffic,88.8,282,1,6,29,6,9,September,1,Very High,Low,0.5886524822695035,Low,0.91,0.7200000000000002,0.96,0.8633333333333333,High,39,Morning,-116,1,25041.6,0.8135795013372444,0.9099999999999999,0.7200000000000002,0.96,591,Low Value,,,,5150.4,0.8150000000000001,84.18947688296885
2024-12-18 08:33:58,Truck_7,72.8857,135.9494,483,Delayed,21.4,51.2,Heavy,33,249,2,,67.6,165,1,8,18,2,12,December,0,High,High,2.9272727272727272,Low,0.325,0.1899999999999999,0.46,0.325,Low,51,Morning,318,0,11153.999999999998,0.21451125873522553,0.32500000000000007,0.18999999999999995,0.46,498,Low Value,,,,2230.7999999999997,0.2575,154.16804188473006
2024-08-11 10:28:58,Truck_10,2.2782,-158.4628,232,Delivered,22.3,73.3,Heavy,19,332,4,,78.6,135,1,10,11,6,8,August,1,Very High,Medium-Low,1.7185185185185186,Medium-Low,0.175,0.4649999999999998,0.18,0.2733333333333332,Low,32,Morning,97,0,10611.0,0.19108791303597622,0.17500000000000004,0.46499999999999986,0.18,1328,Medium Value,,,,1493.3999999999999,0.31999999999999995,159.34139146061844
2024-03-24 22:56:32,Truck_3,11.7686,154.6043,392,In Transit,20.7,62.8,Detour,12,417,2,Weather,69.3,109,0,22,24,6,3,March,1,High,Medium-High,3.596330275229358,Low,0.045,0.2324999999999999,0.0399999999999999,0.1058333333333333,Low,12,Late_Evening,283,0,7553.7,0.05920541799672158,0.04500000000000004,0.23249999999999993,0.03999999999999998,834,Medium Value,,,,831.5999999999999,0.13874999999999998,154.3266991814305
2024-06-02 00:24:04,Truck_8,-75.598,11.134,480,In Transit,24.9,77.8,Heavy,53,318,3,Mechanical Failure,69.5,181,1,0,2,6,6,June,1,High,High,2.6519337016574585,Low,0.405,0.2375,0.8600000000000001,0.5008333333333334,Medium,22,Night,299,0,12579.5,0.276002933310327,0.405,0.23750000000000004,0.8600000000000001,954,Medium Value,,,,3683.5,0.32125000000000004,74.94860970749735
2024-02-02 03:46:54,Truck_3,23.2931,106.0267,368,Delivered,28.0,53.4,Detour,42,182,5,,77.5,205,0,3,2,4,2,February,0,Very High,Medium-High,1.7951219512195122,Medium-Low,0.5249999999999999,0.4375,0.6399999999999999,0.5341666666666666,Medium,5,Night,163,0,15887.5,0.4186998533344837,0.5249999999999999,0.4375,0.6399999999999999,910,Medium Value,,,,3255.0,0.48124999999999996,108.04000464602187
2024-10-02 12:56:46,Truck_6,-11.3114,-139.811,373,In Transit,25.0,62.4,Clear,20,125,1,Mechanical Failure,91.2,160,0,12,2,2,10,October,0,Very High,Medium-High,2.33125,Low,0.3,0.7800000000000002,0.2,0.4266666666666667,Medium,40,Afternoon,213,0,14592.0,0.36281597791389875,0.30000000000000004,0.7800000000000002,0.2,125,Low Value,,,,1824.0,0.5400000000000001,140.99965311427576
2024-09-25 12:20:07,Truck_2,9.6491,47.3499,154,Delivered,22.0,53.3,Heavy,50,208,4,,85.0,231,1,12,25,2,9,September,0,Very High,Low,0.6666666666666666,Medium-Low,0.655,0.625,0.8,0.6933333333333334,High,39,Afternoon,-77,1,19635.0,0.5803554481925632,0.655,0.625,0.8,832,Medium Value,,,,4250.0,0.64,47.79798781491399
2024-02-24 08:11:09,Truck_3,10.9354,-27.3551,184,Delivered,19.2,55.3,Heavy,14,450,3,,86.7,247,1,8,24,5,2,February,1,Very High,Low,0.7449392712550608,Low,0.7350000000000001,0.6675,0.08,0.4941666666666667,Medium,8,Morning,-63,1,21414.9,0.657134846001208,0.7350000000000001,0.6675,0.08000000000000002,1350,Medium Value,,,,1213.8,0.70125,30.756729310452144
2024-10-28 10:00:20,Truck_9,84.9482,59.5314,204,Delivered,21.4,61.5,Clear,51,490,5,Mechanical Failure,68.0,288,0,10,28,0,10,October,0,High,Medium-Low,0.7083333333333334,Medium-Low,0.94,0.2000000000000001,0.8200000000000001,0.6533333333333334,Medium,44,Morning,-84,1,19584.0,0.5781554654473299,0.94,0.20000000000000018,0.8200000000000001,2450,Very High Value,,,,3468.0,0.5700000000000001,104.37503639557346
2024-05-31 23:20:31,Truck_2,49.7212,179.2025,227,Delivered,26.1,65.7,Detour,47,247,8,Traffic,77.8,135,0,23,31,4,5,May,0,Very High,Medium-Low,1.6814814814814816,Medium-High,0.175,0.445,0.74,0.4533333333333333,Medium,22,Late_Evening,92,0,10503.0,0.18642912604607026,0.17500000000000004,0.44500000000000006,0.74,1976,High Value,,,,3656.6,0.31000000000000005,185.53579870147243
2024-01-22 00:34:19,Truck_5,-28.8968,-117.9471,405,In Transit,28.0,67.7,Clear,48,348,3,Mechanical Failure,78.3,213,0,0,22,0,1,January,0,Very High,High,1.9014084507042253,Low,0.565,0.4575,0.76,0.5941666666666666,Medium,4,Night,192,0,16677.899999999998,0.45279527219394355,0.565,0.4575,0.76,1044,Medium Value,,,,3758.3999999999996,0.51125,121.93418013145694
2024-12-19 11:06:09,Truck_7,-55.5154,-163.6943,392,Delivered,27.4,69.0,Detour,31,347,9,Weather,98.0,133,0,11,19,3,12,December,0,Very High,Medium-High,2.9473684210526314,High,0.165,0.9500000000000002,0.42,0.5116666666666667,Medium,51,Morning,259,0,13034.0,0.29560866189284796,0.16500000000000004,0.9500000000000002,0.42,3123,Very High Value,,,,3038.0,0.5575000000000001,173.2147860040881
2024-01-05 22:46:26,Truck_3,16.7636,29.2783,429,In Transit,27.7,75.0,Heavy,12,446,4,,65.7,203,1,22,5,4,1,January,0,High,High,2.1133004926108376,Medium-Low,0.5150000000000001,0.1425,0.0399999999999999,0.2325,Low,1,Late_Evening,226,0,13337.1,0.30868346130618585,0.5150000000000001,0.14250000000000007,0.03999999999999998,1784,High Value,,,,788.4000000000001,0.3287500000000001,33.724961046568254
2024-06-26 08:09:13,Truck_7,-76.307,5.0298,488,Delivered,25.2,63.9,Heavy,19,219,4,Weather,100.0,184,1,8,26,2,6,June,0,Very High,High,2.652173913043478,Medium-Low,0.42,1.0,0.18,0.5333333333333333,Medium,26,Morning,304,0,18400.0,0.5270813562246571,0.42000000000000004,1.0,0.18,876,Medium Value,,,,1900.0,0.71,75.06409321780106
2024-07-31 02:07:09,Truck_6,-22.4693,149.9634,444,Delayed,29.8,67.5,Clear,41,125,5,Weather,63.3,152,1,2,31,2,7,July,0,High,High,2.9210526315789473,Medium-Low,0.26,0.0825,0.6200000000000001,0.3208333333333333,Low,31,Night,292,0,9621.6,0.14840824777844885,0.26,0.08250000000000002,0.6200000000000001,625,Low Value,,,,2595.2999999999997,0.17125,150.61297165070704
2024-11-27 04:21:18,Truck_1,71.8859,93.4464,420,Delayed,18.4,68.5,Heavy,50,340,10,Weather,76.8,212,1,4,27,2,11,November,0,Very High,High,1.9811320754716981,High,0.56,0.4199999999999999,0.8,0.5933333333333334,Medium,48,Night,208,0,16281.599999999999,0.43570011215598303,0.56,0.41999999999999993,0.8,3400,Very High Value,,,,3840.0,0.49,118.0739909680465
2024-06-06 04:02:08,Truck_1,-9.7179,-117.0145,391,In Transit,25.5,73.7,Detour,31,472,10,Weather,77.2,109,0,4,6,3,6,June,0,Very High,Medium-High,3.5871559633027523,High,0.045,0.4300000000000001,0.42,0.2983333333333334,Low,23,Night,282,0,8414.800000000001,0.09635061685790708,0.04500000000000004,0.43000000000000016,0.42,4720,Very High Value,,,,2393.2000000000003,0.2375000000000001,118.14753709944438
2024-05-16 20:34:06,Truck_9,-12.2288,-74.7801,212,Delivered,20.6,50.5,Clear,41,498,5,Mechanical Failure,94.1,162,0,20,16,3,5,May,0,Very High,Medium-Low,1.308641975308642,Medium-Low,0.31,0.8525,0.6200000000000001,0.5941666666666667,Medium,20,Late_Evening,50,0,15244.199999999999,0.390949874902942,0.31000000000000005,0.8525,0.6200000000000001,2490,Very High Value,,,,3858.1,0.58125,76.39425376500242
2024-07-14 21:14:08,Truck_4,5.4618,-179.8202,157,Delivered,20.9,77.1,Clear,26,499,4,Traffic,91.4,214,0,21,14,6,7,July,1,Very High,Low,0.7336448598130841,Medium-Low,0.5700000000000001,0.7850000000000001,0.32,0.5583333333333335,Medium,28,Late_Evening,-57,1,19559.600000000002,0.5771029246829438,0.5700000000000001,0.7850000000000001,0.32,1996,High Value,,,,2376.4,0.6775000000000001,180.7860055390419
2024-11-22 11:31:54,Truck_8,-54.8317,66.4706,399,Delivered,26.3,79.4,Detour,25,476,4,Mechanical Failure,95.6,256,0,11,22,4,11,November,0,Very High,Medium-High,1.55859375,Medium-Low,0.78,0.8900000000000001,0.3,0.6566666666666667,Medium,47,Morning,143,0,24473.6,0.7890777327236649,0.78,0.8900000000000001,0.3,1904,High Value,,,,2390.0,0.8350000000000001,84.65799329027382
2024-11-01 21:31:14,Truck_2,-80.0522,-102.2508,103,Delivered,27.9,53.1,Detour,52,386,1,,97.7,141,0,21,1,4,11,November,0,Very High,Low,0.7304964539007093,Low,0.2049999999999999,0.9425000000000004,0.8400000000000001,0.6625000000000002,High,44,Late_Evening,-38,1,13775.7,0.32760331291519285,0.20499999999999996,0.9425000000000003,0.8400000000000001,386,Low Value,,,,5080.400000000001,0.5737500000000002,129.69021689349725
2024-10-27 15:39:37,Truck_9,-13.0527,-122.0924,333,Delayed,22.1,65.0,Detour,22,243,5,Mechanical Failure,83.2,176,1,15,27,6,10,October,1,Very High,Medium-High,1.8920454545454546,Medium-Low,0.38,0.5800000000000001,0.24,0.4000000000000001,Medium,43,Afternoon,157,0,14643.2,0.36502458804244675,0.38,0.5800000000000001,0.24,1215,Medium Value,,,,1830.4,0.48000000000000004,123.48427622441751
2024-02-14 12:20:37,Truck_6,6.3666,136.0794,234,Delivered,27.3,70.1,Detour,45,416,8,,86.9,165,0,12,14,2,2,February,0,Very High,Medium-Low,1.4181818181818182,Medium-High,0.325,0.6725000000000003,0.7,0.5658333333333334,Medium,7,Afternoon,69,0,14338.500000000002,0.35188076956259173,0.32500000000000007,0.6725000000000003,0.7,3328,Very High Value,,,,3910.5000000000005,0.4987500000000002,135.4628927403758
2024-05-02 11:14:44,Truck_9,83.1243,48.4325,146,Delayed,29.0,55.5,Detour,52,414,10,Mechanical Failure,82.3,228,1,11,2,3,5,May,0,Very High,Low,0.6403508771929824,High,0.6400000000000001,0.5575000000000001,0.8400000000000001,0.6791666666666668,High,18,Morning,-82,1,18764.399999999998,0.5428004486239323,0.6400000000000001,0.5575000000000001,0.8400000000000001,4140,Very High Value,,,,4279.599999999999,0.5987500000000001,96.9687555782966
2024-09-02 05:03:25,Truck_7,51.1898,25.5964,109,Delayed,20.7,60.9,Heavy,39,147,9,Traffic,75.0,116,1,5,2,0,9,September,0,High,Low,0.9396551724137931,High,0.0799999999999999,0.375,0.5800000000000001,0.345,Medium,36,Night,-7,1,8700.0,0.10865326546458459,0.07999999999999996,0.375,0.5800000000000001,1323,Medium Value,,,,2925.0,0.22749999999999998,58.09059028073829
2024-12-08 04:35:38,Truck_8,-76.3987,-68.1922,357,Delayed,24.6,73.5,Clear,48,266,10,Traffic,74.4,226,1,4,8,6,12,December,1,High,Medium-High,1.579646017699115,High,0.6300000000000001,0.3600000000000003,0.76,0.5833333333333335,Medium,49,Night,131,0,16814.4,0.458683461306186,0.6300000000000001,0.3600000000000003,0.76,2660,Very High Value,,,,3571.2000000000003,0.4950000000000002,101.95994215489476
2024-01-23 05:35:54,Truck_9,70.5541,-150.1626,356,Delivered,19.5,63.1,Clear,16,118,3,,77.8,230,0,5,23,1,1,January,0,Very High,Medium-High,1.5478260869565217,Low,0.6500000000000001,0.445,0.12,0.4050000000000001,Medium,4,Night,126,0,17894.0,0.5052540764386162,0.6500000000000001,0.44500000000000006,0.12,354,Low Value,,,,1244.8,0.5475000000000001,167.24994787811795
2024-01-25 11:27:54,Truck_2,-38.2185,104.1667,349,Delivered,19.4,62.7,Detour,19,296,3,,72.3,177,0,11,25,3,1,January,0,High,Medium-High,1.9717514124293785,Low,0.385,0.3075000000000001,0.18,0.2908333333333333,Low,4,Morning,172,0,12797.1,0.28538952635665604,0.385,0.3075000000000001,0.18,888,Medium Value,,,,1373.7,0.34625000000000006,109.70669529482741
2024-11-08 13:31:56,Truck_1,39.1411,138.1786,159,Delivered,27.1,77.5,Heavy,33,429,9,,77.9,200,1,13,8,4,11,November,0,Very High,Low,0.795,High,0.5,0.4475000000000002,0.46,0.4691666666666667,Medium,45,Afternoon,-41,1,15580.000000000002,0.4054352514882238,0.5,0.44750000000000023,0.46,3861,Very High Value,,,,2570.7000000000003,0.4737500000000001,143.18885522475622
2024-05-30 01:04:50,Truck_4,-68.8006,159.004,148,Delivered,25.0,60.7,Clear,43,196,4,Mechanical Failure,64.6,240,0,1,30,3,5,May,0,High,Low,0.6166666666666667,Medium-Low,0.7,0.1149999999999999,0.6599999999999999,0.4916666666666666,Medium,22,Night,-92,1,15503.999999999998,0.4021568458286602,0.7,0.11499999999999999,0.6599999999999999,784,Medium Value,,,,2777.7999999999997,0.4075,171.9447773520302
2024-05-30 11:30:34,Truck_3,51.1598,-170.9311,354,Delivered,26.9,65.5,Heavy,14,245,4,,73.4,151,1,11,30,3,5,May,0,High,Medium-High,2.3443708609271523,Medium-Low,0.255,0.3350000000000002,0.08,0.2233333333333333,Low,22,Morning,203,0,11083.400000000001,0.21146579242515756,0.255,0.3350000000000002,0.08000000000000002,980,Medium Value,,,,1027.6000000000001,0.2950000000000001,179.6180283135524
2024-03-02 23:49:21,Truck_8,-29.5867,41.0612,214,Delivered,21.5,69.1,Heavy,49,417,10,Traffic,76.7,249,1,23,2,5,3,March,1,Very High,Medium-Low,0.8594377510040161,High,0.7450000000000001,0.4175000000000002,0.78,0.6475000000000001,Medium,9,Late_Evening,-35,1,19098.3,0.557203865067725,0.7450000000000001,0.4175000000000002,0.78,4170,Very High Value,,,,3758.3,0.5812500000000002,49.13983818684557
2024-08-29 11:52:35,Truck_8,-51.3412,-112.1636,307,Delayed,21.0,52.8,Clear,21,475,4,,82.8,107,1,11,29,3,8,August,0,Very High,Medium-High,2.869158878504673,Medium-Low,0.035,0.5699999999999998,0.2199999999999999,0.2749999999999999,Low,35,Morning,200,0,8859.6,0.1155379173496679,0.03500000000000003,0.5699999999999998,0.21999999999999997,1900,High Value,,,,1738.8,0.30249999999999994,123.56074517722611
2024-05-26 01:53:03,Truck_1,-49.5057,174.3533,385,In Transit,24.3,59.4,Clear,37,239,3,,88.3,148,0,1,26,6,5,May,1,Very High,Medium-High,2.6013513513513513,Low,0.24,0.7075,0.54,0.4958333333333333,Medium,21,Night,237,0,13068.4,0.2970925718229661,0.24,0.7075,0.54,717,Medium Value,,,,3267.1,0.47375,180.0718992727993
2024-07-24 01:20:43,Truck_8,0.7577,120.0181,490,Delayed,24.0,56.1,Heavy,29,463,6,Mechanical Failure,81.1,134,1,1,24,2,7,July,0,Very High,High,3.656716417910448,Medium-Low,0.17,0.5274999999999999,0.3799999999999999,0.3591666666666666,Medium,30,Night,356,0,10867.4,0.20214821844534553,0.17000000000000004,0.5274999999999999,0.37999999999999995,2778,Very High Value,,,,2351.8999999999996,0.34874999999999995,119.19986571635653
2024-12-24 10:20:56,Truck_4,-2.2911,64.2731,133,Delayed,19.4,76.0,Detour,36,182,3,,70.5,249,1,10,24,1,12,December,0,High,Low,0.5341365461847389,Low,0.7450000000000001,0.2625000000000002,0.52,0.5091666666666668,Medium,52,Morning,-116,1,17554.5,0.49060909326201363,0.7450000000000001,0.2625000000000002,0.52,546,Low Value,,,,2538.0,0.5037500000000001,63.44288261058656
2024-02-11 14:40:04,Truck_2,78.4324,125.0181,472,Delivered,24.9,63.2,Detour,36,485,9,,78.9,271,0,14,11,6,2,February,1,Very High,High,1.7416974169741697,High,0.855,0.4725000000000001,0.52,0.6158333333333333,Medium,6,Afternoon,201,0,21381.9,0.6557113277542922,0.855,0.47250000000000014,0.52,4365,Very High Value,,,,2840.4,0.6637500000000001,147.6068268327108
2024-04-24 00:54:49,Truck_7,-2.8329,-29.9102,338,In Transit,28.9,55.5,Detour,39,181,2,Mechanical Failure,88.6,143,0,0,24,2,4,April,0,Very High,Medium-High,2.3636363636363638,Low,0.2149999999999999,0.7149999999999999,0.5800000000000001,0.5033333333333333,Medium,17,Night,195,0,12669.8,0.2798981968768872,0.21499999999999997,0.7149999999999999,0.5800000000000001,362,Low Value,,,,3455.3999999999996,0.4649999999999999,30.782502766280164
2024-01-08 10:20:44,Truck_2,70.0103,-164.1914,172,Delivered,25.5,55.7,Detour,25,259,1,Traffic,65.2,255,0,10,8,0,1,January,0,High,Low,0.6745098039215687,Low,0.7750000000000001,0.1300000000000001,0.3,0.4016666666666668,Medium,2,Morning,-83,1,16626.0,0.4505564662237944,0.7750000000000001,0.13000000000000012,0.3,259,Low Value,,,,1630.0,0.4525000000000001,179.80022771458897
2024-10-25 03:01:44,Truck_2,11.4885,-172.569,187,Delayed,24.8,52.0,Detour,31,231,5,Weather,91.6,234,1,3,25,4,10,October,0,Very High,Low,0.7991452991452992,Medium-Low,0.6699999999999999,0.79,0.42,0.6266666666666666,Medium,43,Night,-47,1,21434.399999999998,0.6579760158743853,0.6699999999999999,0.79,0.42,1155,Medium Value,,,,2839.6,0.73,173.8814082267278
2024-12-12 15:03:51,Truck_8,74.5261,123.6828,439,In Transit,23.5,55.1,Detour,47,454,3,Weather,75.5,196,0,15,12,3,12,December,0,Very High,High,2.239795918367347,Low,0.48,0.3875000000000002,0.74,0.5358333333333334,Medium,50,Afternoon,243,0,14798.0,0.3717021827279786,0.48,0.3875000000000002,0.74,1362,Medium Value,,,,3548.5,0.4337500000000001,144.39457327284654
2024-11-30 09:16:40,Truck_7,-12.9509,132.4986,159,In Transit,18.1,76.0,Detour,18,202,2,Weather,94.4,197,0,9,30,5,11,November,1,Very High,Low,0.8071065989847716,Low,0.485,0.8600000000000003,0.1599999999999999,0.5016666666666667,Medium,48,Morning,-38,1,18596.800000000003,0.5355707014062636,0.485,0.8600000000000003,0.15999999999999998,404,Low Value,,,,1699.2,0.6725000000000001,132.17076399204856
2024-05-13 09:05:25,Truck_7,81.79,-52.7516,362,Delivered,18.3,57.6,Heavy,58,437,8,Mechanical Failure,66.8,123,1,9,13,0,5,May,0,High,Medium-High,2.9430894308943087,Medium-High,0.1149999999999999,0.1699999999999999,0.96,0.415,Medium,20,Morning,239,0,8216.4,0.08779225260978346,0.11499999999999999,0.16999999999999993,0.96,3496,Very High Value,,,,3874.3999999999996,0.14249999999999996,98.92260201953873
2024-12-16 06:06:57,Truck_4,47.7175,72.531,163,Delivered,24.6,53.2,Detour,34,473,9,Traffic,72.4,263,0,6,16,0,12,December,0,High,Low,0.6197718631178707,High,0.815,0.3100000000000003,0.48,0.535,Medium,51,Morning,-100,1,19041.2,0.5547407471313951,0.815,0.3100000000000003,0.48000000000000004,4257,Very High Value,,,,2461.6000000000004,0.5625000000000001,86.88286781489643
2024-02-14 07:54:59,Truck_7,-21.5329,-145.2581,258,Delayed,19.9,51.9,Heavy,54,237,10,,92.7,271,1,7,14,2,2,February,0,Very High,Medium-Low,0.9520295202952029,High,0.855,0.8175000000000003,0.8800000000000001,0.8508333333333334,High,7,Morning,-13,1,25121.7,0.8170347683547581,0.855,0.8175000000000003,0.8800000000000001,2370,High Value,,,,5005.8,0.8362500000000002,147.48130285060094
2024-06-25 12:15:28,Truck_9,-4.5863,71.7337,319,Delayed,18.0,63.6,Detour,23,473,7,Weather,83.0,187,1,12,25,1,6,June,0,Very High,Medium-High,1.7058823529411764,Medium-High,0.435,0.5750000000000002,0.26,0.4233333333333334,Medium,26,Afternoon,132,0,15521.0,0.4028901734104047,0.43500000000000005,0.5750000000000002,0.26,3311,Very High Value,,,,1909.0,0.5050000000000001,70.97001867960122
2024-08-14 03:59:00,Truck_9,-26.6775,-77.2847,247,Delivered,28.9,60.7,Clear,56,115,10,Mechanical Failure,61.6,270,0,3,14,2,8,August,0,High,Medium-Low,0.9148148148148149,High,0.8500000000000001,0.04,0.9200000000000002,0.6033333333333334,Medium,33,Night,-23,1,16632.0,0.45081528772323354,0.8500000000000001,0.040000000000000036,0.9200000000000002,1150,Medium Value,,,,3449.6,0.44500000000000006,82.12173140315677
2024-04-08 19:43:53,Truck_8,-30.6957,29.255,134,In Transit,19.9,67.5,Detour,42,421,5,Mechanical Failure,77.6,183,0,19,8,0,4,April,0,Very High,Low,0.73224043715847,Medium-Low,0.415,0.4399999999999999,0.6399999999999999,0.4983333333333333,Medium,15,Evening,-49,1,14200.8,0.34594081615046157,0.41500000000000004,0.43999999999999995,0.6399999999999999,2105,High Value,,,,3259.2,0.4275,40.84308761894631
2024-11-07 14:21:51,Truck_4,64.5212,-83.2639,175,In Transit,20.9,58.7,Detour,35,274,9,Mechanical Failure,61.1,240,0,14,7,3,11,November,0,High,Low,0.7291666666666666,High,0.7,0.0275,0.5,0.4091666666666667,Medium,45,Afternoon,-65,1,14664.0,0.3659218359071694,0.7,0.02750000000000008,0.5,2466,Very High Value,,,,2138.5,0.36375,106.83311434441676
2024-01-12 17:01:33,Truck_9,68.181,-84.9051,179,Delayed,24.2,50.2,Clear,31,485,10,,75.8,255,1,17,12,4,1,January,0,Very High,Low,0.7019607843137254,High,0.7750000000000001,0.395,0.42,0.53,Medium,2,Evening,-76,1,19329.0,0.567155551721163,0.7750000000000001,0.395,0.42,4850,Very High Value,,,,2349.7999999999997,0.5850000000000001,110.39782451657074
2024-05-30 08:29:11,Truck_10,-81.2116,13.9727,105,Delayed,27.1,59.8,Clear,36,409,7,Traffic,75.7,290,1,8,30,3,5,May,0,Very High,Low,0.3620689655172414,Medium-High,0.95,0.3925,0.52,0.6208333333333333,Medium,22,Morning,-185,1,21953.0,0.6803468208092486,0.95,0.39250000000000007,0.52,2863,Very High Value,,,,2725.2000000000003,0.67125,80.92470922946332
2024-05-16 07:34:11,Truck_2,-21.308,-14.9017,277,In Transit,23.5,63.9,Heavy,11,292,8,Weather,67.5,234,1,7,16,3,5,May,0,High,Medium-Low,1.1837606837606838,Medium-High,0.6699999999999999,0.1875,0.0199999999999999,0.2925,Low,20,Morning,43,0,15795.0,0.4147096885514624,0.6699999999999999,0.1875,0.01999999999999999,2336,High Value,,,,742.5,0.42874999999999996,25.409195708959896
2024-12-08 12:26:38,Truck_5,77.2059,-132.0473,427,Delayed,26.7,63.8,Detour,54,453,6,Weather,86.7,101,1,12,8,6,12,December,1,Very High,High,4.227722772277228,Medium-Low,0.005,0.6675,0.8800000000000001,0.5175000000000001,Medium,49,Afternoon,326,0,8756.7,0.11109912863428528,0.0050000000000000044,0.6675,0.8800000000000001,2718,Very High Value,,,,4681.8,0.33625,154.372489050997
2024-03-28 08:34:01,Truck_3,21.4872,-123.6879,348,Delayed,22.7,63.3,Detour,23,134,4,Mechanical Failure,99.6,251,1,8,28,3,3,March,0,Very High,Medium-High,1.3864541832669324,Medium-Low,0.7550000000000001,0.9900000000000002,0.26,0.6683333333333334,High,13,Morning,97,0,24999.6,0.8117677508411698,0.7550000000000001,0.9900000000000002,0.26,536,Low Value,,,,2290.7999999999997,0.8725000000000002,126.60356107826361
2024-04-16 21:31:53,Truck_3,47.7603,-137.0932,300,Delayed,23.1,78.1,Detour,53,146,4,Weather,73.3,280,1,21,16,1,4,April,0,High,Medium-High,1.0714285714285714,Medium-Low,0.9000000000000001,0.3325,0.8600000000000001,0.6975000000000001,High,16,Late_Evening,20,0,20524.0,0.6187041670261411,0.9000000000000001,0.3325,0.8600000000000001,584,Low Value,,,,3884.8999999999996,0.6162500000000001,146.41573184188266
2024-11-20 14:44:30,Truck_1,-4.7971,56.411,457,Delivered,27.2,69.1,Heavy,55,319,2,Traffic,67.7,132,1,14,20,2,11,November,0,High,High,3.462121212121212,Low,0.16,0.1925000000000001,0.9000000000000001,0.4175000000000001,Medium,47,Afternoon,325,0,8936.4,0.11885083254248985,0.16000000000000003,0.19250000000000012,0.9000000000000001,638,Low Value,,,,3723.5,0.17625000000000007,55.68013165154018
2024-06-20 08:17:55,Truck_1,-11.1333,-40.0454,316,Delayed,26.8,53.5,Clear,35,402,10,Mechanical Failure,93.6,206,1,8,20,3,6,June,0,Very High,Medium-High,1.5339805825242718,High,0.53,0.8399999999999999,0.5,0.6233333333333333,Medium,25,Morning,110,0,19281.6,0.5651108618755931,0.53,0.8399999999999999,0.5,4020,Very High Value,,,,3276.0,0.6849999999999999,42.034393191106325
2024-08-11 15:40:34,Truck_9,15.5083,115.4388,207,In Transit,19.2,59.7,Detour,56,484,7,Traffic,72.6,285,0,15,11,6,8,August,1,High,Medium-Low,0.7263157894736842,Medium-High,0.925,0.3149999999999999,0.9200000000000002,0.7200000000000001,High,32,Afternoon,-78,1,20691.0,0.625908032093866,0.925,0.31499999999999995,0.9200000000000002,3388,Very High Value,,,,4065.5999999999995,0.62,115.8365401075761
2024-10-30 12:44:31,Truck_10,-70.6858,54.4683,333,Delivered,27.5,55.8,Heavy,36,141,2,Traffic,67.0,264,1,12,30,2,10,October,0,High,Medium-High,1.2613636363636365,Low,0.8200000000000001,0.175,0.52,0.505,Medium,44,Afternoon,69,0,17688.0,0.4963678716245363,0.8200000000000001,0.17500000000000004,0.52,282,Low Value,,,,2412.0,0.49750000000000005,87.6491004007552
2024-03-22 11:00:20,Truck_10,-18.4278,101.4997,327,Delayed,22.6,57.4,Detour,38,432,4,Traffic,68.4,171,1,11,22,4,3,March,0,High,Medium-High,1.912280701754386,Medium-Low,0.355,0.2100000000000002,0.56,0.375,Medium,12,Morning,156,0,11696.400000000001,0.2379087222845312,0.355,0.2100000000000002,0.56,1728,High Value,,,,2599.2000000000003,0.2825000000000001,102.09934359422859
2024-05-12 13:40:05,Truck_3,43.7523,149.8334,197,In Transit,20.0,69.6,Detour,42,314,3,Traffic,87.2,201,0,13,12,6,5,May,1,Very High,Low,0.9800995024875622,Low,0.5050000000000001,0.6800000000000002,0.6399999999999999,0.6083333333333334,Medium,19,Afternoon,-4,1,17527.2,0.48943145543956523,0.5050000000000001,0.6800000000000002,0.6399999999999999,942,Medium Value,,,,3662.4,0.5925000000000001,155.67607589867816
2024-11-15 08:08:17,Truck_7,18.5151,24.3559,356,Delayed,23.4,72.8,Detour,39,486,9,Mechanical Failure,99.2,282,1,8,15,4,11,November,0,Very High,Medium-High,1.2624113475177305,High,0.91,0.9800000000000004,0.5800000000000001,0.8233333333333336,High,46,Morning,74,0,27974.4,0.9400914502631352,0.9099999999999999,0.9800000000000004,0.5800000000000001,4374,Very High Value,,,,3868.8,0.9450000000000002,30.792200927362533
2024-10-07 06:11:39,Truck_9,84.6774,61.0153,359,Delayed,29.2,54.5,Detour,50,268,1,,67.4,249,1,6,7,0,10,October,0,High,Medium-High,1.4417670682730923,Low,0.7450000000000001,0.1850000000000002,0.8,0.5766666666666668,Medium,41,Morning,110,0,16782.600000000002,0.45731170735915816,0.7450000000000001,0.18500000000000028,0.8,268,Low Value,,,,3370.0000000000005,0.4650000000000002,104.9946286166569
2024-09-09 03:30:12,Truck_3,49.5864,-154.4224,377,Delivered,18.1,55.0,Detour,59,476,6,Weather,70.2,268,0,3,9,0,9,September,0,High,Medium-High,1.4067164179104477,Medium-Low,0.8400000000000001,0.2550000000000001,0.98,0.6916666666666668,High,37,Night,109,0,18813.600000000002,0.5449227849193341,0.8400000000000001,0.2550000000000001,0.98,2856,Very High Value,,,,4141.8,0.5475000000000001,163.40453353861872
2024-08-21 20:07:08,Truck_6,-51.319,-46.5841,228,Delayed,24.2,59.2,Heavy,26,321,5,Traffic,96.3,132,1,20,21,2,8,August,0,Very High,Medium-Low,1.7272727272727273,Medium-Low,0.16,0.9075000000000002,0.32,0.4625000000000001,Medium,34,Late_Evening,96,0,12711.6,0.2817013199896472,0.16000000000000003,0.9075000000000002,0.32,1605,High Value,,,,2503.7999999999997,0.5337500000000002,68.88147640402131
2024-01-17 03:33:56,Truck_10,-12.9902,176.1206,399,Delivered,23.4,71.7,Heavy,12,239,1,,67.6,156,1,3,17,2,1,January,0,High,Medium-High,2.5576923076923075,Low,0.28,0.1899999999999999,0.0399999999999999,0.17,Low,3,Night,243,0,10545.599999999999,0.18826675869208864,0.28,0.18999999999999995,0.03999999999999998,239,Low Value,,,,811.1999999999999,0.235,175.66895765718496
2024-12-02 12:07:59,Truck_3,6.8181,52.3685,157,In Transit,29.8,54.0,Clear,33,151,10,Weather,81.2,192,0,12,2,0,12,December,0,Very High,Low,0.8177083333333334,High,0.4599999999999999,0.5300000000000002,0.46,0.4833333333333334,Medium,49,Afternoon,-35,1,15590.400000000001,0.405883875420585,0.45999999999999996,0.5300000000000002,0.46,1510,High Value,,,,2679.6,0.4950000000000001,52.176367127986076
2024-11-18 07:52:13,Truck_10,-3.038,106.5694,327,In Transit,21.2,52.6,Clear,48,209,8,Mechanical Failure,98.6,104,0,7,18,0,11,November,0,Very High,Medium-High,3.144230769230769,Medium-High,0.02,0.965,0.76,0.5816666666666667,Medium,47,Morning,223,0,10254.4,0.1757052885859719,0.020000000000000018,0.9649999999999999,0.76,1672,High Value,,,,4732.799999999999,0.49249999999999994,105.7456639412541
2024-04-29 11:54:26,Truck_2,35.5141,90.8087,215,Delayed,21.7,73.4,Detour,17,146,9,,70.4,296,1,11,29,0,4,April,0,High,Medium-Low,0.7263513513513513,High,0.98,0.2600000000000002,0.14,0.4600000000000001,Medium,18,Morning,-81,1,20838.4,0.6322664135967562,0.98,0.26000000000000023,0.14,1314,Medium Value,,,,1196.8000000000002,0.6200000000000001,97.23478843275193
2024-05-29 06:49:50,Truck_9,-40.8724,-42.3243,213,Delayed,20.2,63.7,Clear,16,248,10,,68.8,136,1,6,29,2,5,May,0,High,Medium-Low,1.5661764705882353,High,0.18,0.2199999999999999,0.12,0.1733333333333333,Low,22,Morning,77,0,9356.8,0.1369855922698645,0.18000000000000005,0.21999999999999997,0.12,2480,Very High Value,,,,1100.8,0.2,58.5160189601072
2024-11-10 05:49:21,Truck_7,44.6347,-110.6304,226,In Transit,21.4,58.0,Detour,47,348,7,Mechanical Failure,85.7,136,0,5,10,6,11,November,1,Very High,Medium-Low,1.661764705882353,Medium-High,0.18,0.6425000000000001,0.74,0.5208333333333334,Medium,45,Night,90,0,11655.2,0.23613148132171513,0.18000000000000005,0.6425000000000001,0.74,2436,Very High Value,,,,4027.9,0.41125000000000006,120.58404998419618
2024-11-03 20:21:38,Truck_1,76.5468,-13.5249,334,Delivered,24.2,76.2,Clear,24,402,7,Traffic,71.5,105,0,20,3,6,11,November,1,High,Medium-High,3.1809523809523808,Medium-High,0.025,0.2875000000000001,0.2799999999999999,0.1975,Low,44,Late_Evening,229,0,7507.5,0.0572124924510396,0.025000000000000022,0.2875000000000001,0.27999999999999997,2814,Very High Value,,,,1716.0,0.15625000000000006,79.2196281914662
2024-09-04 10:45:13,Truck_2,72.8206,90.5169,319,In Transit,25.5,51.7,Detour,32,350,2,,69.7,254,0,10,4,2,9,September,0,High,Medium-High,1.2559055118110236,Low,0.77,0.2425000000000001,0.44,0.4841666666666667,Medium,36,Morning,65,0,17703.8,0.49704943490639286,0.77,0.24250000000000016,0.44,700,Low Value,,,,2230.4,0.5062500000000001,116.38406612562507
2024-09-25 21:53:09,Truck_8,81.2554,4.8416,411,In Transit,20.5,77.4,Heavy,51,211,5,Mechanical Failure,76.9,244,1,21,25,2,9,September,0,Very High,High,1.6844262295081966,Medium-Low,0.72,0.4225000000000003,0.8200000000000001,0.6541666666666668,Medium,39,Late_Evening,167,0,18763.600000000002,0.5427659390906739,0.72,0.4225000000000003,0.8200000000000001,1055,Medium Value,,,,3921.9,0.5712500000000001,82.71249027234741
2024-07-24 06:30:18,Truck_6,74.9107,17.8019,208,Delayed,28.8,64.9,Clear,40,437,6,Weather,64.6,185,1,6,24,2,7,July,0,High,Medium-Low,1.1243243243243244,Medium-Low,0.425,0.1149999999999999,0.6000000000000001,0.38,Medium,30,Morning,23,0,11950.999999999998,0.24889138124406862,0.42500000000000004,0.11499999999999999,0.6000000000000001,2622,Very High Value,,,,2584.0,0.27,78.13475524168094
2024-04-02 13:43:06,Truck_5,20.446,149.3776,328,Delivered,22.8,73.6,Clear,12,349,9,Mechanical Failure,93.3,162,0,13,2,1,4,April,0,Very High,Medium-High,2.0246913580246915,High,0.31,0.8325,0.0399999999999999,0.3941666666666667,Medium,14,Afternoon,166,0,15114.6,0.3853593305150549,0.31000000000000005,0.8325,0.03999999999999998,3141,Very High Value,,,,1119.6,0.57125,150.13261136599033
2024-03-04 06:43:40,Truck_3,-60.7101,-29.4842,219,Delayed,22.9,56.6,Heavy,49,372,6,Mechanical Failure,64.4,300,1,6,4,0,3,March,0,High,Medium-Low,0.73,Medium-Low,1.0,0.1100000000000003,0.78,0.6300000000000001,Medium,10,Morning,-81,1,19320.0,0.5667673194720042,1.0,0.11000000000000032,0.78,2232,High Value,,,,3155.6000000000004,0.5550000000000002,66.64684173489248
2024-12-10 12:39:50,Truck_8,74.2314,-113.7355,438,In Transit,25.7,71.2,Detour,21,445,5,Weather,90.4,154,0,12,10,1,12,December,0,Very High,High,2.844155844155844,Medium-Low,0.27,0.7600000000000002,0.2199999999999999,0.4166666666666667,Medium,50,Afternoon,284,0,13921.6,0.3338969890432233,0.27,0.7600000000000002,0.21999999999999997,2225,High Value,,,,1898.4,0.5150000000000001,137.26231352756204
2024-01-05 03:23:06,Truck_9,16.9737,-7.8198,145,In Transit,23.3,70.3,Detour,44,421,2,,93.9,286,0,3,5,4,1,January,0,Very High,Low,0.506993006993007,Low,0.93,0.8475000000000001,0.6799999999999999,0.8191666666666667,High,1,Night,-141,1,26855.4,0.8918212406177208,0.9299999999999999,0.8475000000000001,0.6799999999999999,842,Medium Value,,,,4131.6,0.88875,20.274836225657804
2024-01-18 17:13:48,Truck_1,35.8055,-41.1532,299,Delivered,22.4,64.2,Clear,54,303,1,Traffic,88.1,125,0,17,18,3,1,January,0,Very High,Medium-Low,2.392,Low,0.125,0.7025000000000001,0.8800000000000001,0.5691666666666667,Medium,3,Evening,174,0,11012.5,0.20840738504011735,0.125,0.7025000000000001,0.8800000000000001,303,Low Value,,,,4757.4,0.41375000000000006,56.07550513364214
2024-05-10 06:01:32,Truck_5,6.7867,-133.6343,356,Delivered,18.9,71.7,Clear,25,368,1,Traffic,66.1,228,0,6,10,4,5,May,0,High,Medium-High,1.5614035087719298,Low,0.6400000000000001,0.1524999999999998,0.3,0.3641666666666667,Medium,19,Morning,128,0,15070.8,0.3834699335691485,0.6400000000000001,0.15249999999999986,0.3,368,Low Value,,,,1652.4999999999998,0.39625,134.71790491487369
2024-10-26 05:59:54,Truck_3,6.184,36.1898,137,Delivered,22.8,50.6,Detour,24,465,6,Weather,61.3,226,0,5,26,5,10,October,1,High,Low,0.6061946902654868,Medium-Low,0.6300000000000001,0.0324999999999999,0.2799999999999999,0.3141666666666667,Low,43,Night,-89,1,13853.8,0.33097230609955997,0.6300000000000001,0.03249999999999997,0.27999999999999997,2790,Very High Value,,,,1471.1999999999998,0.33125000000000004,36.148725337083825
2024-04-21 16:13:53,Truck_8,-75.0605,-52.5256,231,Delivered,24.3,57.8,Clear,56,368,7,Weather,87.2,203,0,16,21,6,4,April,1,Very High,Medium-Low,1.1379310344827587,Medium-High,0.5150000000000001,0.6800000000000002,0.9200000000000002,0.7050000000000001,High,16,Evening,28,0,17701.600000000002,0.49695453368993203,0.5150000000000001,0.6800000000000002,0.9200000000000002,2576,Very High Value,,,,4883.2,0.5975000000000001,90.99078166798353
2024-09-14 01:51:27,Truck_2,-77.891,-96.7804,336,Delivered,19.7,66.7,Clear,54,163,7,Mechanical Failure,71.4,122,0,1,14,5,9,September,1,High,Medium-High,2.7540983606557377,Medium-High,0.1099999999999999,0.2850000000000001,0.8800000000000001,0.4250000000000001,Medium,37,Night,214,0,8710.800000000001,0.10911914416357527,0.10999999999999999,0.28500000000000014,0.8800000000000001,1141,Medium Value,,,,3855.6000000000004,0.19750000000000006,124.04090501609333
2024-05-12 17:51:01,Truck_9,-47.154,6.9021,290,In Transit,27.6,71.8,Heavy,50,460,7,Mechanical Failure,95.9,118,1,17,12,6,5,May,1,Very High,Medium-Low,2.457627118644068,Medium-High,0.0899999999999999,0.8975000000000004,0.8,0.5958333333333335,Medium,19,Evening,172,0,11316.2,0.22150806660339922,0.08999999999999997,0.8975000000000004,0.8,3220,Very High Value,,,,4795.0,0.4937500000000002,46.19379611815191
2024-09-03 09:06:58,Truck_1,76.1715,-0.0071,427,Delayed,23.2,70.1,Heavy,17,320,4,Weather,73.0,162,1,9,3,1,9,September,0,High,High,2.6358024691358026,Medium-Low,0.31,0.3250000000000002,0.14,0.2583333333333334,Low,36,Morning,265,0,11826.0,0.24349926667241828,0.31000000000000005,0.3250000000000002,0.14,1280,Medium Value,,,,1241.0,0.3175000000000001,77.53618792833284
2024-05-06 09:16:38,Truck_9,-85.8283,163.4575,439,Delivered,26.4,71.3,Clear,41,491,7,Traffic,67.4,273,0,9,6,0,5,May,0,High,High,1.6080586080586081,Medium-High,0.865,0.1850000000000002,0.6200000000000001,0.5566666666666668,Medium,19,Morning,166,0,18400.2,0.5270899836079718,0.865,0.18500000000000028,0.6200000000000001,3437,Very High Value,,,,2763.4,0.5250000000000001,183.24925423405386
2024-01-09 08:52:44,Truck_7,6.009,-33.838,461,Delivered,18.6,74.6,Heavy,23,185,4,Traffic,77.8,215,1,8,9,1,1,January,0,Very High,High,2.144186046511628,Medium-Low,0.575,0.445,0.26,0.4266666666666667,Medium,2,Morning,246,0,16727.0,0.45491329479768794,0.575,0.44500000000000006,0.26,740,Medium Value,,,,1789.3999999999999,0.51,35.44943641251248
2024-09-06 03:02:40,Truck_9,3.8184,139.4876,414,Delivered,29.0,70.6,Heavy,25,291,4,Traffic,92.9,154,1,3,6,4,9,September,0,Very High,High,2.688311688311688,Medium-Low,0.27,0.8225000000000002,0.3,0.4641666666666668,Medium,36,Night,260,0,14306.6,0.3505047019239065,0.27,0.8225000000000002,0.3,1164,Medium Value,,,,2322.5,0.5462500000000001,138.7472237774218
2024-08-05 16:44:46,Truck_6,66.3417,-154.1243,498,Delayed,23.8,55.9,Detour,16,381,7,,67.2,131,1,16,5,0,8,August,0,High,High,3.801526717557252,Medium-High,0.155,0.1800000000000001,0.12,0.1516666666666667,Low,32,Evening,367,0,8803.2,0.11310499525493922,0.15500000000000003,0.18000000000000016,0.12,2667,Very High Value,,,,1075.2,0.1675000000000001,169.10515182619645
2024-08-16 10:45:59,Truck_4,-61.8623,113.6304,334,Delivered,22.5,57.1,Clear,43,381,6,,73.8,157,0,10,16,4,8,August,0,High,Medium-High,2.127388535031847,Medium-Low,0.285,0.345,0.6599999999999999,0.43,Medium,33,Morning,177,0,11586.6,0.2331722888447934,0.28500000000000003,0.345,0.6599999999999999,2286,High Value,,,,3173.4,0.315,127.99553567464955
2024-07-12 02:46:57,Truck_2,44.502,66.5819,144,Delayed,23.0,70.3,Heavy,54,152,1,Mechanical Failure,84.3,242,1,2,12,4,7,July,0,Very High,Low,0.5950413223140496,Low,0.71,0.6074999999999999,0.8800000000000001,0.7324999999999999,High,28,Night,-98,1,20400.6,0.6133810715210076,0.71,0.6074999999999999,0.8800000000000001,152,Low Value,,,,4552.2,0.65875,80.16057000678168
2024-01-24 08:44:24,Truck_3,-12.2885,38.4287,231,Delivered,28.2,67.2,Clear,50,221,1,,84.8,270,0,8,24,2,1,January,0,Very High,Medium-Low,0.8555555555555555,Low,0.8500000000000001,0.6200000000000001,0.8,0.7566666666666668,High,4,Morning,-39,1,22896.0,0.7210249331377794,0.8500000000000001,0.6200000000000001,0.8,221,Low Value,,,,4240.0,0.7350000000000001,39.14795423421901
2024-01-13 21:47:31,Truck_5,-40.8275,-46.7423,324,Delayed,25.5,65.2,Clear,51,233,9,Traffic,90.2,145,1,21,13,5,1,January,1,Very High,Medium-High,2.2344827586206897,High,0.2249999999999999,0.7550000000000003,0.8200000000000001,0.6000000000000001,Medium,2,Late_Evening,179,0,13079.0,0.2975498231386421,0.22499999999999998,0.7550000000000003,0.8200000000000001,2097,High Value,,,,4600.2,0.49000000000000016,61.81804500811641
2024-04-16 08:03:32,Truck_6,-76.5757,-52.269,246,Delivered,19.4,56.3,Clear,16,406,9,Weather,65.7,140,0,8,16,1,4,April,0,High,Medium-Low,1.7571428571428571,High,0.2,0.1425,0.12,0.1541666666666667,Low,16,Morning,106,0,9198.0,0.13013544991803988,0.20000000000000007,0.14250000000000007,0.12,3654,Very High Value,,,,1051.2,0.17125000000000007,92.07410073587536
2024-02-12 03:22:04,Truck_2,-79.279,69.568,283,Delayed,27.7,52.4,Heavy,16,280,8,Traffic,96.0,297,1,3,12,0,2,February,0,Very High,Medium-Low,0.9528619528619529,Medium-High,0.985,0.9000000000000004,0.12,0.6683333333333334,High,7,Night,-14,1,28512.0,0.9632818566128893,0.9850000000000001,0.9000000000000004,0.12,2240,High Value,,,,1536.0,0.9425000000000002,103.90043199871869
2024-05-08 03:54:27,Truck_10,84.3451,-106.877,453,Delayed,21.8,66.4,Clear,48,305,2,Mechanical Failure,68.9,212,1,3,8,2,5,May,0,High,High,2.1367924528301887,Low,0.56,0.2225000000000001,0.76,0.5141666666666668,Medium,19,Night,241,0,14606.800000000001,0.3634544042791822,0.56,0.22250000000000014,0.76,610,Low Value,,,,3307.2000000000003,0.3912500000000001,137.65063156060958
2024-12-07 12:50:56,Truck_10,-19.0721,161.7246,392,Delivered,30.0,72.1,Detour,52,329,4,Traffic,66.6,174,0,12,7,5,12,December,1,High,Medium-High,2.2528735632183907,Medium-Low,0.37,0.165,0.8400000000000001,0.4583333333333333,Medium,49,Afternoon,218,0,11588.4,0.23324993529462518,0.37,0.16500000000000004,0.8400000000000001,1316,Medium Value,,,,3463.2,0.2675,161.85956661591788
2024-11-26 00:36:15,Truck_6,-69.0311,-32.9575,343,In Transit,25.2,72.6,Clear,21,400,9,Weather,87.7,300,0,0,26,1,11,November,0,Very High,Medium-High,1.1433333333333333,High,1.0,0.6925000000000003,0.2199999999999999,0.6375000000000001,Medium,48,Night,43,0,26310.0,0.8682943663186957,1.0,0.6925000000000003,0.21999999999999997,3600,Very High Value,,,,1841.7,0.8462500000000002,75.64017965265117
2024-05-07 08:15:24,Truck_4,87.7793,-108.9268,144,Delayed,25.8,65.6,Detour,23,362,10,Traffic,88.9,199,1,8,7,1,5,May,0,Very High,Low,0.7236180904522613,High,0.495,0.7225000000000001,0.26,0.4925000000000001,Medium,19,Morning,-55,1,17691.100000000002,0.4965015960659134,0.495,0.7225000000000001,0.26,3620,Very High Value,,,,2044.7,0.6087500000000001,141.39990749091376
2024-11-05 21:58:32,Truck_9,-48.3633,-36.2936,151,Delayed,22.1,59.7,Clear,58,338,1,Traffic,81.5,248,1,21,5,1,11,November,0,Very High,Low,0.6088709677419355,Low,0.74,0.5375000000000001,0.96,0.7458333333333332,High,45,Late_Evening,-97,1,20212.0,0.6052454490553015,0.74,0.5375000000000001,0.96,338,Low Value,,,,4727.0,0.63875,59.89980462090411
2024-02-28 11:48:48,Truck_7,-36.4104,-4.335,389,In Transit,27.2,59.8,Heavy,20,129,8,Traffic,80.8,164,1,11,28,2,2,February,0,Very High,Medium-High,2.3719512195121952,Medium-High,0.32,0.52,0.2,0.3466666666666667,Medium,9,Morning,225,0,13251.199999999999,0.3049780001725476,0.32000000000000006,0.52,0.2,1032,Medium Value,,,,1616.0,0.42000000000000004,35.42984813202684
2024-04-16 23:04:14,Truck_2,-39.225,-156.4228,355,Delayed,19.2,62.2,Clear,10,137,2,Traffic,67.0,269,1,23,16,1,4,April,0,High,Medium-High,1.3197026022304832,Low,0.845,0.175,0.0,0.34,Medium,16,Late_Evening,86,0,18023.0,0.5108187386765595,0.845,0.17500000000000004,0.0,274,Low Value,,,,670.0,0.51,161.7541693078154
2024-11-28 00:36:34,Truck_10,84.0407,-74.7098,493,Delayed,20.7,70.9,Clear,52,478,1,Traffic,62.5,103,1,0,28,3,11,November,0,High,High,4.786407766990291,Low,0.015,0.0625,0.8400000000000001,0.3058333333333333,Low,48,Night,390,0,6437.5,0.011055991717712044,0.015000000000000013,0.0625,0.8400000000000001,478,Low Value,,,,3250.0,0.03875000000000001,114.02026905523266
2024-02-09 06:40:41,Truck_9,-68.5324,127.5394,181,Delivered,22.9,70.3,Detour,49,441,7,,94.7,168,0,6,9,4,2,February,0,Very High,Low,1.0773809523809523,Medium-High,0.3399999999999999,0.8675000000000002,0.78,0.6625,High,6,Morning,13,0,15909.6,0.4196531791907515,0.33999999999999997,0.8675000000000002,0.78,3087,Very High Value,,,,4640.3,0.60375,143.40712902679476
2024-05-14 13:25:22,Truck_6,-8.4586,44.4779,342,In Transit,22.6,55.5,Detour,35,119,3,,73.9,199,0,13,14,1,5,May,0,High,Medium-High,1.7185929648241205,Low,0.495,0.3475000000000001,0.5,0.4475,Medium,20,Afternoon,143,0,14706.1,0.36773790009490126,0.495,0.34750000000000014,0.5,357,Low Value,,,,2586.5,0.42125000000000007,44.214394624830334
2024-08-28 13:33:22,Truck_9,14.0092,-131.9758,376,Delayed,20.5,55.5,Clear,34,315,9,,70.7,297,1,13,28,2,8,August,0,High,Medium-High,1.265993265993266,High,0.985,0.2675,0.48,0.5775,Medium,35,Afternoon,79,0,20997.9,0.6391467517901822,0.9850000000000001,0.26750000000000007,0.48000000000000004,2835,Very High Value,,,,2403.8,0.6262500000000001,133.69916973548732
2024-02-21 02:51:08,Truck_4,3.6602,107.779,464,In Transit,20.8,50.1,Heavy,16,441,7,,91.1,240,1,2,21,2,2,February,0,Very High,High,1.9333333333333333,Medium-High,0.7,0.7774999999999999,0.12,0.5324999999999999,Medium,8,Night,224,0,21864.0,0.6765076352342335,0.7,0.7774999999999999,0.12,3087,Very High Value,,,,1457.6,0.7387499999999999,107.05972278529589
2024-10-25 05:54:37,Truck_3,29.342,-68.5682,452,In Transit,26.7,64.1,Clear,36,152,1,,90.1,231,0,5,25,4,10,October,0,Very High,High,1.9567099567099566,Low,0.655,0.7525,0.52,0.6425,Medium,43,Night,221,0,20813.1,0.6311750496074541,0.655,0.7525,0.52,152,Low Value,,,,3243.6,0.70375,75.89273394001515
2024-07-18 23:30:52,Truck_9,-20.6524,-102.5762,228,Delivered,28.7,65.0,Heavy,26,271,3,Traffic,66.0,290,1,23,18,3,7,July,0,High,Medium-Low,0.7862068965517242,Low,0.95,0.1500000000000001,0.32,0.4733333333333334,Medium,29,Late_Evening,-62,1,19140.0,0.5590026744888276,0.95,0.15000000000000013,0.32,813,Medium Value,,,,1716.0,0.55,105.19740097963184
2024-02-28 23:27:53,Truck_10,-88.696,117.3902,288,Delivered,27.1,69.4,Heavy,37,144,2,,63.6,126,1,23,28,2,2,February,0,High,Medium-Low,2.2857142857142856,Low,0.13,0.09,0.54,0.2533333333333333,Low,9,Late_Evening,162,0,8013.6,0.07904408592873785,0.13,0.09000000000000008,0.54,288,Low Value,,,,2353.2000000000003,0.11000000000000004,145.6440790170366
2024-07-13 15:41:00,Truck_10,-27.0315,40.2451,133,Delayed,18.6,79.4,Clear,14,314,10,Mechanical Failure,98.8,109,1,15,13,5,7,July,1,Very High,Low,1.2201834862385321,High,0.045,0.9700000000000002,0.08,0.365,Medium,28,Afternoon,24,0,10769.199999999999,0.19791217323785693,0.04500000000000004,0.9700000000000002,0.08000000000000002,3140,Very High Value,,,,1383.2,0.5075000000000001,47.032070434938184
2024-06-21 04:12:55,Truck_6,25.5135,-147.3897,117,In Transit,29.7,63.7,Clear,17,159,8,,77.0,106,0,4,21,4,6,June,0,Very High,Low,1.1037735849056605,Medium-High,0.03,0.425,0.14,0.1983333333333333,Low,25,Night,11,0,8162.0,0.0854456043482012,0.030000000000000027,0.42500000000000004,0.14,1272,Medium Value,,,,1309.0,0.22750000000000004,150.64315141649962
2024-09-29 17:58:30,Truck_2,68.4014,-52.0862,428,Delayed,28.4,74.2,Clear,54,492,1,,86.2,286,1,17,29,6,9,September,1,Very High,High,1.4965034965034965,Low,0.93,0.6550000000000002,0.8800000000000001,0.8216666666666668,High,39,Evening,142,0,24653.2,0.7968251229402123,0.9299999999999999,0.6550000000000002,0.8800000000000001,492,Low Value,,,,4654.8,0.7925000000000001,87.56446838707585
2024-06-05 07:32:41,Truck_8,-7.1543,-132.8372,381,Delivered,18.0,53.0,Clear,25,398,9,Weather,94.6,100,0,7,5,2,6,June,0,Very High,Medium-High,3.81,High,0.0,0.8649999999999998,0.3,0.3883333333333332,Medium,23,Morning,281,0,9460.0,0.14143732206021914,0.0,0.8649999999999998,0.3,3582,Very High Value,,,,2365.0,0.4324999999999999,133.79976703407735
2024-12-19 21:28:31,Truck_9,-78.2763,151.3943,166,Delayed,22.5,53.8,Clear,57,442,6,Weather,72.1,284,1,21,19,3,12,December,0,High,Low,0.5845070422535211,Medium-Low,0.92,0.3025,0.9400000000000002,0.7208333333333333,High,51,Late_Evening,-118,1,20476.399999999998,0.6166508497972565,0.9199999999999999,0.3025,0.9400000000000002,2652,Very High Value,,,,4109.7,0.61125,169.06681761832584
2024-04-23 18:51:26,Truck_2,33.9665,-46.5423,225,In Transit,26.1,75.8,Heavy,41,286,3,Mechanical Failure,72.9,224,1,18,23,1,4,April,0,High,Medium-Low,1.0044642857142858,Low,0.6200000000000001,0.3225000000000002,0.6200000000000001,0.5208333333333335,Medium,17,Evening,1,0,16329.600000000002,0.437770684151497,0.6200000000000001,0.32250000000000023,0.6200000000000001,858,Medium Value,,,,2988.9,0.47125000000000017,59.0996687546919
2024-02-17 20:09:25,Truck_2,-59.6899,143.0428,364,Delayed,18.8,68.2,Detour,41,373,1,Weather,88.7,215,1,20,17,5,2,February,1,Very High,Medium-High,1.6930232558139535,Low,0.575,0.7175000000000002,0.6200000000000001,0.6375000000000001,Medium,7,Late_Evening,149,0,19070.5,0.5560046587869899,0.575,0.7175000000000002,0.6200000000000001,373,Low Value,,,,3636.7000000000003,0.6462500000000001,153.70374776574656
2024-07-21 06:13:04,Truck_7,25.7047,150.6302,318,In Transit,25.3,74.6,Clear,32,486,9,Weather,68.1,277,0,6,21,6,7,July,1,High,Medium-High,1.148014440433213,High,0.885,0.2024999999999999,0.44,0.5091666666666667,Medium,29,Morning,41,0,18863.699999999997,0.5470839444396514,0.885,0.2024999999999999,0.44,4374,Very High Value,,,,2179.2,0.54375,152.2185636344938
2024-04-03 05:24:14,Truck_2,15.4009,52.3537,417,In Transit,20.0,61.0,Heavy,54,300,4,Traffic,74.5,156,1,5,3,2,4,April,0,High,High,2.673076923076923,Medium-Low,0.28,0.3625,0.8800000000000001,0.5075000000000001,Medium,14,Night,261,0,11622.0,0.23469933569148482,0.28,0.36250000000000004,0.8800000000000001,1200,Medium Value,,,,4023.0,0.32125000000000004,54.1746824032812
2024-10-22 10:43:44,Truck_7,-86.7799,-102.1496,180,Delayed,18.5,52.1,Clear,10,182,5,Mechanical Failure,99.0,279,1,10,22,1,10,October,0,Very High,Low,0.6451612903225806,Medium-Low,0.895,0.975,0.0,0.6233333333333334,Medium,43,Morning,-99,1,27621.0,0.9248468639461651,0.895,0.9750000000000001,0.0,910,Medium Value,,,,990.0,0.935,133.80132042661225
2024-04-28 12:38:55,Truck_8,40.3406,159.0723,134,Delayed,24.1,68.2,Heavy,35,187,6,Mechanical Failure,99.9,102,1,12,28,6,4,April,1,Very High,Low,1.3137254901960784,Medium-Low,0.01,0.9975000000000004,0.5,0.5025000000000002,Medium,17,Afternoon,32,0,10189.800000000001,0.172918643775343,0.010000000000000009,0.9975000000000005,0.5,1122,Medium Value,,,,3496.5,0.5037500000000003,163.63783930986057
2024-09-28 12:11:17,Truck_8,40.4005,-149.1521,237,In Transit,28.1,75.5,Detour,18,349,2,Weather,90.5,189,0,12,28,5,9,September,1,Very High,Medium-Low,1.253968253968254,Low,0.445,0.7625000000000002,0.1599999999999999,0.4558333333333333,Medium,39,Afternoon,48,0,17104.5,0.4711974808040722,0.44500000000000006,0.7625000000000002,0.15999999999999998,698,Low Value,,,,1629.0,0.6037500000000001,155.69422558993492
2024-09-09 11:51:15,Truck_5,-85.1352,73.2511,259,Delayed,26.6,53.0,Clear,28,118,4,Traffic,60.2,249,1,11,9,0,9,September,0,High,Medium-Low,1.0401606425702812,Medium-Low,0.7450000000000001,0.0050000000000001,0.36,0.3700000000000001,Medium,37,Morning,10,0,14989.800000000001,0.3799758433267191,0.7450000000000001,0.0050000000000001155,0.36000000000000004,472,Low Value,,,,1685.6000000000001,0.3750000000000001,110.73420165691783
2024-10-02 21:49:15,Truck_3,-1.28,1.0168,463,In Transit,19.8,54.5,Heavy,12,408,8,Traffic,71.2,229,1,21,2,2,10,October,0,High,High,2.021834061135371,Medium-High,0.645,0.2800000000000002,0.0399999999999999,0.3216666666666667,Low,40,Late_Evening,234,0,16304.800000000001,0.4367008886204815,0.645,0.28000000000000025,0.03999999999999998,3264,Very High Value,,,,854.4000000000001,0.46250000000000013,0.19678740438851766
2024-05-05 05:42:10,Truck_10,45.2617,-152.3952,290,Delivered,23.7,53.5,Detour,44,237,5,Mechanical Failure,85.8,270,0,5,5,6,5,May,1,Very High,Medium-Low,1.0740740740740742,Medium-Low,0.8500000000000001,0.645,0.6799999999999999,0.725,High,18,Night,20,0,23166.0,0.7326719006125443,0.8500000000000001,0.645,0.6799999999999999,1185,Medium Value,,,,3775.2,0.7475,160.16776719486654
2024-05-21 02:33:29,Truck_8,-14.7713,-117.3565,345,Delayed,21.3,53.6,Clear,35,388,4,Weather,83.5,159,1,2,21,1,5,May,0,Very High,Medium-High,2.169811320754717,Medium-Low,0.295,0.5874999999999999,0.5,0.4608333333333332,Medium,21,Night,186,0,13276.5,0.3060693641618497,0.29500000000000004,0.5874999999999999,0.5,1552,High Value,,,,2922.5,0.44125,118.95198815279426
2024-03-15 22:19:21,Truck_6,51.4225,112.3362,165,Delayed,25.6,61.7,Detour,50,149,10,Traffic,62.6,252,1,22,15,4,3,March,0,High,Low,0.6547619047619048,High,0.76,0.0650000000000001,0.8,0.5416666666666667,Medium,11,Late_Evening,-87,1,15775.2,0.41385557760331304,0.76,0.06500000000000017,0.8,1490,High Value,,,,3130.0,0.4125000000000001,123.36151254584311
2024-02-07 19:45:50,Truck_3,-15.2991,-95.0112,259,In Transit,27.0,79.7,Heavy,15,167,9,Traffic,88.6,147,1,19,7,2,2,February,0,Very High,Medium-Low,1.7619047619047619,High,0.235,0.7149999999999999,0.0999999999999999,0.3499999999999999,Medium,6,Evening,112,0,13024.199999999999,0.29518592011043054,0.235,0.7149999999999999,0.09999999999999998,1503,High Value,,,,1329.0,0.4749999999999999,96.85650594819951
2024-05-11 05:18:46,Truck_7,86.6678,-139.6955,330,Delivered,26.9,62.9,Detour,47,382,6,Weather,90.3,115,0,5,11,5,5,May,1,Very High,Medium-High,2.869565217391304,Medium-Low,0.075,0.7574999999999998,0.74,0.5241666666666666,Medium,19,Night,215,0,10384.5,0.18131740143214564,0.07500000000000007,0.7574999999999998,0.74,2292,High Value,,,,4244.099999999999,0.41624999999999995,165.82613538259895
2024-01-31 05:31:37,Truck_5,44.5442,-73.4346,467,Delivered,19.3,62.1,Detour,39,180,8,Mechanical Failure,63.8,145,0,5,31,2,1,January,0,High,High,3.220689655172414,Medium-High,0.2249999999999999,0.0949999999999999,0.5800000000000001,0.3,Low,5,Night,322,0,9251.0,0.13242170649641966,0.22499999999999998,0.09499999999999997,0.5800000000000001,1440,High Value,,,,2488.2,0.15999999999999998,87.31255298885313
2024-11-01 01:28:08,Truck_3,-48.4503,-99.9978,329,In Transit,26.7,56.2,Detour,16,261,9,Traffic,90.7,104,0,1,1,4,11,November,0,Very High,Medium-High,3.1634615384615383,High,0.02,0.7675000000000001,0.12,0.3025,Low,44,Night,225,0,9432.800000000001,0.14026399792942806,0.020000000000000018,0.7675000000000001,0.12,2349,High Value,,,,1451.2,0.39375000000000004,111.28860851704835
2024-03-03 04:17:01,Truck_9,-37.3934,31.4093,122,Delivered,22.9,64.0,Heavy,24,409,5,Mechanical Failure,99.7,184,1,4,3,6,3,March,1,Very High,Low,0.6630434782608695,Medium-Low,0.42,0.9925000000000002,0.2799999999999999,0.5641666666666667,Medium,9,Night,-62,1,18344.8,0.5247001984298163,0.42000000000000004,0.9925000000000002,0.27999999999999997,2045,High Value,,,,2392.8,0.70625,47.25528308564394
2024-03-09 00:10:34,Truck_3,34.0712,123.0237,146,In Transit,24.2,69.1,Clear,58,301,2,,82.0,238,0,0,9,5,3,March,1,Very High,Low,0.6134453781512605,Low,0.69,0.5500000000000003,0.96,0.7333333333333334,High,10,Night,-92,1,19516.0,0.575222155120352,0.69,0.5500000000000003,0.96,602,Low Value,,,,4756.0,0.6200000000000001,127.22010140830713
2024-04-17 17:28:32,Truck_10,-21.5633,-12.8487,419,Delivered,26.1,62.0,Heavy,19,484,8,,96.4,262,1,17,17,2,4,April,0,Very High,High,1.599236641221374,Medium-High,0.81,0.91,0.18,0.6333333333333334,Medium,16,Evening,157,0,25256.800000000003,0.822862565783798,0.81,0.9100000000000001,0.18,3872,Very High Value,,,,1831.6000000000001,0.8600000000000001,24.40223990131369
2024-09-21 10:33:05,Truck_7,-33.3756,7.8261,143,In Transit,20.1,57.0,Detour,41,143,9,,62.1,106,0,10,21,5,9,September,1,High,Low,1.349056603773585,High,0.03,0.0525000000000002,0.6200000000000001,0.2341666666666667,Low,38,Morning,37,0,6582.6,0.01731515831248387,0.030000000000000027,0.05250000000000021,0.6200000000000001,1287,Medium Value,,,,2546.1,0.04125000000000012,32.769491136693986
2024-02-11 10:31:50,Truck_10,-61.849,-123.7835,445,Delivered,19.8,54.1,Clear,39,375,2,Weather,88.3,247,0,10,11,6,2,February,1,Very High,High,1.8016194331983806,Low,0.7350000000000001,0.7075,0.5800000000000001,0.6741666666666667,High,6,Morning,198,0,21810.1,0.6741825554309377,0.7350000000000001,0.7075,0.5800000000000001,750,Medium Value,,,,3443.7,0.7212500000000001,138.52504873337193
2024-06-15 11:59:39,Truck_5,88.5686,-161.7382,450,Delayed,18.7,56.4,Detour,12,140,8,Mechanical Failure,61.9,160,1,11,15,5,6,June,1,High,High,2.8125,Medium-High,0.3,0.0475000000000001,0.0399999999999999,0.1291666666666667,Low,24,Morning,290,0,9904.0,0.16059011301872145,0.30000000000000004,0.0475000000000001,0.03999999999999998,1120,Medium Value,,,,742.8,0.17375000000000007,185.78988483672154
2024-08-09 03:00:34,Truck_2,-69.408,-8.1703,451,Delivered,22.5,51.6,Detour,28,421,6,,68.8,107,0,3,9,4,8,August,0,High,High,4.214953271028038,Medium-Low,0.035,0.2199999999999999,0.36,0.205,Low,32,Night,344,0,7361.599999999999,0.05091881632300921,0.03500000000000003,0.21999999999999997,0.36000000000000004,2526,Very High Value,,,,1926.3999999999999,0.1275,68.64146003491845
2024-07-22 00:56:20,Truck_4,-49.1524,14.1164,425,Delayed,22.4,65.9,Clear,30,452,10,Traffic,91.4,163,1,0,22,0,7,July,0,Very High,High,2.607361963190184,High,0.315,0.7850000000000001,0.3999999999999999,0.5,Medium,30,Night,262,0,14898.2,0.3760245017686137,0.31500000000000006,0.7850000000000001,0.39999999999999997,4520,Very High Value,,,,2742.0,0.55,49.60288108823081
2024-08-17 07:37:02,Truck_8,27.787,8.2288,235,Delivered,25.8,62.6,Heavy,51,171,6,Mechanical Failure,87.5,207,1,7,17,5,8,August,1,Very High,Medium-Low,1.1352657004830917,Medium-Low,0.5349999999999999,0.6875,0.8200000000000001,0.6808333333333333,High,33,Morning,28,0,18112.5,0.5146794927098611,0.5349999999999999,0.6875,0.8200000000000001,1026,Medium Value,,,,4462.5,0.61125,30.069768728031914
2024-12-11 23:47:30,Truck_7,-13.8485,119.2071,181,In Transit,29.7,51.8,Clear,38,388,10,,92.4,292,0,23,11,2,12,December,0,Very High,Low,0.6198630136986302,High,0.96,0.81,0.56,0.7766666666666667,High,50,Late_Evening,-111,1,26980.800000000003,0.8972306099560006,0.96,0.81,0.56,3880,Very High Value,,,,3511.2000000000003,0.885,119.02701087066323
2024-09-12 00:06:39,Truck_3,25.5003,-47.5718,370,Delivered,23.5,74.4,Heavy,60,105,1,,99.5,128,1,0,12,3,9,September,0,Very High,Medium-High,2.890625,Low,0.14,0.9875000000000004,1.0,0.7091666666666668,High,37,Night,242,0,12736.0,0.2827538607540333,0.14,0.9875000000000003,1.0,105,Low Value,,,,5970.0,0.5637500000000002,55.36151499416509
2024-07-08 14:07:29,Truck_3,69.4106,61.7368,102,Delayed,25.6,76.0,Heavy,50,444,9,Traffic,88.3,105,1,14,8,0,7,July,0,Very High,Low,0.9714285714285714,High,0.025,0.7075,0.8,0.5108333333333334,Medium,28,Afternoon,-3,1,9271.5,0.1333060132861703,0.025000000000000022,0.7075,0.8,3996,Very High Value,,,,4415.0,0.36625,93.3663248453405
2024-03-06 13:14:35,Truck_3,-6.8964,-35.5418,200,Delivered,18.5,77.7,Detour,24,158,4,,82.5,234,0,13,6,2,3,March,0,Very High,Low,0.8547008547008547,Medium-Low,0.6699999999999999,0.5625,0.2799999999999999,0.5041666666666667,Medium,10,Afternoon,-34,1,19305.0,0.5661202657234061,0.6699999999999999,0.5625,0.27999999999999997,632,Low Value,,,,1980.0,0.61625,36.7977084465368
2024-10-30 04:55:27,Truck_6,-0.1148,-127.6784,292,In Transit,23.2,68.1,Heavy,41,440,10,Mechanical Failure,88.9,160,1,4,30,2,10,October,0,Very High,Medium-Low,1.825,High,0.3,0.7225000000000001,0.6200000000000001,0.5475000000000001,Medium,44,Night,132,0,14224.0,0.34694159261495994,0.30000000000000004,0.7225000000000001,0.6200000000000001,4400,Very High Value,,,,3644.9,0.5112500000000001,128.52148209396017
2024-10-07 10:54:40,Truck_5,-41.4279,178.8694,401,In Transit,28.2,51.0,Clear,51,327,3,,85.6,138,0,10,7,0,10,October,0,Very High,High,2.9057971014492754,Low,0.19,0.6400000000000001,0.8200000000000001,0.5500000000000002,Medium,41,Morning,263,0,11812.8,0.24292985937365197,0.19000000000000006,0.6400000000000001,0.8200000000000001,981,Medium Value,,,,4365.599999999999,0.4150000000000001,182.48547127932449
2024-06-06 22:52:41,Truck_3,-0.9333,124.8495,305,Delayed,27.4,50.8,Clear,34,474,1,Mechanical Failure,82.0,226,1,22,6,3,6,June,0,Very High,Medium-High,1.3495575221238938,Low,0.6300000000000001,0.5500000000000003,0.48,0.5533333333333335,Medium,23,Late_Evening,79,0,18532.0,0.5327754292123199,0.6300000000000001,0.5500000000000003,0.48000000000000004,474,Low Value,,,,2788.0,0.5900000000000002,124.01318550764394
2024-04-20 00:14:34,Truck_3,-58.2175,7.2699,441,In Transit,25.0,75.4,Heavy,58,149,10,Traffic,61.3,247,1,0,20,5,4,April,1,High,High,1.785425101214575,High,0.7350000000000001,0.0324999999999999,0.96,0.5758333333333333,Medium,16,Night,194,0,15141.099999999999,0.3865024588042446,0.7350000000000001,0.03249999999999997,0.96,1490,High Value,,,,3555.3999999999996,0.38375000000000004,57.220156846380156
2024-08-02 00:10:54,Truck_2,83.3287,-84.2738,130,Delayed,18.7,67.2,Clear,47,367,1,Traffic,81.7,131,1,0,2,4,8,August,0,Very High,Low,0.9923664122137404,Low,0.155,0.5425,0.74,0.4791666666666667,Medium,31,Night,-1,1,10702.7,0.195043568285739,0.15500000000000003,0.5425,0.74,367,Low Value,,,,3839.9,0.34875,120.06684884898264
2024-10-03 02:54:03,Truck_6,-33.2637,45.4122,265,In Transit,23.4,56.1,Detour,34,406,6,Mechanical Failure,95.0,133,0,2,3,3,10,October,0,Very High,Medium-Low,1.9924812030075187,Medium-Low,0.165,0.875,0.48,0.5066666666666667,Medium,40,Night,132,0,12635.0,0.2783970321801398,0.16500000000000004,0.875,0.48000000000000004,2436,Very High Value,,,,3230.0,0.52,54.81591247731963
2024-09-23 22:37:49,Truck_1,74.3356,112.5528,426,Delivered,26.3,77.7,Detour,58,373,6,Traffic,93.0,125,0,22,23,0,9,September,0,Very High,High,3.408,Medium-Low,0.125,0.8250000000000002,0.96,0.6366666666666667,Medium,39,Late_Evening,301,0,11625.0,0.23482874644120444,0.125,0.8250000000000002,0.96,2238,High Value,,,,5394.0,0.4750000000000001,134.94534790807296
2024-02-17 16:11:22,Truck_6,-53.3015,11.4861,432,In Transit,28.0,65.2,Heavy,35,499,8,Weather,97.4,110,1,16,17,5,2,February,1,Very High,High,3.9272727272727272,Medium-High,0.05,0.9350000000000004,0.5,0.4950000000000001,Medium,7,Evening,322,0,10714.0,0.19553101544301615,0.050000000000000044,0.9350000000000005,0.5,3992,Very High Value,,,,3409.0,0.49250000000000027,53.021807702333064
2024-11-23 04:40:26,Truck_2,-22.5519,60.711,406,Delayed,20.9,76.4,Detour,57,160,9,,73.3,120,1,4,23,5,11,November,1,High,High,3.3833333333333333,High,0.0999999999999999,0.3325,0.9400000000000002,0.4575,Medium,47,Night,286,0,8796.0,0.11279440945561214,0.09999999999999998,0.3325,0.9400000000000002,1440,High Value,,,,4178.099999999999,0.21625,63.513642008657364
2024-01-11 20:19:14,Truck_10,61.697,164.5493,410,In Transit,24.5,62.4,Clear,40,172,5,,86.2,225,0,20,11,3,1,January,0,Very High,High,1.8222222222222222,Medium-Low,0.625,0.6550000000000002,0.6000000000000001,0.6266666666666668,Medium,2,Late_Evening,185,0,19395.0,0.5700025882149944,0.625,0.6550000000000002,0.6000000000000001,860,Medium Value,,,,3448.0,0.6400000000000001,175.43630777975926
2024-10-28 02:17:22,Truck_5,-75.2867,-163.4,155,In Transit,22.6,77.1,Detour,13,196,7,,83.2,168,0,2,28,0,10,October,0,Very High,Low,0.9226190476190477,Medium-High,0.3399999999999999,0.5800000000000001,0.06,0.3266666666666666,Low,44,Night,-13,1,13977.6,0.33631265637132257,0.33999999999999997,0.5800000000000001,0.06,1372,Medium Value,,,,1081.6000000000001,0.46,180.108166147609
2024-12-26 05:05:12,Truck_3,87.1386,-114.968,397,Delivered,23.7,73.5,Detour,31,266,1,Mechanical Failure,92.8,265,0,5,26,3,12,December,0,Very High,Medium-High,1.4981132075471697,Low,0.825,0.8199999999999998,0.42,0.6883333333333334,High,52,Night,132,0,24592.0,0.7941851436459322,0.825,0.8199999999999998,0.42,266,Low Value,,,,2876.7999999999997,0.8224999999999999,145.74919534131462
2024-03-28 10:24:32,Truck_5,51.2486,-41.4882,305,Delivered,28.0,67.8,Detour,13,455,2,Weather,80.8,147,0,10,28,3,3,March,0,Very High,Medium-High,2.074829931972789,Low,0.235,0.52,0.06,0.2716666666666666,Low,13,Morning,158,0,11877.6,0.24572513156759557,0.235,0.52,0.06,910,Medium Value,,,,1050.3999999999999,0.3775,67.52111693039627
2024-04-16 02:44:43,Truck_2,-19.8201,2.4374,343,Delayed,26.2,62.4,Detour,18,166,7,Weather,62.3,168,1,2,16,1,4,April,0,High,Medium-High,2.0416666666666665,Medium-High,0.3399999999999999,0.0575000000000001,0.1599999999999999,0.1858333333333333,Low,16,Night,175,0,10466.4,0.184850314899491,0.33999999999999997,0.05750000000000011,0.15999999999999998,1162,Medium Value,,,,1121.3999999999999,0.19875000000000004,18.529247066498034
2024-12-08 06:15:28,Truck_6,-13.561,-52.5469,342,In Transit,27.6,71.9,Detour,24,216,2,Traffic,67.5,225,0,6,8,6,12,December,1,High,Medium-High,1.52,Low,0.625,0.1875,0.2799999999999999,0.3641666666666667,Medium,49,Morning,117,0,15187.5,0.38850401173324134,0.625,0.1875,0.27999999999999997,432,Low Value,,,,1620.0,0.40625,54.760461480352646
2024-09-05 17:43:56,Truck_3,51.4883,105.7445,347,In Transit,29.1,80.0,Heavy,25,256,3,Mechanical Failure,69.6,274,1,17,5,3,9,September,0,High,Medium-High,1.2664233576642336,Low,0.8700000000000001,0.24,0.3,0.47,Medium,36,Evening,73,0,19070.399999999998,0.5560003450953326,0.8700000000000001,0.24,0.3,768,Medium Value,,,,1739.9999999999998,0.555,117.46712687685277
2024-02-02 22:24:18,Truck_3,21.5738,-95.1501,403,Delivered,29.5,76.6,Heavy,36,379,2,Mechanical Failure,66.7,242,1,22,2,4,2,February,0,High,High,1.665289256198347,Low,0.71,0.1675000000000002,0.52,0.4658333333333334,Medium,5,Late_Evening,161,0,16141.400000000001,0.4296523164524201,0.71,0.1675000000000002,0.52,758,Medium Value,,,,2401.2000000000003,0.4387500000000001,98.6888858166871
2024-04-30 18:44:12,Truck_9,-31.8174,59.5716,482,Delayed,18.1,76.1,Heavy,54,203,10,Traffic,74.1,112,1,18,30,1,4,April,0,High,High,4.303571428571429,High,0.06,0.3525,0.8800000000000001,0.4308333333333334,Medium,18,Evening,370,0,8299.199999999999,0.09136398930204465,0.06000000000000005,0.35250000000000004,0.8800000000000001,2030,High Value,,,,4001.3999999999996,0.20625000000000004,66.16188530397699
2024-05-01 03:13:17,Truck_3,-76.0304,112.9276,130,Delivered,21.6,60.9,Clear,48,479,8,Traffic,83.3,173,0,3,1,2,5,May,0,Very High,Low,0.7514450867052023,Medium-High,0.365,0.5825,0.76,0.5691666666666667,Medium,18,Night,-43,1,14410.9,0.3550038823224916,0.365,0.5825,0.76,3832,Very High Value,,,,3998.3999999999996,0.47375,134.68461847260883
2024-01-10 20:02:28,Truck_1,47.5481,-97.4831,465,Delayed,24.0,72.4,Heavy,48,112,8,,97.1,212,1,20,10,2,1,January,0,Very High,High,2.193396226415094,Medium-High,0.56,0.9275000000000002,0.76,0.7491666666666669,High,2,Late_Evening,253,0,20585.199999999997,0.6213441463204209,0.56,0.9275000000000002,0.76,896,Medium Value,,,,4660.799999999999,0.7437500000000001,109.81285436194099
2024-10-21 11:15:32,Truck_2,77.8751,144.04,322,Delayed,26.1,71.9,Detour,45,339,8,Weather,97.6,145,1,11,21,0,10,October,0,Very High,Medium-High,2.220689655172414,Medium-High,0.2249999999999999,0.94,0.7,0.6216666666666667,Medium,43,Morning,177,0,14152.0,0.34383573462168926,0.22499999999999998,0.94,0.7,2712,Very High Value,,,,4392.0,0.5825,163.66215491098754
2024-11-25 02:58:57,Truck_1,-56.6674,-50.0426,126,Delivered,20.3,51.2,Detour,53,486,7,Mechanical Failure,97.5,129,0,2,25,0,11,November,0,Very High,Low,0.9767441860465116,Medium-High,0.145,0.9375,0.8600000000000001,0.6475000000000001,Medium,48,Night,-3,1,12577.5,0.2759166594771806,0.14500000000000002,0.9375,0.8600000000000001,3402,Very High Value,,,,5167.5,0.54125,75.15076130037117
2024-12-20 08:01:23,Truck_3,62.0999,-9.5972,142,In Transit,22.7,66.1,Detour,59,343,6,Mechanical Failure,86.7,256,0,8,20,4,12,December,0,Very High,Low,0.5546875,Medium-Low,0.78,0.6675,0.98,0.8091666666666667,High,51,Morning,-114,1,22195.2,0.6907945820032785,0.78,0.6675,0.98,2058,High Value,,,,5115.3,0.72375,64.31208448572636
2024-06-29 19:07:17,Truck_9,57.9908,-117.5288,444,Delivered,21.6,53.2,Detour,16,113,2,Traffic,96.1,181,0,19,29,5,6,June,1,Very High,High,2.453038674033149,Low,0.405,0.9025,0.12,0.4758333333333333,Medium,26,Evening,263,0,17394.1,0.4836899318436718,0.405,0.9024999999999999,0.12,226,Low Value,,,,1537.6,0.6537499999999999,132.4122450464245
2024-12-13 18:57:55,Truck_2,73.1274,-63.9399,100,Delivered,22.4,71.6,Detour,22,389,4,Traffic,73.4,159,0,18,13,4,12,December,0,High,Low,0.6289308176100629,Medium-Low,0.295,0.3350000000000002,0.24,0.2900000000000001,Low,50,Evening,-59,1,11670.6,0.2367957898369425,0.29500000000000004,0.3350000000000002,0.24,1556,High Value,,,,1614.8000000000002,0.3150000000000001,98.71392841250045
2024-11-20 05:25:19,Truck_3,-28.6949,-110.5161,227,In Transit,22.6,58.5,Detour,24,477,10,Weather,89.0,139,0,5,20,2,11,November,0,Very High,Medium-Low,1.6330935251798562,High,0.195,0.7250000000000001,0.2799999999999999,0.4000000000000001,Medium,47,Night,88,0,12371.0,0.2670088862048141,0.19500000000000006,0.7250000000000001,0.27999999999999997,4770,Very High Value,,,,2136.0,0.4600000000000001,114.65912726660999
2024-06-29 09:51:14,Truck_3,-28.9152,114.375,416,Delivered,20.7,69.1,Detour,32,139,6,Mechanical Failure,91.7,221,0,9,29,5,6,June,1,Very High,High,1.8823529411764706,Medium-Low,0.605,0.7925,0.44,0.6124999999999999,Medium,26,Morning,195,0,20265.7,0.6075619014752827,0.605,0.7925,0.44,834,Medium Value,,,,2934.4,0.69875,116.83385760904895
2024-12-22 23:33:57,Truck_3,83.9488,131.1197,499,Delayed,25.8,64.0,Detour,46,295,6,Traffic,87.6,160,1,23,22,6,12,December,1,Very High,High,3.11875,Medium-Low,0.3,0.69,0.72,0.57,Medium,51,Late_Evening,339,0,14016.0,0.33796911396773366,0.30000000000000004,0.69,0.72,1770,High Value,,,,4029.6,0.495,155.7278919599269
2024-06-23 22:08:31,Truck_6,52.1635,10.8296,328,Delivered,29.8,53.5,Clear,54,144,6,Weather,78.0,158,0,22,23,6,6,June,1,Very High,Medium-High,2.0759493670886076,Medium-Low,0.29,0.4500000000000002,0.8800000000000001,0.5400000000000001,Medium,25,Late_Evening,170,0,12324.0,0.26498145112587357,0.29000000000000004,0.4500000000000002,0.8800000000000001,864,Medium Value,,,,4212.0,0.3700000000000001,54.448379611306024
2024-03-29 05:14:26,Truck_1,36.5185,-71.9718,324,Delivered,28.2,56.8,Heavy,10,249,7,,76.7,298,1,5,29,4,3,March,0,Very High,Medium-High,1.087248322147651,Medium-High,0.99,0.4175000000000002,0.0,0.4691666666666667,Medium,13,Night,26,0,22856.600000000002,0.7193253386247953,0.99,0.4175000000000002,0.0,1743,High Value,,,,767.0,0.7037500000000001,82.07262793099662
2024-04-03 14:11:16,Truck_5,-10.8232,144.0982,401,In Transit,26.3,59.4,Heavy,30,268,7,,67.6,225,1,14,3,2,4,April,0,High,High,1.7822222222222222,Medium-High,0.625,0.1899999999999999,0.3999999999999999,0.4049999999999999,Medium,14,Afternoon,176,0,15209.999999999998,0.38947459235613835,0.625,0.18999999999999995,0.39999999999999997,1876,High Value,,,,2027.9999999999998,0.4075,143.57335343357053
2024-12-15 14:02:28,Truck_1,-37.9195,-99.3768,182,Delayed,22.9,54.4,Detour,50,135,3,,98.4,268,1,14,15,6,12,December,1,Very High,Low,0.6791044776119403,Low,0.8400000000000001,0.9600000000000004,0.8,0.8666666666666668,High,50,Afternoon,-86,1,26371.2,0.8709343456129757,0.8400000000000001,0.9600000000000004,0.8,405,Low Value,,,,4920.0,0.9000000000000002,106.6742976578295
2024-08-06 13:23:18,Truck_6,-7.2984,-44.5918,264,Delivered,29.5,67.3,Heavy,32,314,8,Traffic,65.9,202,1,13,6,1,8,August,0,High,Medium-Low,1.306930693069307,Medium-High,0.51,0.1475000000000002,0.44,0.3658333333333334,Medium,32,Afternoon,62,0,13311.800000000001,0.30759209731688386,0.51,0.1475000000000002,0.44,2512,Very High Value,,,,2108.8,0.3287500000000001,45.81532284242822
2024-03-14 02:35:33,Truck_8,13.6845,-126.4199,293,Delivered,23.8,62.8,Detour,19,135,1,Mechanical Failure,98.8,291,0,2,14,3,3,March,0,Very High,Medium-Low,1.006872852233677,Low,0.955,0.9700000000000002,0.18,0.7016666666666668,High,11,Night,2,0,28750.8,0.9735829522905703,0.9550000000000001,0.9700000000000002,0.18,135,Low Value,,,,1877.2,0.9625000000000001,128.1431652872567
2024-08-27 00:34:46,Truck_10,-70.6428,166.3723,343,In Transit,29.5,59.8,Detour,35,294,8,,73.7,256,0,0,27,1,8,August,0,High,Medium-High,1.33984375,Medium-High,0.78,0.3425000000000002,0.5,0.5408333333333334,Medium,35,Night,87,0,18867.2,0.5472349236476578,0.78,0.34250000000000025,0.5,2352,High Value,,,,2579.5,0.5612500000000001,179.44919309212304
2024-04-24 20:50:47,Truck_4,-19.3929,-10.2537,103,In Transit,24.8,79.3,Heavy,22,393,9,Weather,88.6,108,1,20,24,2,4,April,0,Very High,Low,0.9537037037037037,High,0.04,0.7149999999999999,0.24,0.3316666666666666,Medium,17,Late_Evening,-5,1,9568.8,0.14613061858338366,0.040000000000000036,0.7149999999999999,0.24,3537,Very High Value,,,,1949.1999999999998,0.37749999999999995,21.1704240365739
2024-09-09 21:41:33,Truck_9,-32.5141,-170.9566,295,Delivered,23.6,72.8,Detour,18,327,5,,92.1,283,0,21,9,0,9,September,0,Very High,Medium-Low,1.0424028268551238,Medium-Low,0.915,0.8024999999999998,0.1599999999999999,0.6258333333333332,Medium,37,Late_Evening,12,0,26064.3,0.8576956259166595,0.915,0.8024999999999998,0.15999999999999998,1635,High Value,,,,1657.8,0.8587499999999999,174.59561844289144
2024-06-20 13:57:57,Truck_10,59.3783,74.9628,300,Delivered,27.4,52.8,Detour,35,431,10,,81.2,120,0,13,20,3,6,June,0,Very High,Medium-High,2.5,High,0.0999999999999999,0.5300000000000002,0.5,0.3766666666666667,Medium,25,Afternoon,180,0,9744.0,0.15368820636700892,0.09999999999999998,0.5300000000000002,0.5,4310,Very High Value,,,,2842.0,0.3150000000000001,95.83203698018156
2024-06-02 10:54:33,Truck_7,-36.2517,72.4728,108,Delivered,27.9,65.6,Heavy,46,138,4,Traffic,82.7,173,1,10,2,6,6,June,1,Very High,Low,0.6242774566473989,Medium-Low,0.365,0.5675000000000003,0.72,0.5508333333333334,Medium,22,Morning,-65,1,14307.1,0.3505262703821931,0.365,0.5675000000000003,0.72,552,Low Value,,,,3804.2000000000003,0.46625000000000016,79.6812719691201
2024-07-09 23:21:47,Truck_8,-55.9854,-149.8958,153,Delayed,27.5,69.9,Detour,24,118,7,Weather,62.5,237,1,23,9,1,7,July,0,High,Low,0.6455696202531646,Medium-High,0.685,0.0625,0.2799999999999999,0.3425,Medium,28,Late_Evening,-84,1,14812.5,0.3723276680182901,0.685,0.0625,0.27999999999999997,826,Medium Value,,,,1500.0,0.37375,160.32565591961486
2024-07-03 09:52:55,Truck_8,27.3259,-116.2066,336,In Transit,22.5,51.6,Detour,11,446,6,,70.2,275,0,9,3,2,7,July,0,High,Medium-High,1.221818181818182,Medium-Low,0.875,0.2550000000000001,0.0199999999999999,0.3833333333333333,Medium,27,Morning,61,0,19305.0,0.5661202657234061,0.875,0.2550000000000001,0.01999999999999999,2676,Very High Value,,,,772.2,0.5650000000000001,120.50768406733955
2024-12-09 20:35:02,Truck_9,27.7357,-170.5766,211,Delayed,21.7,52.3,Detour,11,401,9,,66.2,241,1,20,9,0,12,December,0,High,Medium-Low,0.8755186721991701,High,0.7050000000000001,0.1550000000000002,0.0199999999999999,0.2933333333333334,Low,50,Late_Evening,-30,1,15954.2,0.42157708566991636,0.7050000000000001,0.15500000000000025,0.01999999999999999,3609,Very High Value,,,,728.2,0.43000000000000016,173.86547724098276
2024-03-14 00:55:34,Truck_4,23.2023,92.2763,144,Delivered,21.1,58.8,Clear,35,443,10,Mechanical Failure,89.0,141,0,0,14,3,3,March,0,Very High,Low,1.0212765957446808,High,0.2049999999999999,0.7250000000000001,0.5,0.4766666666666667,Medium,11,Night,3,0,12549.0,0.27468725735484434,0.20499999999999996,0.7250000000000001,0.5,4430,Very High Value,,,,3115.0,0.465,94.68076769843697
2024-05-28 06:29:51,Truck_10,87.5129,-65.0922,224,Delayed,21.7,78.5,Clear,20,428,7,,72.4,287,1,6,28,1,5,May,0,High,Medium-Low,0.7804878048780488,Medium-High,0.935,0.3100000000000003,0.2,0.4816666666666667,Medium,22,Morning,-63,1,20778.800000000003,0.6296954533689934,0.935,0.3100000000000003,0.2,2996,Very High Value,,,,1448.0,0.6225000000000002,110.65746551497466
2024-11-22 23:49:18,Truck_9,81.1975,137.0497,185,In Transit,19.9,66.3,Detour,59,264,4,,65.2,177,0,23,22,4,11,November,0,High,Low,1.0451977401129944,Medium-Low,0.385,0.1300000000000001,0.98,0.4983333333333333,Medium,47,Late_Evening,8,0,11540.4,0.23117936329911137,0.385,0.13000000000000012,0.98,1056,Medium Value,,,,3846.8,0.25750000000000006,159.2785058179474
2024-04-21 03:47:52,Truck_4,55.919,-39.578,220,In Transit,28.2,55.4,Clear,10,203,8,Weather,81.1,281,0,3,21,6,4,April,1,Very High,Medium-Low,0.7829181494661922,Medium-High,0.905,0.5274999999999999,0.0,0.4775,Medium,16,Night,-61,1,22789.1,0.7164135967561038,0.905,0.5274999999999999,0.0,1624,High Value,,,,811.0,0.7162499999999999,70.10185893875259
2024-03-15 07:02:10,Truck_5,-15.3314,22.397,236,In Transit,18.3,69.0,Clear,34,303,2,Mechanical Failure,62.6,270,0,7,15,4,3,March,0,High,Medium-Low,0.8740740740740741,Low,0.8500000000000001,0.0650000000000001,0.48,0.4650000000000001,Medium,11,Morning,-34,1,16902.0,0.46246225519799844,0.8500000000000001,0.06500000000000017,0.48000000000000004,606,Low Value,,,,2128.4,0.45750000000000013,25.691028042872983
2024-03-22 14:12:36,Truck_10,-55.3603,79.1276,159,Delayed,29.7,69.6,Clear,49,227,1,,62.0,232,1,14,22,4,3,March,0,High,Low,0.6853448275862069,Low,0.6599999999999999,0.05,0.78,0.4966666666666666,Medium,12,Afternoon,-73,1,14384.0,0.35384349926667247,0.6599999999999999,0.050000000000000044,0.78,227,Low Value,,,,3038.0,0.355,95.10748020416021
2024-09-18 16:35:57,Truck_6,8.3934,-165.2068,433,Delayed,26.4,69.3,Detour,25,127,8,,84.5,125,1,16,18,2,9,September,0,Very High,High,3.464,Medium-High,0.125,0.6125000000000003,0.3,0.3458333333333334,Medium,38,Evening,308,0,10562.5,0.18899577258217587,0.125,0.6125000000000003,0.3,1016,Medium Value,,,,2112.5,0.36875000000000013,166.33006455666484
2024-11-20 19:12:02,Truck_7,27.499,-98.0697,109,In Transit,25.1,76.5,Heavy,16,356,5,,64.9,127,1,19,20,2,11,November,0,High,Low,0.8582677165354331,Medium-Low,0.135,0.1225000000000002,0.12,0.1258333333333334,Low,47,Evening,-18,1,8242.300000000001,0.08890949874902948,0.135,0.12250000000000028,0.12,1780,High Value,,,,1038.4,0.12875000000000014,103.03102544216003
2024-04-08 18:13:51,Truck_6,14.687,-33.9771,453,In Transit,25.8,78.6,Detour,21,142,10,Mechanical Failure,85.7,180,0,18,8,0,4,April,0,Very High,High,2.5166666666666666,High,0.4,0.6425000000000001,0.2199999999999999,0.4208333333333333,Medium,15,Evening,273,0,15426.0,0.3987921663359504,0.4,0.6425000000000001,0.21999999999999997,1420,High Value,,,,1799.7,0.52125,38.33450331678168
2024-01-13 16:35:47,Truck_9,19.3645,-149.4523,169,In Transit,28.6,78.8,Heavy,27,482,4,Traffic,80.5,122,1,16,13,5,1,January,1,Very High,Low,1.3852459016393444,Medium-Low,0.1099999999999999,0.5125000000000002,0.34,0.3208333333333333,Low,2,Evening,47,0,9821.0,0.15700974894314557,0.10999999999999999,0.5125000000000002,0.34,1928,High Value,,,,2173.5,0.3112500000000001,151.7115589901505
2024-11-11 04:35:37,Truck_7,38.0858,-149.297,105,Delayed,23.6,54.4,Detour,18,364,10,Traffic,76.0,158,1,4,11,0,11,November,0,Very High,Low,0.6645569620253164,High,0.29,0.4000000000000001,0.1599999999999999,0.2833333333333334,Low,46,Night,-53,1,12008.0,0.25135018548874133,0.29000000000000004,0.40000000000000013,0.15999999999999998,3640,Very High Value,,,,1368.0,0.3450000000000001,155.22954320012133
2024-10-04 16:05:37,Truck_9,4.379,97.6354,256,Delivered,29.6,73.7,Heavy,20,309,8,Weather,83.4,142,1,16,4,4,10,October,0,Very High,Medium-Low,1.8028169014084507,Medium-High,0.2099999999999999,0.5850000000000004,0.2,0.3316666666666668,Medium,40,Evening,114,0,11842.800000000001,0.24422396687084813,0.20999999999999996,0.5850000000000004,0.2,2472,Very High Value,,,,1668.0,0.3975000000000002,96.9683348292124
2024-05-12 21:29:39,Truck_8,-28.8542,119.5019,309,Delivered,22.8,52.8,Clear,19,101,2,Mechanical Failure,85.5,242,0,21,12,6,5,May,1,Very High,Medium-High,1.2768595041322315,Low,0.71,0.6375000000000002,0.18,0.5091666666666667,Medium,19,Late_Evening,67,0,20691.0,0.625908032093866,0.71,0.6375000000000002,0.18,202,Low Value,,,,1624.5,0.6737500000000001,121.80834465794167
2024-12-23 04:59:36,Truck_9,-17.5843,-151.1609,346,Delivered,26.9,70.6,Detour,44,192,9,Traffic,76.2,239,0,4,23,0,12,December,0,Very High,Medium-High,1.4476987447698744,High,0.6950000000000001,0.4050000000000002,0.6799999999999999,0.5933333333333334,Medium,52,Night,107,0,18211.8,0.5189629885255802,0.6950000000000001,0.40500000000000025,0.6799999999999999,1728,High Value,,,,3352.8,0.5500000000000002,152.8613796076865
2024-06-15 00:46:44,Truck_4,15.5281,-170.3941,302,Delayed,24.6,60.6,Heavy,30,431,3,,76.0,127,1,0,15,5,6,June,1,Very High,Medium-High,2.377952755905512,Low,0.135,0.4000000000000001,0.3999999999999999,0.3116666666666667,Low,24,Night,175,0,9652.0,0.1497196100422742,0.135,0.40000000000000013,0.39999999999999997,1293,Medium Value,,,,2280.0,0.26750000000000007,172.06195803520507
2024-07-18 17:29:17,Truck_4,-83.8983,-128.1642,181,In Transit,24.7,63.4,Heavy,25,107,8,,71.3,265,1,17,18,3,7,July,0,High,Low,0.6830188679245283,Medium-High,0.825,0.2825,0.3,0.4691666666666667,Medium,29,Evening,-84,1,18894.5,0.5484125614701062,0.825,0.2825,0.3,856,Medium Value,,,,1782.5,0.55375,153.14658957536457
2024-02-10 08:40:55,Truck_9,-25.4823,169.1921,282,Delayed,21.8,63.6,Clear,43,370,7,Traffic,69.4,251,1,8,10,5,2,February,1,High,Medium-Low,1.1235059760956174,Medium-High,0.7550000000000001,0.2350000000000003,0.6599999999999999,0.5500000000000002,Medium,6,Morning,31,0,17419.4,0.4847812958329739,0.7550000000000001,0.23500000000000032,0.6599999999999999,2590,Very High Value,,,,2984.2000000000003,0.4950000000000002,170.07440760070935
2024-09-09 10:46:47,Truck_10,-69.493,-118.9742,398,Delivered,26.5,64.8,Heavy,44,387,1,,90.6,122,1,10,9,0,9,September,0,Very High,Medium-High,3.262295081967213,Low,0.1099999999999999,0.7650000000000001,0.6799999999999999,0.5183333333333334,Medium,37,Morning,276,0,11053.199999999999,0.2101630575446467,0.10999999999999999,0.7650000000000001,0.6799999999999999,387,Low Value,,,,3986.3999999999996,0.43750000000000006,137.82898256083413
2024-04-19 08:18:04,Truck_1,-8.0714,-158.0304,210,In Transit,24.7,65.0,Heavy,50,185,10,Mechanical Failure,84.1,140,1,8,19,4,4,April,0,Very High,Medium-Low,1.5,High,0.2,0.6025,0.8,0.5341666666666667,Medium,16,Morning,70,0,11774.0,0.2412561470106117,0.20000000000000007,0.6025,0.8,1850,High Value,,,,4205.0,0.40125000000000005,159.00914428740066
2024-08-05 18:45:24,Truck_9,-59.9919,-162.9143,188,Delayed,22.4,78.0,Heavy,40,372,6,Weather,98.0,237,1,18,5,0,8,August,0,Very High,Low,0.7932489451476793,Medium-Low,0.685,0.9500000000000002,0.6000000000000001,0.7450000000000001,High,32,Evening,-49,1,23226.0,0.7352601156069365,0.685,0.9500000000000002,0.6000000000000001,2232,High Value,,,,3920.0,0.8175000000000001,173.93157593019225
2024-06-14 18:40:07,Truck_3,-47.5239,58.4771,298,Delayed,19.6,76.1,Heavy,22,396,7,,65.0,230,1,18,14,4,6,June,0,High,Medium-Low,1.2956521739130435,Medium-High,0.6500000000000001,0.125,0.24,0.3383333333333334,Medium,24,Evening,68,0,14950.0,0.3782589940471055,0.6500000000000001,0.125,0.24,2772,Very High Value,,,,1430.0,0.38750000000000007,73.8476310011019
2024-10-18 23:50:28,Truck_10,-39.8052,-126.4073,298,Delayed,24.0,63.5,Detour,25,456,2,,78.9,147,1,23,18,4,10,October,0,Very High,Medium-Low,2.0272108843537415,Low,0.235,0.4725000000000001,0.3,0.3358333333333334,Medium,42,Late_Evening,151,0,11598.300000000001,0.23367699076869997,0.235,0.47250000000000014,0.3,912,Medium Value,,,,1972.5000000000002,0.35375000000000006,132.9253572873982
2024-04-28 01:31:58,Truck_3,54.0537,-145.9922,326,Delayed,20.0,56.6,Detour,17,260,6,Weather,67.5,162,1,1,28,6,4,April,1,High,Medium-High,2.0123456790123457,Medium-Low,0.31,0.1875,0.14,0.2125,Low,17,Night,164,0,10935.0,0.2050642740056941,0.31000000000000005,0.1875,0.14,1560,High Value,,,,1147.5,0.24875000000000003,156.93793914428076
2024-11-11 08:44:54,Truck_6,7.0591,46.7188,354,Delayed,18.4,77.5,Heavy,40,262,7,Traffic,68.5,282,1,8,11,0,11,November,0,High,Medium-High,1.2553191489361701,Medium-High,0.91,0.2125000000000001,0.6000000000000001,0.5741666666666667,Medium,46,Morning,72,0,19317.0,0.5666379087222846,0.9099999999999999,0.21250000000000013,0.6000000000000001,1834,High Value,,,,2740.0,0.56125,46.6478068941965
2024-09-13 10:52:43,Truck_4,-50.3633,99.5834,269,In Transit,22.4,63.6,Detour,54,481,7,Traffic,82.5,183,0,10,13,4,9,September,0,Very High,Medium-Low,1.469945355191257,Medium-High,0.415,0.5625,0.8800000000000001,0.6191666666666668,Medium,37,Morning,86,0,15097.5,0.3846216892416531,0.41500000000000004,0.5625,0.8800000000000001,3367,Very High Value,,,,4455.0,0.48875,110.23681867258274
2024-06-14 17:14:20,Truck_4,51.9327,-102.4309,475,Delivered,29.3,62.8,Clear,29,359,9,Mechanical Failure,95.1,122,0,17,14,4,6,June,0,Very High,High,3.8934426229508197,High,0.1099999999999999,0.8775,0.3799999999999999,0.4558333333333333,Medium,24,Evening,353,0,11602.199999999999,0.23384522474333536,0.10999999999999999,0.8775,0.37999999999999995,3231,Very High Value,,,,2757.8999999999996,0.49374999999999997,116.20839476182272
2024-01-02 15:30:44,Truck_4,-36.487,14.5024,372,Delayed,20.4,57.2,Clear,29,153,1,Weather,78.2,221,1,15,2,1,1,January,0,Very High,Medium-High,1.6832579185520362,Low,0.605,0.455,0.3799999999999999,0.48,Medium,1,Afternoon,151,0,17282.2,0.47886291087913047,0.605,0.45500000000000007,0.37999999999999995,153,Low Value,,,,2267.8,0.53,37.69139748237581
2024-10-06 04:58:42,Truck_5,27.2654,-34.1042,201,In Transit,26.0,51.5,Clear,40,429,4,Weather,87.0,107,0,4,6,6,10,October,1,Very High,Low,1.8785046728971964,Medium-Low,0.035,0.6750000000000003,0.6000000000000001,0.4366666666666668,Medium,40,Night,94,0,9309.0,0.13492364765766546,0.03500000000000003,0.6750000000000003,0.6000000000000001,1716,High Value,,,,3480.0,0.35500000000000015,45.169787483276984
2024-06-04 16:47:14,Truck_7,15.2159,-55.6814,441,In Transit,25.3,72.9,Clear,47,152,4,Weather,67.4,256,0,16,4,1,6,June,0,High,High,1.72265625,Medium-Low,0.78,0.1850000000000002,0.74,0.5683333333333335,Medium,23,Evening,185,0,17254.4,0.47766370459839547,0.78,0.18500000000000028,0.74,608,Low Value,,,,3167.8,0.48250000000000015,58.899054294081544
2024-02-02 12:17:02,Truck_6,27.4437,43.3224,246,Delayed,25.3,57.4,Clear,33,298,8,Traffic,70.4,110,1,12,2,4,2,February,0,High,Medium-Low,2.2363636363636363,Medium-High,0.05,0.2600000000000002,0.46,0.2566666666666667,Low,5,Afternoon,136,0,7744.000000000001,0.06741437322060223,0.050000000000000044,0.26000000000000023,0.46,2384,High Value,,,,2323.2000000000003,0.15500000000000014,51.3289735552357
2024-06-22 07:42:17,Truck_10,-58.6928,165.8667,180,Delayed,25.4,50.4,Heavy,32,246,2,Mechanical Failure,65.4,203,1,7,22,5,6,June,1,High,Low,0.8866995073891626,Low,0.5150000000000001,0.1350000000000002,0.44,0.3633333333333334,Medium,25,Morning,-23,1,13276.2,0.30605642308687786,0.5150000000000001,0.13500000000000023,0.44,492,Low Value,,,,2092.8,0.3250000000000002,174.70496581380206
2024-03-01 14:48:13,Truck_9,-38.0737,56.0723,127,Delayed,21.0,54.6,Detour,13,452,9,Mechanical Failure,79.0,299,1,14,1,4,3,March,0,Very High,Low,0.42474916387959866,High,0.995,0.4750000000000001,0.06,0.5100000000000001,Medium,9,Afternoon,-172,1,23621.0,0.7522991976533517,0.9950000000000001,0.4750000000000001,0.06,4068,Very High Value,,,,1027.0,0.7350000000000001,66.32361519399697
2024-08-19 01:36:00,Truck_3,-50.6778,-102.041,246,Delayed,20.8,79.2,Heavy,55,325,2,,80.5,271,1,1,19,0,8,August,0,Very High,Medium-Low,0.9077490774907749,Low,0.855,0.5125000000000002,0.9000000000000001,0.7558333333333334,High,34,Night,-25,1,21815.5,0.6744154947804332,0.855,0.5125000000000002,0.9000000000000001,650,Low Value,,,,4427.5,0.6837500000000001,114.08825184331121
2024-11-17 02:22:02,Truck_2,-88.776,-125.1628,470,Delivered,21.5,51.0,Heavy,59,293,7,Mechanical Failure,86.6,113,1,2,17,6,11,November,1,Very High,High,4.15929203539823,Medium-High,0.065,0.665,0.98,0.57,Medium,46,Night,357,0,9785.8,0.1554913294797688,0.06500000000000006,0.665,0.98,2051,High Value,,,,5109.4,0.36500000000000005,153.3541743461462
2024-07-29 00:17:00,Truck_8,69.691,148.6549,386,Delayed,25.9,71.6,Clear,36,193,10,Weather,72.0,299,1,0,29,0,7,July,0,High,Medium-High,1.2909698996655519,High,0.995,0.3,0.52,0.6050000000000001,Medium,31,Night,87,0,21528.0,0.6620136312656372,0.9950000000000001,0.30000000000000004,0.52,1930,High Value,,,,2592.0,0.6475000000000001,164.00724027760342
2024-05-17 21:00:51,Truck_8,-82.2616,-141.825,325,In Transit,26.2,64.3,Clear,31,491,7,Mechanical Failure,60.7,290,0,21,17,4,5,May,0,High,Medium-High,1.1206896551724137,Medium-High,0.95,0.0175,0.42,0.4624999999999999,Medium,20,Late_Evening,35,0,17603.0,0.4927012337158141,0.95,0.01750000000000007,0.42,3437,Very High Value,,,,1881.7,0.48375,164.00461608118914
2024-03-11 20:09:54,Truck_1,2.7286,-99.5442,432,In Transit,25.9,65.8,Clear,42,265,8,,86.8,140,0,20,11,0,3,March,0,Very High,High,3.085714285714286,Medium-High,0.2,0.6699999999999999,0.6399999999999999,0.5033333333333333,Medium,11,Late_Evening,292,0,12152.0,0.2575619014752826,0.20000000000000007,0.6699999999999999,0.6399999999999999,2120,High Value,,,,3645.6,0.435,100.46448396274698
2024-07-18 05:42:03,Truck_7,84.2498,-60.8861,273,Delayed,20.2,72.2,Clear,19,115,5,,68.8,238,1,5,18,3,7,July,0,High,Medium-Low,1.1470588235294117,Medium-Low,0.69,0.2199999999999999,0.18,0.3633333333333333,Medium,29,Night,35,0,16374.4,0.4397032180139764,0.69,0.21999999999999997,0.18,575,Low Value,,,,1307.2,0.45499999999999996,105.54051743816261
2024-11-13 11:31:44,Truck_4,8.7621,-2.9218,492,Delivered,21.6,78.3,Clear,58,122,9,,61.2,202,0,11,13,2,11,November,0,High,High,2.4356435643564356,High,0.51,0.0300000000000002,0.96,0.5000000000000001,Medium,46,Morning,290,0,12362.400000000001,0.26663790872228466,0.51,0.03000000000000025,0.96,1098,Medium Value,,,,3549.6000000000004,0.27000000000000013,10.797579732723717
2024-01-01 11:37:57,Truck_4,-59.0753,68.4886,303,In Transit,24.6,68.6,Detour,50,213,6,Mechanical Failure,97.1,297,0,11,1,0,1,January,0,Very High,Medium-High,1.02020202020202,Medium-Low,0.985,0.9275000000000002,0.8,0.9041666666666668,High,1,Morning,6,0,28838.699999999997,0.9773746872573548,0.9850000000000001,0.9275000000000002,0.8,1278,Medium Value,,,,4855.0,0.9562500000000002,88.9256854427388
2024-10-07 18:21:07,Truck_6,5.7218,-96.5806,270,In Transit,28.1,73.6,Clear,57,283,2,Mechanical Failure,92.3,122,0,18,7,0,10,October,0,Very High,Medium-Low,2.2131147540983607,Low,0.1099999999999999,0.8075000000000001,0.9400000000000002,0.6191666666666668,Medium,41,Evening,148,0,11260.6,0.2191096540419291,0.10999999999999999,0.8075000000000001,0.9400000000000002,566,Low Value,,,,5261.099999999999,0.45875000000000005,97.67472303519273
2024-07-16 16:39:04,Truck_4,-38.3158,-38.3257,382,Delivered,21.6,50.5,Detour,31,160,8,Weather,94.8,261,0,16,16,1,7,July,0,Very High,Medium-High,1.4636015325670497,Medium-High,0.8049999999999999,0.8700000000000001,0.42,0.6983333333333334,High,29,Evening,121,0,24742.8,0.8006901906651713,0.8049999999999999,0.8700000000000001,0.42,1280,Medium Value,,,,2938.7999999999997,0.8375,53.84649673691749
2024-04-13 17:33:52,Truck_4,-87.4042,-127.3269,197,Delivered,23.3,53.5,Heavy,41,259,9,Weather,91.3,211,1,17,13,5,4,April,1,Very High,Low,0.933649289099526,High,0.5549999999999999,0.7825000000000002,0.6200000000000001,0.6525000000000001,Medium,15,Evening,-14,1,19264.3,0.5643645932188768,0.5549999999999999,0.7825000000000002,0.6200000000000001,2331,High Value,,,,3743.2999999999997,0.6687500000000001,154.3683459000081
2024-08-11 02:18:19,Truck_9,-77.3648,30.9744,368,In Transit,25.0,60.7,Clear,37,382,5,Weather,82.8,225,0,2,11,6,8,August,1,Very High,Medium-High,1.6355555555555557,Medium-Low,0.625,0.5699999999999998,0.54,0.5783333333333333,Medium,32,Night,143,0,18630.0,0.5370028470364939,0.625,0.5699999999999998,0.54,1910,High Value,,,,3063.6,0.5974999999999999,81.76169933583992
2024-01-19 00:15:26,Truck_7,-73.0477,124.7969,223,In Transit,19.5,55.6,Clear,23,154,4,Weather,62.9,217,0,0,19,4,1,January,0,High,Medium-Low,1.0276497695852536,Medium-Low,0.585,0.0725,0.26,0.3058333333333333,Low,3,Night,6,0,13649.3,0.3221508066603399,0.585,0.07250000000000001,0.26,616,Low Value,,,,1446.7,0.32875,143.19622110750936
2024-12-26 03:50:18,Truck_7,-27.576,-111.3158,340,Delayed,25.9,75.3,Detour,18,424,7,Weather,67.3,287,1,3,26,3,12,December,0,High,Medium-High,1.1846689895470384,Medium-High,0.935,0.1825000000000001,0.1599999999999999,0.4258333333333333,Medium,52,Night,53,0,19315.1,0.5665559485807954,0.935,0.1825000000000001,0.15999999999999998,2968,Very High Value,,,,1211.3999999999999,0.5587500000000001,115.17610566949902
2024-01-10 12:44:17,Truck_10,49.9465,-30.0236,355,Delivered,20.2,51.3,Clear,49,323,4,Mechanical Failure,72.6,100,0,12,10,2,1,January,0,High,Medium-High,3.55,Medium-Low,0.0,0.3149999999999999,0.78,0.365,Medium,2,Afternoon,255,0,7259.999999999999,0.04653610559917176,0.0,0.31499999999999995,0.78,1292,Medium Value,,,,3557.3999999999996,0.15749999999999997,59.87274918317553
2024-10-23 13:13:06,Truck_2,-50.6856,-9.6236,158,In Transit,26.6,63.8,Heavy,51,199,4,,84.8,114,1,13,23,2,10,October,0,Very High,Low,1.3859649122807018,Medium-Low,0.07,0.6200000000000001,0.8200000000000001,0.5033333333333334,Medium,43,Afternoon,44,0,9667.199999999999,0.15037529117418685,0.07000000000000006,0.6200000000000001,0.8200000000000001,796,Medium Value,,,,4324.8,0.3450000000000001,50.42252329739683
2024-07-31 19:53:22,Truck_10,84.1122,-87.899,126,Delayed,25.1,58.0,Detour,47,291,7,Traffic,92.3,123,1,19,31,2,7,July,0,Very High,Low,1.024390243902439,Medium-High,0.1149999999999999,0.8075000000000001,0.74,0.5541666666666667,Medium,31,Evening,3,0,11352.9,0.22309119144163575,0.11499999999999999,0.8075000000000001,0.74,2037,High Value,,,,4338.099999999999,0.46125000000000005,123.2055160156525
2024-08-05 22:26:07,Truck_8,49.9197,79.4653,309,In Transit,20.6,77.3,Clear,60,177,5,Weather,69.2,271,0,22,5,0,8,August,0,High,Medium-High,1.1402214022140222,Medium-Low,0.855,0.2300000000000002,1.0,0.695,High,32,Late_Evening,38,0,18753.2,0.5423173151583126,0.855,0.2300000000000002,1.0,885,Medium Value,,,,4152.0,0.5425000000000001,93.87235482368419
2024-02-14 00:45:03,Truck_10,-44.6254,44.0876,171,Delayed,22.6,69.9,Detour,26,104,2,Weather,88.1,132,1,0,14,2,2,February,0,Very High,Low,1.2954545454545454,Low,0.16,0.7025000000000001,0.32,0.3941666666666667,Medium,7,Night,39,0,11629.199999999999,0.2350099214908118,0.16000000000000003,0.7025000000000001,0.32,208,Low Value,,,,2290.6,0.4312500000000001,61.17595111537054
2024-12-14 00:45:10,Truck_6,-57.3005,-23.6888,403,In Transit,29.6,63.0,Clear,12,197,4,,83.8,228,0,0,14,5,12,December,1,Very High,High,1.7675438596491229,Medium-Low,0.6400000000000001,0.5950000000000002,0.0399999999999999,0.4250000000000001,Medium,50,Night,175,0,19106.399999999998,0.5575532740919679,0.6400000000000001,0.5950000000000002,0.03999999999999998,788,Medium Value,,,,1005.5999999999999,0.6175000000000002,61.08065523832898
2024-07-16 08:12:29,Truck_6,-47.5698,-81.3143,181,Delivered,25.9,69.1,Heavy,44,264,9,Mechanical Failure,69.9,223,1,8,16,1,7,July,0,High,Low,0.8116591928251121,High,0.615,0.2475000000000002,0.6799999999999999,0.5141666666666668,Medium,29,Morning,-42,1,15587.7,0.40576740574583736,0.615,0.24750000000000028,0.6799999999999999,2376,High Value,,,,3075.6000000000004,0.43125000000000013,94.2559344767381
2024-12-08 09:52:23,Truck_7,-80.2675,-80.5726,472,Delayed,23.0,68.0,Heavy,34,365,3,Traffic,87.8,294,1,9,8,6,12,December,1,Very High,High,1.6054421768707483,Low,0.97,0.6949999999999998,0.48,0.715,High,49,Morning,178,0,25813.2,0.8468639461651282,0.97,0.6949999999999998,0.48000000000000004,1095,Medium Value,,,,2985.2,0.8324999999999999,113.37508490233135
2024-05-08 01:51:55,Truck_8,-70.3213,-61.9179,171,Delivered,25.5,51.1,Detour,43,114,1,Weather,92.5,149,0,1,8,2,5,May,0,Very High,Low,1.1476510067114094,Low,0.245,0.8125,0.6599999999999999,0.5725,Medium,19,Night,22,0,13782.5,0.32789664394789064,0.245,0.8125,0.6599999999999999,114,Low Value,,,,3977.5,0.52875,93.24071931032829
2024-07-20 13:33:43,Truck_6,48.2512,-106.6383,204,Delayed,19.2,58.0,Heavy,50,465,8,Weather,85.2,133,1,13,20,5,7,July,1,Very High,Medium-Low,1.5338345864661653,Medium-High,0.165,0.6300000000000003,0.8,0.5316666666666668,Medium,29,Afternoon,71,0,11331.6,0.22217237511862659,0.16500000000000004,0.6300000000000003,0.8,3720,Very High Value,,,,4260.0,0.3975000000000002,118.37326967951653
2024-10-24 14:59:52,Truck_4,-74.6749,-159.7164,254,In Transit,26.7,51.3,Detour,11,378,8,,90.6,208,0,14,24,3,10,October,0,Very High,Medium-Low,1.2211538461538463,Medium-High,0.54,0.7650000000000001,0.0199999999999999,0.4416666666666667,Medium,43,Afternoon,46,0,18844.8,0.5462686567164179,0.54,0.7650000000000001,0.01999999999999999,3024,Very High Value,,,,996.5999999999999,0.6525000000000001,176.50062588496397
2024-11-23 10:56:55,Truck_4,-46.0132,-8.5335,100,Delayed,21.0,71.2,Clear,19,315,9,Weather,82.2,100,1,10,23,5,11,November,1,Very High,Low,1.0,High,0.0,0.5550000000000002,0.18,0.245,Low,47,Morning,0,0,8220.0,0.087947545509447,0.0,0.5550000000000002,0.18,2835,Very High Value,,,,1561.8,0.2775000000000001,45.625729442533036
2024-04-18 08:51:00,Truck_1,9.3294,-71.5299,211,Delivered,23.7,66.7,Heavy,36,149,1,Mechanical Failure,60.7,256,1,8,18,3,4,April,0,High,Medium-Low,0.82421875,Low,0.78,0.0175,0.52,0.4391666666666667,Medium,16,Morning,-45,1,15539.2,0.403675265292037,0.78,0.01750000000000007,0.52,149,Low Value,,,,2185.2000000000003,0.39875000000000005,73.1521738921043
2024-08-11 04:43:30,Truck_9,5.0095,-113.8279,145,Delayed,18.2,62.2,Heavy,56,430,5,Traffic,86.7,260,1,4,11,6,8,August,1,Very High,Low,0.5576923076923077,Medium-Low,0.8,0.6675,0.9200000000000002,0.7958333333333334,High,32,Night,-115,1,22542.0,0.7057544646708653,0.8,0.6675,0.9200000000000002,2150,High Value,,,,4855.2,0.73375,114.84172680750488
2024-10-09 13:29:04,Truck_6,-70.8094,75.1094,244,Delivered,21.3,79.4,Heavy,22,312,9,,63.5,171,1,13,9,2,10,October,0,High,Medium-Low,1.4269005847953216,High,0.355,0.0875000000000001,0.24,0.2275,Low,41,Afternoon,73,0,10858.5,0.20176429988784406,0.355,0.08750000000000013,0.24,2808,Very High Value,,,,1397.0,0.22125000000000006,101.68376682765724
2024-12-21 15:26:10,Truck_1,-43.2472,163.3821,104,Delivered,29.4,59.1,Detour,58,229,3,Weather,82.9,283,0,15,21,5,12,December,1,Very High,Low,0.3674911660777385,Low,0.915,0.5725000000000002,0.96,0.8158333333333334,High,51,Afternoon,-179,1,23460.7,0.7453843499266672,0.915,0.5725000000000002,0.96,687,Low Value,,,,4808.200000000001,0.7437500000000001,167.85536453578345
2024-01-21 23:13:40,Truck_5,28.1016,167.1982,356,In Transit,18.4,75.2,Clear,32,291,6,,90.7,206,0,23,21,6,1,January,1,Very High,Medium-High,1.7281553398058251,Medium-Low,0.53,0.7675000000000001,0.44,0.5791666666666667,Medium,3,Late_Evening,150,0,18684.2,0.5393408679147615,0.53,0.7675000000000001,0.44,1746,High Value,,,,2902.4,0.64875,168.94976746410137
2024-03-28 07:50:45,Truck_4,-56.2187,27.6037,114,In Transit,26.8,62.1,Heavy,55,334,6,,85.2,202,1,7,28,3,3,March,0,Very High,Low,0.5643564356435643,Medium-Low,0.51,0.6300000000000003,0.9000000000000001,0.6800000000000002,High,13,Morning,-88,1,17210.4,0.47576568026917443,0.51,0.6300000000000003,0.9000000000000001,2004,High Value,,,,4686.0,0.5700000000000002,61.04031796260948
2024-12-02 10:52:06,Truck_6,65.0538,-146.3887,404,Delivered,19.0,76.2,Heavy,54,230,4,,83.7,171,1,10,2,0,12,December,0,Very High,High,2.3625730994152048,Medium-Low,0.355,0.5925000000000002,0.8800000000000001,0.6091666666666667,Medium,49,Morning,233,0,14312.7,0.35076783711500303,0.355,0.5925000000000002,0.8800000000000001,920,Medium Value,,,,4519.8,0.4737500000000001,161.51230996258516
2024-12-30 20:21:58,Truck_5,-30.299,153.4529,500,Delivered,21.7,56.2,Detour,20,381,10,Mechanical Failure,90.7,222,0,20,30,0,12,December,0,Very High,High,2.2522522522522523,High,0.6100000000000001,0.7675000000000001,0.2,0.5258333333333334,Medium,1,Late_Evening,278,0,20135.4,0.6019411612457942,0.6100000000000001,0.7675000000000001,0.2,3810,Very High Value,,,,1814.0,0.6887500000000001,155.33530947110236
2024-09-12 11:42:11,Truck_5,72.7626,105.821,375,Delayed,23.0,76.3,Detour,49,131,4,,87.8,137,1,11,12,3,9,September,0,Very High,Medium-High,2.7372262773722627,Medium-Low,0.185,0.6949999999999998,0.78,0.5533333333333333,Medium,37,Morning,238,0,12028.6,0.25223880597014925,0.18500000000000005,0.6949999999999998,0.78,524,Low Value,,,,4302.2,0.43999999999999995,128.51382628667346
2024-10-24 23:03:49,Truck_8,61.8446,115.5236,361,In Transit,22.3,66.8,Heavy,60,157,4,Traffic,79.8,247,1,23,24,3,10,October,0,Very High,Medium-High,1.4615384615384615,Medium-Low,0.7350000000000001,0.4950000000000001,1.0,0.7433333333333335,High,43,Late_Evening,114,0,19710.6,0.5836165990854973,0.7350000000000001,0.4950000000000001,1.0,628,Low Value,,,,4788.0,0.6150000000000001,130.94975437118393
2024-03-07 21:52:21,Truck_3,-31.1792,-46.048,239,Delayed,26.6,51.6,Detour,33,333,2,Traffic,95.1,277,1,21,7,3,3,March,0,Very High,Medium-Low,0.8628158844765343,Low,0.885,0.8775,0.46,0.7408333333333333,High,10,Late_Evening,-38,1,26342.699999999997,0.8697049434906392,0.885,0.8775,0.46,666,Low Value,,,,3138.2999999999997,0.88125,55.56425988428286
2024-01-03 13:08:23,Truck_10,-43.2004,134.8572,191,In Transit,24.0,59.7,Clear,51,268,8,,97.0,111,0,13,3,2,1,January,0,Very High,Low,1.7207207207207207,Medium-High,0.055,0.9250000000000004,0.8200000000000001,0.6000000000000001,Medium,1,Afternoon,80,0,10767.0,0.19781727202139593,0.05500000000000005,0.9250000000000003,0.8200000000000001,2144,High Value,,,,4947.0,0.49000000000000016,140.39947373189588
2024-12-08 00:24:42,Truck_2,-79.6372,-111.7492,171,Delayed,21.3,58.7,Detour,10,292,4,Traffic,65.0,184,1,0,8,6,12,December,1,High,Low,0.9293478260869565,Medium-Low,0.42,0.125,0.0,0.1816666666666666,Low,49,Night,-13,1,11960.0,0.24927961349322758,0.42000000000000004,0.125,0.0,1168,Medium Value,,,,650.0,0.2725,137.12391835228414
2024-09-13 08:58:09,Truck_5,66.838,-175.1681,113,Delayed,28.9,56.3,Heavy,22,417,6,Weather,60.8,142,1,8,13,4,9,September,0,High,Low,0.795774647887324,Medium-Low,0.2099999999999999,0.02,0.24,0.1566666666666666,Low,37,Morning,-29,1,8633.6,0.10578897420412392,0.20999999999999996,0.020000000000000018,0.24,2502,Very High Value,,,,1337.6,0.11499999999999999,188.7559065925868
2024-07-31 22:16:07,Truck_4,13.7736,12.9911,298,In Transit,18.8,79.5,Detour,51,393,4,Traffic,74.6,110,0,22,31,2,7,July,0,High,Medium-Low,2.709090909090909,Medium-Low,0.05,0.365,0.8200000000000001,0.4116666666666667,Medium,31,Late_Evening,188,0,8206.0,0.08734362867742212,0.050000000000000044,0.365,0.8200000000000001,1572,High Value,,,,3804.6,0.20750000000000002,19.410038893642277
2024-11-25 22:59:58,Truck_8,-66.2696,-82.0579,184,Delivered,26.0,59.6,Heavy,34,235,6,Mechanical Failure,66.7,299,1,22,25,0,11,November,0,High,Low,0.6153846153846154,Medium-Low,0.995,0.1675000000000002,0.48,0.5475000000000001,Medium,48,Late_Evening,-115,1,19943.3,0.5936545595720818,0.9950000000000001,0.1675000000000002,0.48000000000000004,1410,High Value,,,,2267.8,0.5812500000000002,105.28445613690687
2024-05-30 15:40:45,Truck_4,5.1238,-67.8583,298,Delivered,18.9,65.9,Detour,41,269,2,,64.8,234,0,15,30,3,5,May,0,High,Medium-Low,1.2735042735042734,Low,0.6699999999999999,0.1200000000000001,0.6200000000000001,0.47,Medium,22,Afternoon,64,0,15163.199999999999,0.38745578466051245,0.6699999999999999,0.1200000000000001,0.6200000000000001,538,Low Value,,,,2656.7999999999997,0.395,69.00066538621977
2024-03-05 20:59:12,Truck_3,-85.8715,-162.7167,439,Delayed,25.1,66.1,Clear,46,151,4,,79.2,209,1,20,5,1,3,March,0,Very High,High,2.1004784688995217,Medium-Low,0.5449999999999999,0.4800000000000002,0.72,0.5816666666666667,Medium,10,Late_Evening,230,0,16552.8,0.4473988439306359,0.5449999999999999,0.4800000000000002,0.72,604,Low Value,,,,3643.2000000000003,0.5125000000000001,184.09781845522514
2024-08-20 15:30:04,Truck_3,86.2679,-50.7895,142,Delayed,28.0,67.2,Heavy,49,458,8,Traffic,92.5,224,1,15,20,1,8,August,0,Very High,Low,0.6339285714285714,Medium-High,0.6200000000000001,0.8125,0.78,0.7375000000000002,High,34,Afternoon,-82,1,20720.0,0.6271590026744889,0.6200000000000001,0.8125,0.78,3664,Very High Value,,,,4532.5,0.71625,101.70528815371276
2024-09-19 12:19:09,Truck_6,21.3104,-80.5292,202,Delivered,18.5,69.5,Heavy,54,261,3,,62.5,213,1,12,19,3,9,September,0,High,Medium-Low,0.9483568075117371,Low,0.565,0.0625,0.8800000000000001,0.5025000000000001,Medium,38,Afternoon,-11,1,13312.5,0.3076222931584851,0.565,0.0625,0.8800000000000001,783,Medium Value,,,,3375.0,0.31375,84.46548226810408
2024-03-02 15:37:45,Truck_3,-2.2841,23.4152,418,Delayed,29.6,67.4,Heavy,54,199,9,Traffic,99.9,215,1,15,2,5,3,March,1,Very High,High,1.9441860465116279,High,0.575,0.9975000000000004,0.8800000000000001,0.8175000000000002,High,9,Afternoon,203,0,21478.5,0.6598783538952636,0.575,0.9975000000000005,0.8800000000000001,1791,High Value,,,,5394.6,0.7862500000000002,22.597050621036498
2024-02-24 23:02:05,Truck_4,-23.4709,54.5265,458,Delayed,23.3,58.6,Heavy,43,372,10,Mechanical Failure,92.9,262,1,23,24,5,2,February,1,Very High,High,1.748091603053435,High,0.81,0.8225000000000002,0.6599999999999999,0.7641666666666668,High,8,Late_Evening,196,0,24339.800000000003,0.7833060132861704,0.81,0.8225000000000002,0.6599999999999999,3720,Very High Value,,,,3994.7000000000003,0.8162500000000001,58.06414524729686
2024-03-05 11:20:37,Truck_8,44.5052,-178.7281,313,In Transit,18.7,74.7,Heavy,16,284,3,Mechanical Failure,69.0,105,1,11,5,1,3,March,0,High,Medium-High,2.980952380952381,Low,0.025,0.2250000000000001,0.12,0.1233333333333333,Low,10,Morning,208,0,7245.0,0.04588905185057374,0.025000000000000022,0.2250000000000001,0.12,852,Medium Value,,,,1104.0,0.12500000000000006,185.33015881060155
2024-03-04 23:34:51,Truck_9,-8.1413,92.8681,457,Delayed,18.2,62.6,Detour,18,217,9,,97.8,199,1,23,4,0,3,March,0,Very High,High,2.2964824120603016,High,0.495,0.9450000000000004,0.1599999999999999,0.5333333333333334,Medium,10,Late_Evening,258,0,19462.2,0.5729013890087138,0.495,0.9450000000000003,0.15999999999999998,1953,High Value,,,,1760.3999999999999,0.7200000000000002,92.28054583915629
2024-06-30 04:33:59,Truck_2,0.7118,108.5142,298,Delivered,27.8,76.9,Heavy,18,414,5,,72.2,164,1,4,30,6,6,June,1,High,Medium-Low,1.8170731707317074,Medium-Low,0.32,0.3050000000000001,0.1599999999999999,0.2616666666666667,Low,26,Night,134,0,11840.800000000001,0.24413769303770172,0.32000000000000006,0.30500000000000016,0.15999999999999998,2070,High Value,,,,1299.6000000000001,0.3125000000000001,107.69708263438785
2024-12-02 10:19:46,Truck_4,43.2255,-143.0415,106,Delayed,23.7,74.7,Heavy,14,442,4,Mechanical Failure,83.6,276,1,10,2,0,12,December,0,Very High,Low,0.38405797101449274,Medium-Low,0.8800000000000001,0.5899999999999999,0.08,0.5166666666666667,Medium,49,Morning,-170,1,23073.6,0.7286860495211802,0.8800000000000001,0.5899999999999999,0.08000000000000002,1768,High Value,,,,1170.3999999999999,0.735,150.62839008985947
2024-08-14 11:03:17,Truck_6,61.8047,-72.1219,293,Delivered,28.5,59.3,Clear,50,168,4,Weather,67.2,199,0,11,14,2,8,August,0,High,Medium-Low,1.4723618090452262,Medium-Low,0.495,0.1800000000000001,0.8,0.4916666666666667,Medium,33,Morning,94,0,13372.800000000001,0.3102234492278493,0.495,0.18000000000000016,0.8,672,Low Value,,,,3360.0,0.3375000000000001,96.50284580671092
2024-09-13 03:11:29,Truck_9,-42.6929,46.2525,301,Delayed,19.2,57.6,Heavy,16,256,6,,65.4,148,1,3,13,4,9,September,0,High,Medium-High,2.0337837837837838,Medium-Low,0.24,0.1350000000000002,0.12,0.165,Low,37,Night,153,0,9679.2,0.15089293417306537,0.24,0.13500000000000023,0.12,1536,High Value,,,,1046.4,0.1875000000000001,61.40817670458866
2024-12-29 18:21:59,Truck_1,-78.0755,-11.8927,287,In Transit,25.2,51.8,Detour,34,399,2,Mechanical Failure,85.0,124,0,18,29,6,12,December,1,Very High,Medium-Low,2.314516129032258,Low,0.12,0.625,0.48,0.4083333333333334,Medium,52,Evening,163,0,10540.0,0.18802519195927875,0.12,0.625,0.48000000000000004,798,Medium Value,,,,2890.0,0.3725,77.7643892768729
2024-11-19 13:53:15,Truck_5,65.5547,-128.3673,237,In Transit,23.4,53.3,Detour,38,109,2,Mechanical Failure,87.9,157,0,13,19,1,11,November,0,Very High,Medium-Low,1.5095541401273886,Low,0.285,0.6975000000000002,0.56,0.5141666666666668,Medium,47,Afternoon,80,0,13800.300000000001,0.3286644810628937,0.28500000000000003,0.6975000000000002,0.56,218,Low Value,,,,3340.2000000000003,0.49125000000000013,145.50379116495196
2024-05-27 07:26:13,Truck_1,-19.5574,-65.5493,258,In Transit,25.2,67.6,Clear,32,484,7,Traffic,98.8,191,0,7,27,0,5,May,0,Very High,Medium-Low,1.350785340314136,Medium-High,0.455,0.9700000000000002,0.44,0.6216666666666667,Medium,22,Morning,67,0,18870.8,0.5473902165473212,0.45500000000000007,0.9700000000000002,0.44,3388,Very High Value,,,,3161.6,0.7125000000000001,68.83523310690991
2024-11-19 20:03:10,Truck_3,17.7083,-162.0043,480,In Transit,27.1,76.3,Heavy,22,497,9,Traffic,74.9,183,1,20,19,1,11,November,0,High,High,2.622950819672131,High,0.415,0.3725000000000003,0.24,0.3425000000000001,Medium,47,Late_Evening,297,0,13706.7,0.3246268656716419,0.41500000000000004,0.3725000000000003,0.24,4473,Very High Value,,,,1647.8000000000002,0.39375000000000016,163.95398289739492
2024-09-18 23:04:24,Truck_8,-52.1686,-175.6269,441,In Transit,22.6,53.3,Clear,29,343,3,Mechanical Failure,86.5,172,0,23,18,2,9,September,0,Very High,High,2.563953488372093,Low,0.36,0.6625000000000001,0.3799999999999999,0.4674999999999999,Medium,38,Late_Evening,269,0,14878.0,0.37515313605383493,0.36,0.6625000000000001,0.37999999999999995,1029,Medium Value,,,,2508.5,0.51125,183.6328665724022
2024-12-16 02:17:00,Truck_6,-84.2375,76.9339,346,In Transit,21.6,65.2,Clear,43,402,8,Traffic,96.4,157,0,2,16,0,12,December,0,Very High,Medium-High,2.2038216560509554,Medium-High,0.285,0.91,0.6599999999999999,0.6183333333333334,Medium,51,Night,189,0,15134.800000000001,0.3862306962298335,0.28500000000000003,0.9100000000000001,0.6599999999999999,3216,Very High Value,,,,4145.2,0.5975000000000001,112.51397870789721
2024-09-29 19:01:01,Truck_2,-7.599,-78.7489,205,In Transit,23.6,76.2,Heavy,41,324,2,,73.8,153,1,19,29,6,9,September,1,High,Medium-Low,1.3398692810457515,Low,0.265,0.345,0.6200000000000001,0.41,Medium,39,Evening,52,0,11291.4,0.22043827107238373,0.265,0.345,0.6200000000000001,648,Low Value,,,,3025.7999999999997,0.305,79.83011479297262
2024-03-29 01:23:19,Truck_2,36.621,97.2194,477,Delayed,25.1,50.3,Detour,32,297,7,Traffic,96.4,212,1,1,29,4,3,March,0,Very High,High,2.25,Medium-High,0.56,0.91,0.44,0.6366666666666667,Medium,13,Night,265,0,20436.800000000003,0.6149426279009578,0.56,0.9100000000000001,0.44,2079,High Value,,,,3084.8,0.7350000000000001,103.59595068656614
2024-07-26 10:09:34,Truck_9,-7.9899,-23.5723,355,Delayed,19.8,60.9,Clear,24,226,9,Weather,62.8,243,1,10,26,4,7,July,0,High,Medium-High,1.4609053497942386,High,0.7150000000000001,0.07,0.2799999999999999,0.355,Medium,30,Morning,112,0,15260.4,0.3916486929514279,0.7150000000000001,0.07000000000000006,0.27999999999999997,2034,High Value,,,,1507.1999999999998,0.39250000000000007,25.293688143151957
2024-12-19 10:36:22,Truck_4,-68.5749,106.2112,148,Delivered,23.3,59.1,Detour,53,161,10,Weather,65.7,189,0,10,19,3,12,December,0,High,Low,0.783068783068783,High,0.445,0.1425,0.8600000000000001,0.4825000000000001,Medium,51,Morning,-41,1,12417.300000000001,0.2690061254421535,0.44500000000000006,0.14250000000000007,0.8600000000000001,1610,High Value,,,,3482.1000000000004,0.29375000000000007,124.98616745010116
2024-06-14 10:30:32,Truck_6,-86.6472,76.1641,190,Delayed,27.8,62.2,Detour,41,238,2,,90.2,122,1,10,14,4,6,June,0,Very High,Low,1.5573770491803278,Low,0.1099999999999999,0.7550000000000003,0.6200000000000001,0.4950000000000001,Medium,24,Morning,68,0,11004.4,0.2080579760158744,0.10999999999999999,0.7550000000000003,0.6200000000000001,476,Low Value,,,,3698.2000000000003,0.43250000000000016,113.7895219960131
2024-01-06 05:22:59,Truck_10,-20.073,169.5863,356,Delayed,24.8,70.0,Detour,37,345,3,Traffic,84.0,245,1,5,6,5,1,January,1,Very High,Medium-High,1.453061224489796,Low,0.7250000000000001,0.6000000000000001,0.54,0.6216666666666667,Medium,1,Night,111,0,20580.0,0.6211198343542405,0.7250000000000001,0.6000000000000001,0.54,1035,Medium Value,,,,3108.0,0.6625000000000001,169.78363481258086
2024-09-17 17:56:29,Truck_2,8.0303,137.6073,228,Delivered,18.3,52.3,Clear,57,350,3,Traffic,76.5,285,0,17,17,1,9,September,0,Very High,Medium-Low,0.8,Low,0.925,0.4125000000000001,0.9400000000000002,0.7591666666666668,High,38,Evening,-57,1,21802.5,0.6738547148649815,0.925,0.4125000000000001,0.9400000000000002,1050,Medium Value,,,,4360.5,0.6687500000000001,137.092235590274
2024-12-29 17:13:45,Truck_6,-58.6706,162.7699,437,In Transit,20.9,55.2,Clear,44,336,7,Weather,88.6,118,0,17,29,6,12,December,1,Very High,High,3.7033898305084745,Medium-High,0.0899999999999999,0.7149999999999999,0.6799999999999999,0.4949999999999999,Medium,52,Evening,319,0,10454.8,0.18434992666724181,0.08999999999999997,0.7149999999999999,0.6799999999999999,2352,High Value,,,,3898.3999999999996,0.4024999999999999,171.7752674974492
2024-11-30 16:53:31,Truck_10,63.6092,-40.4852,295,Delayed,20.3,68.6,Detour,29,249,6,,63.2,295,1,16,30,5,11,November,1,High,Medium-Low,1.0,Medium-Low,0.975,0.08,0.3799999999999999,0.4783333333333333,Medium,48,Evening,0,0,18644.0,0.5376067638685187,0.9750000000000001,0.08000000000000007,0.37999999999999995,1494,High Value,,,,1832.8000000000002,0.5275000000000001,76.99699497446615
2024-10-20 11:54:15,Truck_3,69.9178,-25.7593,365,In Transit,30.0,60.0,Clear,18,215,5,Traffic,95.8,201,0,11,20,6,10,October,1,Very High,Medium-High,1.8159203980099503,Medium-Low,0.5050000000000001,0.895,0.1599999999999999,0.52,Medium,42,Morning,164,0,19255.8,0.5639979294280045,0.5050000000000001,0.895,0.15999999999999998,1075,Medium Value,,,,1724.3999999999999,0.7000000000000001,76.07827382576228
2024-06-08 16:49:23,Truck_10,27.3884,-85.6938,117,Delayed,23.9,64.3,Clear,16,175,8,Mechanical Failure,73.9,270,1,16,8,5,6,June,1,High,Low,0.43333333333333335,Medium-High,0.8500000000000001,0.3475000000000001,0.12,0.4391666666666667,Medium,23,Evening,-153,1,19953.0,0.5940729876628419,0.8500000000000001,0.34750000000000014,0.12,1400,High Value,,,,1182.4,0.5987500000000001,91.18148736518222
2024-09-11 09:02:01,Truck_6,5.5363,-6.3698,202,Delayed,25.9,62.3,Heavy,11,249,4,,98.0,131,1,9,11,2,9,September,0,Very High,Medium-Low,1.5419847328244274,Medium-Low,0.155,0.9500000000000002,0.0199999999999999,0.375,Medium,37,Morning,71,0,12838.0,0.28715382624450003,0.15500000000000003,0.9500000000000002,0.01999999999999999,996,Medium Value,,,,1078.0,0.5525000000000001,9.974913631744686
2024-11-08 14:19:44,Truck_10,-47.9174,-44.4673,408,Delayed,29.9,58.9,Heavy,25,390,8,,61.5,117,1,14,8,4,11,November,0,High,High,3.4871794871794872,Medium-High,0.0849999999999999,0.0375,0.3,0.1408333333333333,Low,45,Afternoon,291,0,7195.5,0.04375377448020018,0.08499999999999996,0.03750000000000009,0.3,3120,Very High Value,,,,1537.5,0.06125000000000003,64.96204200601322
2024-06-15 14:24:59,Truck_2,-58.2884,-53.9833,277,In Transit,18.2,75.1,Clear,60,122,10,,65.0,147,0,14,15,5,6,June,1,High,Medium-Low,1.8843537414965987,High,0.235,0.125,1.0,0.4533333333333333,Medium,24,Afternoon,130,0,9555.0,0.14553532913467349,0.235,0.125,1.0,1220,Medium Value,,,,3900.0,0.18,79.0322898374242
2024-05-16 01:51:29,Truck_10,44.4715,61.1203,430,Delayed,25.0,53.4,Detour,30,251,4,Mechanical Failure,77.6,119,1,1,16,3,5,May,0,Very High,High,3.6134453781512605,Medium-Low,0.0949999999999999,0.4399999999999999,0.3999999999999999,0.3116666666666666,Low,20,Night,311,0,9234.4,0.13170563368130445,0.09499999999999997,0.43999999999999995,0.39999999999999997,1004,Medium Value,,,,2328.0,0.26749999999999996,75.72717638627513
2024-03-26 14:40:33,Truck_7,-73.5735,153.529,451,Delayed,21.3,67.2,Detour,24,187,8,,69.3,221,1,14,26,1,3,March,0,High,High,2.0407239819004523,Medium-High,0.605,0.2324999999999999,0.2799999999999999,0.3725,Medium,13,Afternoon,230,0,15315.3,0.39401690967129666,0.605,0.23249999999999993,0.27999999999999997,1496,High Value,,,,1663.1999999999998,0.41874999999999996,168.90709913749382
2024-04-05 15:36:59,Truck_8,-39.3967,15.6452,421,Delivered,26.0,78.1,Heavy,29,379,5,Traffic,81.0,118,1,15,5,4,4,April,0,Very High,High,3.5677966101694913,Medium-Low,0.0899999999999999,0.5249999999999999,0.3799999999999999,0.3316666666666666,Medium,14,Afternoon,303,0,9558.0,0.1456647398843931,0.08999999999999997,0.5249999999999999,0.37999999999999995,1895,High Value,,,,2349.0,0.30749999999999994,40.81745755803718
2024-11-13 03:59:13,Truck_9,-46.8183,81.9142,175,In Transit,29.6,66.0,Clear,34,467,9,Weather,98.3,220,0,3,13,2,11,November,0,Very High,Low,0.7954545454545454,High,0.6000000000000001,0.9575,0.48,0.6791666666666667,High,46,Night,-45,1,21626.0,0.6662410490898111,0.6000000000000001,0.9575,0.48000000000000004,4203,Very High Value,,,,3342.2,0.77875,92.95134776060885
2024-06-13 01:08:32,Truck_2,57.3299,-54.7962,357,In Transit,27.4,55.5,Detour,43,207,2,Weather,60.5,111,0,1,13,3,6,June,0,High,Medium-High,3.2162162162162162,Low,0.055,0.0125000000000001,0.6599999999999999,0.2425,Low,24,Night,246,0,6715.5,0.023048054525062533,0.05500000000000005,0.012500000000000178,0.6599999999999999,414,Low Value,,,,2601.5,0.03375000000000011,80.86763020243271
2024-01-21 09:04:01,Truck_9,86.1935,59.4987,419,Delivered,26.5,56.2,Detour,15,277,2,Weather,68.3,280,0,9,21,6,1,January,1,High,High,1.4964285714285714,Low,0.9000000000000001,0.2075,0.0999999999999999,0.4025,Medium,3,Morning,139,0,19124.0,0.5583124838236563,0.9000000000000001,0.20750000000000002,0.09999999999999998,554,Low Value,,,,1024.5,0.5537500000000001,105.3889030540925
2024-10-05 14:23:31,Truck_7,59.8543,-132.3865,455,Delivered,19.8,67.6,Clear,22,301,3,Traffic,68.2,254,0,14,5,5,10,October,1,High,High,1.7913385826771653,Low,0.77,0.205,0.24,0.405,Medium,40,Afternoon,201,0,17322.8,0.4806142696920024,0.77,0.20500000000000007,0.24,903,Medium Value,,,,1500.4,0.48750000000000004,146.6141734038617
2024-04-21 07:25:56,Truck_2,-41.7908,84.2001,438,Delayed,24.3,78.8,Detour,33,322,7,Weather,79.0,206,1,7,21,6,4,April,1,Very High,High,2.1262135922330097,Medium-High,0.53,0.4750000000000001,0.46,0.4883333333333333,Medium,16,Morning,232,0,16274.0,0.4353722715900268,0.53,0.4750000000000001,0.46,2254,High Value,,,,2607.0,0.5025000000000001,92.65009654374693
2024-04-24 22:27:28,Truck_6,-3.7401,43.2693,497,In Transit,28.2,68.2,Detour,47,184,6,Traffic,63.8,251,0,22,24,2,4,April,0,High,High,1.9800796812749004,Medium-Low,0.7550000000000001,0.0949999999999999,0.74,0.53,Medium,17,Late_Evening,246,0,16013.8,0.4241480458976793,0.7550000000000001,0.09499999999999997,0.74,1104,Medium Value,,,,2998.6,0.42500000000000004,42.49894550030043
2024-02-10 07:01:26,Truck_8,-27.0196,-24.081,410,In Transit,29.8,76.2,Detour,52,152,2,Mechanical Failure,76.6,149,0,7,10,5,2,February,1,Very High,High,2.751677852348993,Low,0.245,0.415,0.8400000000000001,0.5,Medium,6,Morning,261,0,11413.4,0.22570097489431457,0.245,0.41500000000000004,0.8400000000000001,304,Low Value,,,,3983.2,0.33,35.76757583333606
2024-09-26 16:59:08,Truck_7,-53.7107,-60.5951,306,Delivered,21.5,78.5,Clear,48,317,7,Weather,92.8,231,0,16,26,3,9,September,0,Very High,Medium-High,1.3246753246753247,Medium-High,0.655,0.8199999999999998,0.76,0.745,High,39,Evening,75,0,21436.8,0.6580795444741611,0.655,0.8199999999999998,0.76,2219,High Value,,,,4454.4,0.7374999999999999,80.71242168105667
2024-08-09 14:23:12,Truck_3,65.9866,135.5421,209,Delayed,18.6,69.6,Heavy,50,357,10,Traffic,92.9,125,1,14,9,4,8,August,0,Very High,Medium-Low,1.672,High,0.125,0.8225000000000002,0.8,0.5825000000000001,Medium,32,Afternoon,84,0,11612.5,0.23428953498403937,0.125,0.8225000000000002,0.8,3570,Very High Value,,,,4645.0,0.4737500000000001,150.60221710191553
2024-01-05 21:06:52,Truck_4,-77.8133,-89.1179,155,Delayed,30.0,64.5,Detour,33,342,6,Weather,88.2,179,1,21,5,4,1,January,0,Very High,Low,0.8659217877094972,Medium-Low,0.395,0.7050000000000001,0.46,0.52,Medium,1,Late_Evening,-24,1,15787.800000000001,0.4143991027521353,0.395,0.7050000000000001,0.46,2052,High Value,,,,2910.6,0.55,118.0550115554144
2024-11-30 06:40:13,Truck_3,22.3036,59.4689,318,Delayed,25.8,79.5,Detour,11,161,10,,90.0,191,1,6,30,5,11,November,1,Very High,Medium-High,1.6649214659685865,High,0.455,0.75,0.0199999999999999,0.4083333333333334,Medium,48,Morning,127,0,17190.0,0.47488568717108104,0.45500000000000007,0.75,0.01999999999999999,1610,High Value,,,,990.0,0.6025,63.227085263199235
2024-09-11 08:19:18,Truck_9,-10.2023,76.7946,422,Delivered,23.8,62.4,Clear,10,158,4,Traffic,84.7,294,0,8,11,2,9,September,0,Very High,High,1.435374149659864,Medium-Low,0.97,0.6175000000000002,0.0,0.5291666666666667,Medium,37,Morning,128,0,24901.8,0.8075489604003105,0.97,0.6175000000000002,0.0,632,Low Value,,,,847.0,0.7937500000000001,76.47047927673611
2024-10-05 23:57:35,Truck_2,-9.1011,102.9819,450,In Transit,22.8,58.7,Detour,45,421,9,,90.0,240,0,23,5,5,10,October,1,Very High,High,1.875,High,0.7,0.75,0.7,0.7166666666666667,High,40,Late_Evening,210,0,21600.0,0.6651194892589078,0.7,0.75,0.7,3789,Very High Value,,,,4050.0,0.725,102.43775574371017
2024-10-15 14:03:52,Truck_4,-85.2973,149.0859,221,Delivered,21.6,67.7,Heavy,39,430,6,Traffic,71.9,286,1,14,15,1,10,October,0,High,Medium-Low,0.7727272727272727,Medium-Low,0.93,0.2975000000000003,0.5800000000000001,0.6025000000000001,Medium,42,Afternoon,-65,1,20563.4,0.6204037615391254,0.9299999999999999,0.2975000000000003,0.5800000000000001,2580,Very High Value,,,,2804.1000000000004,0.6137500000000001,170.36189902258246
2024-07-04 09:22:46,Truck_7,-13.1977,107.4226,271,Delivered,18.7,75.4,Clear,37,210,10,Traffic,72.0,120,0,9,4,3,7,July,0,High,Medium-Low,2.2583333333333333,High,0.0999999999999999,0.3,0.54,0.3133333333333333,Low,27,Morning,151,0,8640.0,0.10606505047019238,0.09999999999999998,0.30000000000000004,0.54,2100,High Value,,,,2664.0,0.2,107.24089076582331
2024-08-21 17:20:39,Truck_4,-77.327,-33.6001,402,Delayed,18.7,59.6,Detour,16,454,1,Traffic,62.9,274,1,17,21,2,8,August,0,High,High,1.467153284671533,Low,0.8700000000000001,0.0725,0.12,0.3541666666666667,Medium,34,Evening,128,0,17234.6,0.4768095936502459,0.8700000000000001,0.07250000000000001,0.12,454,Low Value,,,,1006.4,0.47125000000000006,83.40796271508462
2024-07-03 06:32:35,Truck_1,-36.3388,69.5488,119,In Transit,24.4,68.2,Heavy,60,125,3,,81.6,106,1,6,3,2,7,July,0,Very High,Low,1.1226415094339623,Low,0.03,0.54,1.0,0.5233333333333333,Medium,27,Morning,13,0,8649.599999999999,0.1064791648692951,0.030000000000000027,0.54,1.0,375,Low Value,,,,4896.0,0.28500000000000003,77.10262453771055
2024-02-20 17:37:42,Truck_6,-35.4951,105.3877,385,Delivered,26.1,68.3,Clear,38,114,6,Weather,64.6,190,0,17,20,1,2,February,0,High,Medium-High,2.026315789473684,Medium-Low,0.45,0.1149999999999999,0.56,0.375,Medium,8,Evening,195,0,12273.999999999998,0.2628246052972133,0.45000000000000007,0.11499999999999999,0.56,684,Low Value,,,,2454.7999999999997,0.28250000000000003,109.98198659613303
2024-05-25 03:48:33,Truck_4,-50.7255,49.2993,443,Delivered,23.6,66.6,Detour,42,333,9,Traffic,93.1,143,0,3,25,5,5,May,1,Very High,High,3.097902097902098,High,0.2149999999999999,0.8275000000000001,0.6399999999999999,0.5608333333333333,Medium,21,Night,300,0,13313.3,0.30765680269174356,0.21499999999999997,0.8275000000000001,0.6399999999999999,2997,Very High Value,,,,3910.2,0.52125,69.17754859379903
2024-05-28 16:24:39,Truck_4,-85.6005,35.8883,271,In Transit,23.6,74.2,Clear,30,214,5,Traffic,72.1,132,0,16,28,1,5,May,0,High,Medium-Low,2.053030303030303,Medium-Low,0.16,0.3025,0.3999999999999999,0.2875,Low,22,Evening,139,0,9517.199999999999,0.14390475368820632,0.16000000000000003,0.3025,0.39999999999999997,1070,Medium Value,,,,2163.0,0.23125,91.24163765843545
2024-09-07 10:37:29,Truck_3,-15.3475,13.3516,133,Delayed,29.4,51.6,Clear,31,485,3,Weather,90.1,172,1,10,7,5,9,September,1,Very High,Low,0.7732558139534884,Low,0.36,0.7525,0.42,0.5108333333333333,Medium,36,Morning,-39,1,15497.199999999999,0.4018635147959624,0.36,0.7525,0.42,1455,High Value,,,,2793.1,0.5562499999999999,18.768632209303
2024-08-20 15:07:20,Truck_4,36.4573,-60.8255,388,Delayed,23.1,64.8,Detour,23,329,1,Mechanical Failure,89.2,296,1,15,20,1,8,August,0,Very High,Medium-High,1.3108108108108107,Low,0.98,0.73,0.26,0.6566666666666666,Medium,34,Afternoon,92,0,26403.2,0.8723147269433182,0.98,0.73,0.26,329,Low Value,,,,2051.6,0.855,72.33550386848373
2024-11-11 19:15:19,Truck_1,40.9268,-145.299,429,In Transit,20.9,68.0,Heavy,50,196,10,Mechanical Failure,72.9,123,1,19,11,0,11,November,0,High,High,3.4878048780487805,High,0.1149999999999999,0.3225000000000002,0.8,0.4125000000000001,Medium,46,Evening,306,0,8966.7,0.12015788111465797,0.11499999999999999,0.32250000000000023,0.8,1960,High Value,,,,3645.0000000000005,0.2187500000000001,152.13127907786463
2024-05-27 08:38:06,Truck_6,-66.0724,48.2597,145,Delivered,18.8,62.6,Detour,14,408,9,Weather,81.3,138,0,8,27,0,5,May,0,Very High,Low,1.0507246376811594,High,0.19,0.5325000000000002,0.08,0.2675,Low,22,Morning,7,0,11219.4,0.2173324130791131,0.19000000000000006,0.5325000000000002,0.08000000000000002,3672,Very High Value,,,,1138.2,0.3612500000000001,80.22836509853872
2024-04-05 18:56:43,Truck_1,24.1971,18.693,135,Delivered,20.1,53.8,Detour,21,108,10,Traffic,92.0,243,0,18,5,4,4,April,0,Very High,Low,0.5555555555555556,High,0.7150000000000001,0.8000000000000003,0.2199999999999999,0.5783333333333335,Medium,14,Evening,-108,1,22356.0,0.6977309981882496,0.7150000000000001,0.8000000000000003,0.21999999999999997,1080,Medium Value,,,,1932.0,0.7575000000000002,31.176996059259558
2024-07-23 15:08:30,Truck_5,46.8609,37.8235,442,Delayed,22.2,65.4,Detour,33,492,5,Weather,86.4,145,1,15,23,1,7,July,0,Very High,High,3.0482758620689654,Medium-Low,0.2249999999999999,0.6600000000000001,0.46,0.4483333333333334,Medium,30,Afternoon,297,0,12528.0,0.273781382106807,0.22499999999999998,0.6600000000000001,0.46,2460,Very High Value,,,,2851.2000000000003,0.44250000000000006,60.77221151399665
2024-03-04 09:24:45,Truck_10,-56.7854,25.8691,342,Delivered,27.2,55.1,Heavy,22,326,2,,64.4,300,1,9,4,0,3,March,0,High,Medium-High,1.14,Low,1.0,0.1100000000000003,0.24,0.4500000000000001,Medium,10,Morning,42,0,19320.0,0.5667673194720042,1.0,0.11000000000000032,0.24,652,Low Value,,,,1416.8000000000002,0.5550000000000002,60.81585552023013
2024-01-03 12:49:48,Truck_10,-35.4329,9.9153,308,Delayed,25.2,52.5,Heavy,19,475,8,Mechanical Failure,95.0,206,1,12,3,2,1,January,0,Very High,Medium-High,1.4951456310679612,Medium-High,0.53,0.875,0.18,0.5283333333333333,Medium,1,Afternoon,102,0,19570.0,0.577551548615305,0.53,0.875,0.18,3800,Very High Value,,,,1805.0,0.7025,35.26146405287429
2024-04-05 20:20:25,Truck_7,63.6965,-131.1519,358,Delayed,21.6,61.7,Clear,23,127,6,,85.7,199,1,20,5,4,4,April,0,Very High,Medium-High,1.7989949748743719,Medium-Low,0.495,0.6425000000000001,0.26,0.4658333333333334,Medium,14,Late_Evening,159,0,17054.3,0.4690320075920973,0.495,0.6425000000000001,0.26,762,Medium Value,,,,1971.1000000000001,0.5687500000000001,147.151088587374
2024-05-08 10:09:06,Truck_6,-43.4171,160.8423,128,Delayed,23.0,69.7,Clear,30,462,8,,76.7,105,1,10,8,2,5,May,0,Very High,Low,1.2190476190476192,Medium-High,0.025,0.4175000000000002,0.3999999999999999,0.2808333333333334,Low,19,Morning,23,0,8053.5,0.08076524890000863,0.025000000000000022,0.4175000000000002,0.39999999999999997,3696,Very High Value,,,,2301.0,0.2212500000000001,165.44023770237305
2024-07-07 19:49:15,Truck_2,-82.7058,-62.704,426,Delayed,24.2,75.7,Clear,51,303,10,Mechanical Failure,94.1,160,1,19,7,6,7,July,1,Very High,High,2.6625,High,0.3,0.8525,0.8200000000000001,0.6575000000000001,Medium,27,Evening,266,0,15056.0,0.38283150720386505,0.30000000000000004,0.8525,0.8200000000000001,3030,Very High Value,,,,4799.099999999999,0.57625,103.2210686232157
2024-11-26 22:45:24,Truck_6,-75.3211,-58.7749,349,Delivered,21.1,54.1,Detour,47,290,5,,70.4,233,0,22,26,1,11,November,0,High,Medium-High,1.497854077253219,Medium-Low,0.665,0.2600000000000002,0.74,0.555,Medium,48,Late_Evening,116,0,16403.2,0.4409455612112847,0.665,0.26000000000000023,0.74,1450,High Value,,,,3308.8,0.46250000000000013,94.99376330727753
2024-01-04 03:12:31,Truck_4,-50.7085,-85.4515,173,In Transit,23.1,56.0,Heavy,50,440,3,Mechanical Failure,73.4,289,1,3,4,3,1,January,0,High,Low,0.5986159169550173,Low,0.945,0.3350000000000002,0.8,0.6933333333333334,High,1,Night,-116,1,21212.600000000002,0.648408247778449,0.9450000000000001,0.3350000000000002,0.8,1320,Medium Value,,,,3670.0000000000005,0.6400000000000001,99.40311355377187
2024-07-31 14:59:23,Truck_10,70.7101,-175.9865,184,Delayed,24.5,54.9,Detour,23,159,7,Traffic,60.2,120,1,14,31,2,7,July,0,High,Low,1.5333333333333334,Medium-High,0.0999999999999999,0.0050000000000001,0.26,0.1216666666666667,Low,31,Afternoon,64,0,7224.0,0.04498317660253648,0.09999999999999998,0.0050000000000001155,0.26,1113,Medium Value,,,,1384.6000000000001,0.05250000000000005,190.94679915356474
2024-05-23 23:23:37,Truck_5,-71.1004,-147.757,318,Delayed,25.5,64.3,Heavy,15,215,8,Traffic,69.1,158,1,23,23,3,5,May,0,High,Medium-High,2.0126582278481013,Medium-High,0.29,0.2275,0.0999999999999999,0.2058333333333333,Low,21,Late_Evening,160,0,10917.8,0.20432231904063497,0.29000000000000004,0.22750000000000004,0.09999999999999998,1720,High Value,,,,1036.5,0.25875000000000004,164.1459772420332
2024-07-04 00:05:02,Truck_3,-76.8972,-3.6358,288,Delivered,24.7,67.4,Detour,37,230,7,Mechanical Failure,65.0,259,0,0,4,3,7,July,0,High,Medium-Low,1.111969111969112,Medium-High,0.7949999999999999,0.125,0.54,0.4866666666666666,Medium,27,Night,29,0,16835.0,0.4595720817875939,0.7949999999999999,0.125,0.54,1610,High Value,,,,2405.0,0.45999999999999996,75.66941899896791
2024-08-18 23:25:47,Truck_6,39.7998,58.7461,317,Delivered,18.5,66.0,Heavy,36,465,1,Mechanical Failure,68.0,180,1,23,18,6,8,August,1,High,Medium-High,1.761111111111111,Low,0.4,0.2000000000000001,0.52,0.3733333333333333,Medium,33,Late_Evening,137,0,12240.0,0.2613579501337244,0.4,0.20000000000000018,0.52,465,Low Value,,,,2448.0,0.3000000000000001,71.04642818710836
2024-10-23 15:20:16,Truck_7,78.5954,-173.0016,122,In Transit,26.7,73.2,Clear,37,128,9,,81.4,174,0,15,23,2,10,October,0,Very High,Low,0.7011494252873564,High,0.37,0.5350000000000001,0.54,0.4816666666666667,Medium,43,Afternoon,-52,1,14163.6,0.34433612285393844,0.37,0.5350000000000001,0.54,1152,Medium Value,,,,3011.8,0.45250000000000007,191.34460182687707
2024-07-02 16:40:43,Truck_4,-53.5264,13.0019,291,Delivered,24.2,67.0,Heavy,29,431,9,Traffic,90.1,172,1,16,2,1,7,July,0,Very High,Medium-Low,1.691860465116279,High,0.36,0.7525,0.3799999999999999,0.4974999999999999,Medium,27,Evening,119,0,15497.199999999999,0.4018635147959624,0.36,0.7525,0.37999999999999995,3879,Very High Value,,,,2612.8999999999996,0.5562499999999999,53.56591481564061
2024-01-10 16:52:14,Truck_1,49.3049,-55.6493,199,Delivered,23.4,64.4,Heavy,59,476,10,Traffic,81.3,123,1,16,10,2,1,January,0,Very High,Low,1.6178861788617886,High,0.1149999999999999,0.5325000000000002,0.98,0.5425000000000001,Medium,2,Evening,76,0,9999.9,0.16472694331809162,0.11499999999999999,0.5325000000000002,0.98,4760,Very High Value,,,,4796.7,0.3237500000000001,75.87917426547673
2024-10-25 16:02:14,Truck_8,72.9981,12.4029,488,Delivered,21.9,75.8,Detour,30,147,3,Mechanical Failure,81.6,252,0,16,25,4,10,October,0,Very High,High,1.9365079365079365,Low,0.76,0.54,0.3999999999999999,0.5666666666666667,Medium,43,Evening,236,0,20563.199999999997,0.6203951341558105,0.76,0.54,0.39999999999999997,441,Low Value,,,,2448.0,0.65,75.25230706367789
2024-02-27 21:46:02,Truck_1,80.4177,-39.9632,445,Delayed,20.6,68.2,Clear,41,418,9,,93.6,184,1,21,27,1,2,February,0,Very High,High,2.4184782608695654,High,0.42,0.8399999999999999,0.6200000000000001,0.6266666666666666,Medium,9,Late_Evening,261,0,17222.399999999998,0.4762833232680528,0.42000000000000004,0.8399999999999999,0.6200000000000001,3762,Very High Value,,,,3837.6,0.6299999999999999,91.39074172382324
2024-08-06 04:29:22,Truck_2,-51.0247,1.8063,247,Delayed,19.3,62.9,Clear,55,466,2,Weather,78.0,183,1,4,6,1,8,August,0,Very High,Medium-Low,1.349726775956284,Low,0.415,0.4500000000000002,0.9000000000000001,0.5883333333333335,Medium,32,Night,64,0,14274.0,0.3490984384436201,0.41500000000000004,0.4500000000000002,0.9000000000000001,932,Medium Value,,,,4290.0,0.4325000000000001,49.67406441887946
2024-09-09 18:54:20,Truck_4,5.2922,172.6376,351,In Transit,29.7,52.1,Clear,41,330,8,Weather,94.5,108,0,18,9,0,9,September,0,Very High,Medium-High,3.25,Medium-High,0.04,0.8625000000000003,0.6200000000000001,0.5075000000000002,Medium,37,Evening,243,0,10206.0,0.17361746182382887,0.040000000000000036,0.8625000000000003,0.6200000000000001,2640,Very High Value,,,,3874.5,0.45125000000000015,171.92929463910366
2024-01-21 12:56:09,Truck_1,54.3099,-98.941,311,Delayed,28.9,77.8,Heavy,43,415,1,Mechanical Failure,76.4,210,1,12,21,6,1,January,1,Very High,Medium-High,1.480952380952381,Low,0.55,0.4100000000000001,0.6599999999999999,0.54,Medium,3,Afternoon,101,0,16044.000000000002,0.4254507807781901,0.55,0.41000000000000014,0.6599999999999999,415,Low Value,,,,3285.2000000000003,0.4800000000000001,114.25763483625437
2024-10-23 21:11:00,Truck_5,-3.8161,-159.7257,495,Delivered,29.5,50.6,Detour,58,179,3,Mechanical Failure,72.3,245,0,21,23,2,10,October,0,High,High,2.020408163265306,Low,0.7250000000000001,0.3075000000000001,0.96,0.6641666666666667,High,43,Late_Evening,250,0,17713.5,0.49746786299715295,0.7250000000000001,0.3075000000000001,0.96,537,Low Value,,,,4193.4,0.5162500000000001,160.5815316487961
2024-03-22 03:06:23,Truck_3,-69.8431,-171.5361,237,In Transit,23.6,62.7,Detour,35,323,9,Weather,66.8,267,0,3,22,4,3,March,0,High,Medium-Low,0.8876404494382022,High,0.835,0.1699999999999999,0.5,0.5016666666666666,Medium,12,Night,-30,1,17835.6,0.5027348805107411,0.835,0.16999999999999993,0.5,2907,Very High Value,,,,2338.0,0.5025,185.47890652106517
2024-09-07 01:58:48,Truck_2,9.3528,120.0011,290,Delivered,28.7,72.6,Clear,45,151,8,Traffic,81.7,280,0,1,7,5,9,September,1,Very High,Medium-Low,1.0357142857142858,Medium-High,0.9000000000000001,0.5425,0.7,0.7141666666666667,High,36,Night,10,0,22876.0,0.7201621948063153,0.9000000000000001,0.5425,0.7,1208,Medium Value,,,,3676.5,0.7212500000000001,119.6446285564987
2024-02-13 05:24:13,Truck_2,-74.3396,-150.6339,111,Delayed,22.7,75.6,Clear,47,207,4,,60.4,131,1,5,13,1,2,February,0,High,Low,0.8473282442748091,Medium-Low,0.155,0.01,0.74,0.3016666666666667,Low,7,Night,-20,1,7912.4,0.07467862997152963,0.15500000000000003,0.010000000000000009,0.74,828,Medium Value,,,,2838.7999999999997,0.08250000000000002,168.13523384767714
2024-01-30 15:36:36,Truck_2,-62.0623,133.8872,373,Delayed,27.6,65.8,Heavy,23,396,1,Traffic,79.3,126,1,15,30,1,1,January,0,Very High,Medium-High,2.9603174603174605,Low,0.13,0.4824999999999999,0.26,0.2908333333333333,Low,5,Afternoon,247,0,9991.8,0.16437753429384866,0.13,0.48249999999999993,0.26,396,Low Value,,,,1823.8999999999999,0.30624999999999997,146.24329280676582
2024-03-06 06:10:28,Truck_10,-53.1354,-164.488,458,In Transit,25.5,52.1,Detour,32,183,6,Weather,93.5,154,0,6,6,2,3,March,0,Very High,High,2.9740259740259742,Medium-Low,0.27,0.8374999999999999,0.44,0.5158333333333333,Medium,10,Morning,304,0,14399.0,0.35449055301527055,0.27,0.8374999999999999,0.44,1098,Medium Value,,,,2992.0,0.55375,173.24276103246532
2024-10-31 07:46:12,Truck_4,85.0389,-138.3248,354,In Transit,24.7,64.1,Detour,15,298,4,Mechanical Failure,71.9,162,0,7,31,3,10,October,0,High,Medium-High,2.185185185185185,Medium-Low,0.31,0.2975000000000003,0.0999999999999999,0.2358333333333334,Low,44,Morning,192,0,11647.800000000001,0.23581226813907352,0.31000000000000005,0.2975000000000003,0.09999999999999998,1192,Medium Value,,,,1078.5,0.3037500000000002,163.80111755284605
2024-06-21 10:02:05,Truck_3,48.9598,-160.9134,165,Delayed,28.8,51.6,Heavy,49,410,8,Mechanical Failure,88.4,291,1,10,21,4,6,June,0,Very High,Low,0.5670103092783505,Medium-High,0.955,0.7100000000000004,0.78,0.8150000000000001,High,25,Morning,-126,1,25724.4,0.8430333879734278,0.9550000000000001,0.7100000000000004,0.78,3280,Very High Value,,,,4331.6,0.8325000000000002,169.39686924682832
2024-07-25 17:59:38,Truck_8,44.3639,134.3967,471,Delayed,19.8,55.2,Clear,36,369,6,Mechanical Failure,94.7,183,1,17,25,3,7,July,0,Very High,High,2.5737704918032787,Medium-Low,0.415,0.8675000000000002,0.52,0.6008333333333334,Medium,30,Evening,288,0,17330.100000000002,0.4809291691829869,0.41500000000000004,0.8675000000000002,0.52,2214,High Value,,,,3409.2000000000003,0.6412500000000001,141.16962811185198
2024-02-21 22:00:35,Truck_8,-33.1628,143.557,410,Delivered,27.5,58.5,Detour,21,439,9,Mechanical Failure,72.4,182,0,22,21,2,2,February,0,High,High,2.2527472527472527,High,0.41,0.3100000000000003,0.2199999999999999,0.3133333333333334,Low,8,Late_Evening,228,0,13176.800000000001,0.30176861357950147,0.41000000000000003,0.3100000000000003,0.21999999999999997,3951,Very High Value,,,,1520.4,0.36000000000000015,146.22037012658802
2024-06-22 06:59:47,Truck_8,-61.1518,140.8152,407,In Transit,19.9,50.7,Heavy,55,421,1,Mechanical Failure,87.2,237,1,6,22,5,6,June,1,Very High,High,1.7172995780590716,Low,0.685,0.6800000000000002,0.9000000000000001,0.7550000000000002,High,25,Morning,170,0,20666.4,0.6248468639461653,0.685,0.6800000000000002,0.9000000000000001,421,Low Value,,,,4796.0,0.6825000000000001,152.2134391543061
2024-02-09 21:00:56,Truck_10,-87.8115,97.0492,134,Delivered,19.5,75.3,Clear,45,424,6,Weather,80.9,175,0,21,9,4,2,February,0,Very High,Low,0.7657142857142857,Medium-Low,0.375,0.5225000000000004,0.7,0.5325000000000001,Medium,6,Late_Evening,-41,1,14157.500000000002,0.344072987662842,0.375,0.5225000000000004,0.7,2544,Very High Value,,,,3640.5000000000005,0.4487500000000002,129.34691283803414
2024-12-16 00:30:52,Truck_10,-48.3575,115.8351,394,Delayed,26.9,62.1,Detour,29,419,10,,90.7,139,1,0,16,0,12,December,0,Very High,Medium-High,2.8345323741007196,High,0.195,0.7675000000000001,0.3799999999999999,0.4475,Medium,51,Night,255,0,12607.300000000001,0.2772021395910621,0.19500000000000006,0.7675000000000001,0.37999999999999995,4190,Very High Value,,,,2630.3,0.48125000000000007,124.23086596784145
2024-03-22 23:53:31,Truck_10,-59.5674,11.3653,480,Delayed,23.9,57.9,Heavy,57,204,6,,62.3,146,1,23,22,4,3,March,0,High,High,3.287671232876712,Medium-Low,0.2299999999999999,0.0575000000000001,0.9400000000000002,0.4091666666666667,Medium,12,Late_Evening,334,0,9095.8,0.12572685704425846,0.22999999999999998,0.05750000000000011,0.9400000000000002,1224,Medium Value,,,,3551.1,0.14375000000000004,59.1517937680908
2024-07-26 08:02:20,Truck_7,-37.2055,79.4485,159,In Transit,25.6,76.6,Clear,25,213,5,Weather,82.2,144,0,8,26,4,7,July,0,Very High,Low,1.1041666666666667,Medium-Low,0.2199999999999999,0.5550000000000002,0.3,0.3583333333333334,Medium,30,Morning,15,0,11836.800000000001,0.2439651453714089,0.21999999999999997,0.5550000000000002,0.3,1065,Medium Value,,,,2055.0,0.38750000000000007,86.39822611442706
2024-04-11 04:50:12,Truck_8,38.1095,164.7654,131,Delayed,19.1,73.3,Heavy,10,353,3,Weather,89.4,149,1,4,11,3,4,April,0,Very High,Low,0.8791946308724832,Low,0.245,0.7350000000000003,0.0,0.3266666666666667,Low,15,Night,-18,1,13320.6,0.30797170218272807,0.245,0.7350000000000003,0.0,1059,Medium Value,,,,894.0,0.49000000000000016,168.6130274752661
2024-05-31 15:07:16,Truck_1,-20.0991,20.1825,224,Delayed,20.2,58.9,Heavy,34,166,6,Mechanical Failure,84.6,105,1,15,31,4,5,May,0,Very High,Medium-Low,2.1333333333333333,Medium-Low,0.025,0.6149999999999998,0.48,0.3733333333333333,Medium,22,Afternoon,119,0,8883.0,0.11654732119748085,0.025000000000000022,0.6149999999999998,0.48000000000000004,996,Medium Value,,,,2876.3999999999996,0.3199999999999999,26.933192840800476
2024-04-12 15:44:47,Truck_10,89.3898,-93.1034,120,Delivered,22.6,56.4,Clear,60,151,9,Weather,69.9,194,0,15,12,4,4,April,0,High,Low,0.6185567010309279,High,0.47,0.2475000000000002,1.0,0.5725000000000001,Medium,15,Afternoon,-74,1,13560.6,0.3183245621602968,0.47,0.24750000000000028,1.0,1359,Medium Value,,,,4194.0,0.3587500000000001,130.61527838061306
2024-03-14 18:05:27,Truck_4,85.8393,74.4208,321,Delayed,30.0,75.4,Heavy,14,391,1,,67.3,138,1,18,14,3,3,March,0,High,Medium-High,2.3260869565217392,Low,0.19,0.1825000000000001,0.08,0.1508333333333334,Low,11,Evening,183,0,9287.4,0.13399189025968422,0.19000000000000006,0.1825000000000001,0.08000000000000002,391,Low Value,,,,942.1999999999999,0.18625000000000008,114.09777603334643
2024-08-09 21:10:15,Truck_1,29.5637,-162.339,238,Delivered,26.6,50.9,Heavy,59,160,1,Mechanical Failure,76.8,233,1,21,9,4,8,August,0,Very High,Medium-Low,1.0214592274678111,Low,0.665,0.4199999999999999,0.98,0.6883333333333334,High,32,Late_Evening,5,0,17894.399999999998,0.5052713312052454,0.665,0.41999999999999993,0.98,160,Low Value,,,,4531.2,0.5425,166.08041390658624
2024-09-18 10:59:43,Truck_1,13.5274,-108.9153,297,In Transit,18.1,77.3,Clear,22,376,10,,80.2,168,0,10,18,2,9,September,0,Very High,Medium-Low,1.7678571428571428,High,0.3399999999999999,0.5050000000000003,0.24,0.3616666666666668,Medium,38,Morning,129,0,13473.6,0.31457165041842816,0.33999999999999997,0.5050000000000003,0.24,3760,Very High Value,,,,1764.4,0.42250000000000015,110.75746261531268
2024-03-13 21:43:28,Truck_2,49.8896,46.7765,219,Delivered,22.3,56.9,Heavy,44,144,8,,62.2,188,1,21,13,2,3,March,0,High,Medium-Low,1.1648936170212767,Medium-High,0.44,0.0550000000000001,0.6799999999999999,0.3916666666666668,Medium,11,Late_Evening,31,0,11693.6,0.23778793891812622,0.44000000000000006,0.05500000000000016,0.6799999999999999,1152,Medium Value,,,,2736.8,0.2475000000000001,68.82560685503461
2024-08-17 04:39:18,Truck_3,61.9951,28.0639,204,In Transit,29.8,58.9,Heavy,10,484,3,Weather,93.0,238,1,4,17,5,8,August,1,Very High,Medium-Low,0.8571428571428571,Low,0.69,0.8250000000000002,0.0,0.505,Medium,33,Night,-34,1,22134.0,0.6881546027089984,0.69,0.8250000000000002,0.0,1452,High Value,,,,930.0,0.7575000000000001,68.95782660586589
2024-01-31 00:01:35,Truck_1,88.3545,123.8561,469,In Transit,21.5,52.2,Heavy,56,405,10,Weather,95.5,135,1,0,31,2,1,January,0,Very High,High,3.474074074074074,High,0.175,0.8875000000000002,0.9200000000000002,0.6608333333333335,High,5,Night,334,0,12892.5,0.2895047881977396,0.17500000000000004,0.8875000000000002,0.9200000000000002,4050,Very High Value,,,,5348.0,0.5312500000000001,152.25766009934733
2024-02-27 17:30:37,Truck_9,-1.4258,112.8174,146,Delayed,24.2,72.4,Clear,22,321,9,Mechanical Failure,88.2,190,1,17,27,1,2,February,0,Very High,Low,0.7684210526315789,High,0.45,0.7050000000000001,0.24,0.4650000000000001,Medium,9,Evening,-44,1,16758.0,0.4562505392114572,0.45000000000000007,0.7050000000000001,0.24,2889,Very High Value,,,,1940.4,0.5775000000000001,111.98037037776615
2024-09-22 00:34:04,Truck_3,-18.3801,-175.0496,215,Delivered,18.9,63.4,Heavy,57,382,4,Weather,71.2,274,1,0,22,6,9,September,1,High,Medium-Low,0.7846715328467153,Medium-Low,0.8700000000000001,0.2800000000000002,0.9400000000000002,0.6966666666666669,High,38,Night,-59,1,19508.8,0.5749115693210249,0.8700000000000001,0.28000000000000025,0.9400000000000002,1528,High Value,,,,4058.4,0.5750000000000002,176.70821688073232
2024-10-03 07:58:45,Truck_3,72.6206,46.1393,454,In Transit,22.8,73.3,Heavy,45,276,5,Weather,87.4,261,1,7,3,3,10,October,0,Very High,High,1.739463601532567,Medium-Low,0.8049999999999999,0.685,0.7,0.73,High,40,Morning,193,0,22811.4,0.7173755499956864,0.8049999999999999,0.685,0.7,1380,High Value,,,,3933.0000000000005,0.745,86.74927568748424
2024-08-14 19:26:01,Truck_4,-10.0844,-0.6042,145,Delivered,29.2,67.3,Clear,36,230,4,Traffic,85.3,269,0,19,14,2,8,August,0,Very High,Low,0.5390334572490706,Medium-Low,0.845,0.6324999999999998,0.52,0.6658333333333333,High,33,Evening,-124,1,22945.7,0.7231688378914676,0.845,0.6324999999999998,0.52,920,Medium Value,,,,3070.7999999999997,0.7387499999999999,8.842552685816804
2024-12-24 21:30:03,Truck_10,73.6225,125.9589,410,Delivered,18.8,78.0,Heavy,35,228,2,Mechanical Failure,92.1,111,1,21,24,1,12,December,0,Very High,High,3.6936936936936937,Low,0.055,0.8024999999999998,0.5,0.4524999999999999,Medium,52,Late_Evening,299,0,10223.099999999999,0.17435510309723057,0.05500000000000005,0.8024999999999998,0.5,456,Low Value,,,,3223.5,0.4287499999999999,145.869348444792
2024-07-16 21:14:02,Truck_4,-67.5109,-162.0537,350,Delayed,21.8,60.4,Clear,15,238,3,Weather,81.1,300,1,21,16,1,7,July,0,Very High,Medium-High,1.1666666666666667,Low,1.0,0.5274999999999999,0.0999999999999999,0.5425,Medium,29,Late_Evening,50,0,24330.0,0.782883271503753,1.0,0.5274999999999999,0.09999999999999998,714,Medium Value,,,,1216.5,0.7637499999999999,175.81048147614734
2024-12-01 17:38:54,Truck_1,-4.42,-44.1619,474,Delayed,29.5,51.1,Detour,34,136,8,,67.8,268,1,17,1,6,12,December,1,High,High,1.7686567164179106,Medium-High,0.8400000000000001,0.195,0.48,0.505,Medium,48,Evening,206,0,18170.399999999998,0.5171771201794495,0.8400000000000001,0.19500000000000006,0.48000000000000004,1088,Medium Value,,,,2305.2,0.5175000000000001,45.10286504648442
2024-10-08 12:36:02,Truck_1,-31.9299,48.9536,357,Delivered,20.9,50.9,Detour,30,495,1,Weather,65.6,288,0,12,8,1,10,October,0,High,Medium-High,1.2395833333333333,Low,0.94,0.1399999999999999,0.3999999999999999,0.4933333333333332,Medium,41,Afternoon,69,0,18892.8,0.5483392287119316,0.94,0.1399999999999999,0.39999999999999997,495,Low Value,,,,1967.9999999999998,0.5399999999999999,57.006276972207246
2024-05-27 19:21:26,Truck_1,-84.5861,-56.9044,171,In Transit,28.8,59.3,Clear,56,437,10,,99.6,235,0,19,27,0,5,May,0,Very High,Low,0.7276595744680852,High,0.675,0.9900000000000002,0.9200000000000002,0.8616666666666668,High,22,Evening,-64,1,23406.0,0.743024760590113,0.675,0.9900000000000002,0.9200000000000002,4370,Very High Value,,,,5577.599999999999,0.8325000000000001,101.29483317927014
2024-03-21 22:22:44,Truck_3,-20.6577,-86.8013,137,Delivered,24.0,78.0,Heavy,29,425,7,Weather,69.4,270,1,22,21,3,3,March,0,High,Low,0.5074074074074074,Medium-High,0.8500000000000001,0.2350000000000003,0.3799999999999999,0.4883333333333334,Medium,12,Late_Evening,-133,1,18738.0,0.5416616340263999,0.8500000000000001,0.23500000000000032,0.37999999999999995,2975,Very High Value,,,,2012.6000000000001,0.5425000000000002,89.73782841858089
2024-05-04 10:52:10,Truck_3,-56.5959,153.5316,147,Delivered,24.9,67.6,Heavy,57,157,4,Traffic,62.1,261,1,10,4,5,5,May,1,High,Low,0.5632183908045977,Medium-Low,0.8049999999999999,0.0525000000000002,0.9400000000000002,0.5991666666666667,Medium,18,Morning,-114,1,16208.1,0.43252954878785266,0.8049999999999999,0.05250000000000021,0.9400000000000002,628,Low Value,,,,3539.7000000000003,0.4287500000000001,162.37801684575533
2024-05-11 12:13:27,Truck_5,20.6546,79.9499,194,In Transit,22.9,69.7,Clear,11,140,4,Weather,84.7,293,0,12,11,5,5,May,1,Very High,Low,0.6621160409556314,Medium-Low,0.965,0.6175000000000002,0.0199999999999999,0.5341666666666668,Medium,19,Afternoon,-99,1,24817.100000000002,0.8038952635665604,0.9650000000000001,0.6175000000000002,0.01999999999999999,560,Low Value,,,,931.7,0.7912500000000001,82.11875485809114
2024-12-28 20:25:19,Truck_5,-19.7553,54.2697,291,Delayed,24.1,70.8,Heavy,25,414,8,,99.4,225,1,20,28,5,12,December,1,Very High,Medium-Low,1.2933333333333332,Medium-High,0.625,0.9850000000000004,0.3,0.6366666666666668,Medium,52,Late_Evening,66,0,22365.0,0.6981192304374084,0.625,0.9850000000000003,0.3,3312,Very High Value,,,,2485.0,0.8050000000000002,56.510457960127574
2024-04-06 01:48:36,Truck_3,68.0702,98.5995,176,Delivered,29.5,61.9,Clear,31,306,6,Weather,73.5,217,0,1,6,5,4,April,1,High,Low,0.8110599078341014,Medium-Low,0.585,0.3375000000000001,0.42,0.4475,Medium,14,Night,-41,1,15949.5,0.4213743421620223,0.585,0.33750000000000013,0.42,1836,High Value,,,,2278.5,0.46125000000000005,119.9085583918075
2024-08-12 10:11:42,Truck_4,25.964,-133.3578,240,In Transit,27.4,72.9,Detour,29,272,8,Mechanical Failure,72.3,106,0,10,12,0,8,August,0,High,Medium-Low,2.2641509433962264,Medium-High,0.03,0.3075000000000001,0.3799999999999999,0.2391666666666666,Low,33,Morning,134,0,7663.799999999999,0.06395479251143127,0.030000000000000027,0.3075000000000001,0.37999999999999995,2176,High Value,,,,2096.7,0.16875000000000007,136.94839724402476
2024-02-08 10:12:13,Truck_1,-86.701,-140.0339,412,Delayed,23.8,71.6,Heavy,54,301,6,Weather,76.8,183,1,10,8,3,2,February,0,Very High,High,2.251366120218579,Medium-Low,0.415,0.4199999999999999,0.8800000000000001,0.5716666666666667,Medium,6,Morning,229,0,14054.4,0.33962557156414463,0.41500000000000004,0.41999999999999993,0.8800000000000001,1806,High Value,,,,4147.2,0.4175,164.70487157288878
2024-10-02 18:31:19,Truck_2,-35.9441,-133.4183,359,Delivered,22.6,72.9,Clear,60,142,4,Traffic,78.5,255,0,18,2,2,10,October,0,Very High,Medium-High,1.407843137254902,Medium-Low,0.7750000000000001,0.4625000000000001,1.0,0.7458333333333335,High,40,Evening,104,0,20017.5,0.5968553187818135,0.7750000000000001,0.46250000000000013,1.0,568,Low Value,,,,4710.0,0.6187500000000001,138.6382064082769
2024-11-25 18:46:06,Truck_8,62.9176,116.017,491,In Transit,20.6,74.7,Detour,16,183,7,Weather,60.3,273,0,18,25,0,11,November,0,High,High,1.7985347985347986,Medium-High,0.865,0.0075,0.12,0.3308333333333333,Medium,48,Evening,218,0,16461.899999999998,0.44347769821413163,0.865,0.007500000000000062,0.12,1281,Medium Value,,,,964.8,0.43625,131.90164101093848
2024-03-28 14:33:39,Truck_3,69.7549,-126.8123,130,Delayed,29.9,65.0,Detour,50,385,10,Traffic,72.6,106,1,14,28,3,3,March,0,High,Low,1.2264150943396226,High,0.03,0.3149999999999999,0.8,0.3816666666666666,Medium,13,Afternoon,24,0,7695.599999999999,0.06532654645845914,0.030000000000000027,0.31499999999999995,0.8,3850,Very High Value,,,,3629.9999999999995,0.1725,146.1222038127402
2024-12-14 12:42:18,Truck_8,-0.5355,120.9793,336,In Transit,22.1,75.2,Detour,33,443,5,Mechanical Failure,73.2,186,0,12,14,5,12,December,1,High,Medium-High,1.8064516129032258,Medium-Low,0.43,0.33,0.46,0.4066666666666667,Medium,50,Afternoon,150,0,13615.2,0.3206798378051937,0.43000000000000005,0.33000000000000007,0.46,2215,High Value,,,,2415.6,0.38000000000000006,120.1450808494939
2024-03-13 18:47:10,Truck_9,57.9277,-106.3278,330,In Transit,29.5,68.5,Clear,14,358,1,Mechanical Failure,70.0,283,0,18,13,2,3,March,0,High,Medium-High,1.1660777385159011,Low,0.915,0.25,0.08,0.415,Medium,11,Evening,47,0,19810.0,0.5879044085928739,0.915,0.25,0.08000000000000002,358,Low Value,,,,980.0,0.5825,122.47182202915266
2024-02-28 00:53:35,Truck_6,-86.177,112.1068,118,In Transit,25.1,59.5,Clear,36,200,1,,80.6,239,0,0,28,2,2,February,0,Very High,Low,0.49372384937238495,Low,0.6950000000000001,0.5150000000000001,0.52,0.5766666666666668,Medium,9,Night,-121,1,19263.399999999998,0.5643257699939608,0.6950000000000001,0.5150000000000001,0.52,200,Low Value,,,,2901.6,0.6050000000000001,139.91020438394094
2024-10-18 21:26:27,Truck_2,-9.2728,-173.0699,147,In Transit,21.6,52.0,Clear,24,187,7,Traffic,71.0,173,0,21,18,4,10,October,0,High,Low,0.8497109826589595,Medium-High,0.365,0.2750000000000001,0.2799999999999999,0.3066666666666667,Low,42,Late_Evening,-26,1,12283.0,0.26321283754637226,0.365,0.27500000000000013,0.27999999999999997,1309,Medium Value,,,,1704.0,0.32000000000000006,174.08686858607467
2024-01-11 03:09:35,Truck_3,-84.3224,76.1163,258,Delivered,23.3,71.8,Heavy,20,466,7,Traffic,80.6,277,1,3,11,3,1,January,0,Very High,Medium-Low,0.9314079422382672,Medium-High,0.885,0.5150000000000001,0.2,0.5333333333333333,Medium,2,Night,-19,1,22326.199999999997,0.6964455180743679,0.885,0.5150000000000001,0.2,3262,Very High Value,,,,1612.0,0.7000000000000001,112.02548859660888
2024-09-25 09:44:50,Truck_7,-27.8806,-32.4778,315,Delayed,21.7,54.9,Heavy,51,479,7,Traffic,83.7,293,1,9,25,2,9,September,0,Very High,Medium-High,1.075085324232082,Medium-High,0.965,0.5925000000000002,0.8200000000000001,0.7925000000000001,High,39,Morning,22,0,24524.100000000002,0.7912561470106119,0.9650000000000001,0.5925000000000002,0.8200000000000001,3353,Very High Value,,,,4268.7,0.7787500000000002,42.581879596646345
2024-06-26 20:47:39,Truck_8,-48.8409,171.332,233,Delayed,25.3,52.8,Detour,19,123,7,Weather,92.3,192,1,20,26,2,6,June,0,Very High,Medium-Low,1.2135416666666667,Medium-High,0.4599999999999999,0.8075000000000001,0.18,0.4825,Medium,26,Late_Evening,41,0,17721.6,0.4978172720213959,0.45999999999999996,0.8075000000000001,0.18,861,Medium Value,,,,1753.7,0.63375,176.98292409706445
2024-02-24 07:23:53,Truck_4,28.627,162.8857,282,Delivered,18.4,68.8,Heavy,16,281,4,Mechanical Failure,78.8,285,1,7,24,5,2,February,1,Very High,Medium-Low,0.9894736842105263,Medium-Low,0.925,0.47,0.12,0.505,Medium,8,Morning,-3,1,22458.0,0.7021309636787163,0.925,0.47,0.12,1124,Medium Value,,,,1260.8,0.6975,164.7998514742368
2024-02-04 20:41:18,Truck_2,-7.2601,52.512,117,Delayed,28.0,73.9,Heavy,55,156,10,Weather,63.7,277,1,20,4,6,2,February,1,High,Low,0.4223826714801444,High,0.885,0.0925000000000002,0.9000000000000001,0.6258333333333335,Medium,5,Late_Evening,-160,1,17644.9,0.4945086705202313,0.885,0.09250000000000025,0.9000000000000001,1560,High Value,,,,3503.5,0.48875000000000013,52.01067831231819
2024-02-28 18:13:16,Truck_1,-16.8576,-8.0033,242,In Transit,23.7,56.0,Detour,41,190,5,Traffic,61.8,265,0,18,28,2,2,February,0,High,Medium-Low,0.9132075471698113,Medium-Low,0.825,0.0449999999999999,0.6200000000000001,0.4966666666666666,Medium,9,Evening,-23,1,16377.0,0.4398153739970667,0.825,0.04499999999999993,0.6200000000000001,950,Medium Value,,,,2533.7999999999997,0.43499999999999994,17.841650828518812
2024-04-27 15:33:04,Truck_8,-42.1652,-40.9587,497,Delivered,24.1,77.5,Clear,39,319,10,Traffic,60.0,224,0,15,27,5,4,April,1,High,High,2.21875,High,0.6200000000000001,0.0,0.5800000000000001,0.4000000000000001,Medium,17,Afternoon,273,0,13440.0,0.31312225002156846,0.6200000000000001,0.0,0.5800000000000001,3190,Very High Value,,,,2340.0,0.31000000000000005,58.41182599471948
2024-10-27 00:36:59,Truck_10,4.2073,-152.132,384,Delayed,25.6,78.8,Detour,52,161,10,Mechanical Failure,83.6,161,1,0,27,6,10,October,1,Very High,Medium-High,2.3850931677018634,High,0.305,0.5899999999999999,0.8400000000000001,0.5783333333333333,Medium,43,Night,223,0,13459.599999999999,0.3139677335864032,0.30500000000000005,0.5899999999999999,0.8400000000000001,1610,High Value,,,,4347.2,0.44749999999999995,153.07032952774725
2024-01-08 09:23:32,Truck_9,7.8031,43.4739,258,Delivered,26.8,60.5,Clear,12,413,8,Weather,86.9,207,0,9,8,0,1,January,0,Very High,Medium-Low,1.2463768115942029,Medium-High,0.5349999999999999,0.6725000000000003,0.0399999999999999,0.4158333333333334,Medium,2,Morning,51,0,17988.300000000003,0.5093218876714695,0.5349999999999999,0.6725000000000003,0.03999999999999998,3304,Very High Value,,,,1042.8000000000002,0.6037500000000001,43.610379158501544
2024-04-01 18:35:37,Truck_4,-6.8792,165.0017,258,Delivered,29.4,66.1,Heavy,54,395,2,Mechanical Failure,71.4,256,1,18,1,0,4,April,0,High,Medium-Low,1.0078125,Low,0.78,0.2850000000000001,0.8800000000000001,0.6483333333333334,Medium,14,Evening,2,0,18278.4,0.5218359071693557,0.78,0.28500000000000014,0.8800000000000001,790,Medium Value,,,,3855.6000000000004,0.5325000000000001,164.25739927710245
2024-03-05 12:35:28,Truck_7,60.6073,74.3625,291,In Transit,26.9,52.3,Heavy,34,253,2,Traffic,94.9,228,1,12,5,1,3,March,0,Very High,Medium-Low,1.2763157894736843,Low,0.6400000000000001,0.8725,0.48,0.6641666666666667,High,10,Afternoon,63,0,21637.2,0.666724182555431,0.6400000000000001,0.8725,0.48000000000000004,506,Low Value,,,,3226.6000000000004,0.7562500000000001,96.15586152232751
2024-08-22 06:38:15,Truck_9,-87.2317,143.0006,135,Delayed,29.0,62.2,Heavy,24,155,3,Mechanical Failure,69.4,196,1,6,22,3,8,August,0,High,Low,0.6887755102040817,Low,0.48,0.2350000000000003,0.2799999999999999,0.3316666666666668,Medium,34,Morning,-61,1,13602.400000000001,0.3201276852730568,0.48,0.23500000000000032,0.27999999999999997,465,Low Value,,,,1665.6000000000001,0.35750000000000015,166.08554488221435
2024-01-20 14:38:55,Truck_10,38.825,-51.8451,437,Delayed,23.3,61.6,Heavy,45,177,5,Mechanical Failure,93.3,106,1,14,20,5,1,January,1,Very High,High,4.122641509433962,Medium-Low,0.03,0.8325,0.7,0.5208333333333334,Medium,3,Afternoon,331,0,9889.8,0.15997756880338193,0.030000000000000027,0.8325,0.7,885,Medium Value,,,,4198.5,0.43125,66.2589652801215
2024-07-06 18:05:23,Truck_9,-53.5255,-1.9486,441,Delayed,23.1,57.1,Clear,55,490,10,Weather,65.1,289,1,18,6,5,7,July,1,High,High,1.5259515570934257,High,0.945,0.1274999999999999,0.9000000000000001,0.6575000000000001,Medium,27,Evening,152,0,18813.899999999998,0.5449357259943058,0.9450000000000001,0.12749999999999995,0.9000000000000001,4900,Very High Value,,,,3580.4999999999995,0.53625,52.239731708748714
2024-05-12 20:36:13,Truck_6,71.1182,-120.1134,268,Delayed,20.3,78.1,Detour,30,102,6,Weather,91.7,132,1,20,12,6,5,May,1,Very High,Medium-Low,2.0303030303030303,Medium-Low,0.16,0.7925,0.3999999999999999,0.4508333333333333,Medium,19,Late_Evening,136,0,12104.4,0.2555085842463981,0.16000000000000003,0.7925,0.39999999999999997,612,Low Value,,,,2751.0,0.47625,141.0039502543199
2024-11-20 15:27:33,Truck_2,-78.4902,-101.3255,142,Delayed,24.0,51.6,Clear,40,160,7,,70.0,276,1,15,20,2,11,November,0,High,Low,0.5144927536231884,Medium-High,0.8800000000000001,0.25,0.6000000000000001,0.5766666666666668,Medium,47,Afternoon,-134,1,19320.0,0.5667673194720042,0.8800000000000001,0.25,0.6000000000000001,1120,Medium Value,,,,2800.0,0.5650000000000001,128.0087491747358
2024-08-14 18:56:46,Truck_9,35.0933,-170.9221,264,In Transit,25.3,55.2,Clear,51,213,10,Mechanical Failure,85.5,173,0,18,14,2,8,August,0,Very High,Medium-Low,1.5260115606936415,High,0.365,0.6375000000000002,0.8200000000000001,0.6075,Medium,33,Evening,91,0,14791.5,0.3714217927702528,0.365,0.6375000000000002,0.8200000000000001,2130,High Value,,,,4360.5,0.5012500000000001,175.58489417629897
2024-10-02 10:12:30,Truck_3,67.0296,-18.7078,426,Delayed,25.3,56.8,Clear,15,241,5,Traffic,83.5,224,1,10,2,2,10,October,0,Very High,High,1.9017857142857142,Medium-Low,0.6200000000000001,0.5874999999999999,0.0999999999999999,0.4358333333333333,Medium,40,Morning,202,0,18704.0,0.5401949788629109,0.6200000000000001,0.5874999999999999,0.09999999999999998,1205,Medium Value,,,,1252.5,0.60375,71.127710299477
2024-04-04 17:32:05,Truck_8,-29.6573,-37.6029,214,Delayed,24.3,56.9,Clear,35,497,6,Weather,70.2,111,1,17,4,3,4,April,0,High,Medium-Low,1.927927927927928,Medium-Low,0.055,0.2550000000000001,0.5,0.2700000000000001,Low,14,Evening,103,0,7792.200000000001,0.06949357259943062,0.05500000000000005,0.2550000000000001,0.5,2982,Very High Value,,,,2457.0,0.15500000000000008,47.732186395274475
2024-01-08 21:16:45,Truck_5,-9.1109,76.762,123,Delivered,19.3,63.4,Detour,35,303,3,,64.9,240,0,21,8,0,1,January,0,High,Low,0.5125,Low,0.7,0.1225000000000002,0.5,0.4408333333333334,Medium,2,Late_Evening,-117,1,15576.000000000002,0.40526270382193097,0.7,0.12250000000000028,0.5,909,Medium Value,,,,2271.5,0.4112500000000001,76.31954674190149
2024-04-02 22:44:27,Truck_7,50.7076,-21.7653,295,In Transit,22.2,64.9,Heavy,19,385,9,Weather,77.1,235,1,22,2,1,4,April,0,Very High,Medium-Low,1.2553191489361701,High,0.675,0.4275,0.18,0.4275,Medium,14,Late_Evening,60,0,18118.5,0.5149383142093004,0.675,0.4275,0.18,3465,Very High Value,,,,1464.8999999999999,0.55125,56.761877950658274
2024-04-09 22:12:14,Truck_5,48.352,-54.56,378,In Transit,23.3,78.7,Clear,17,364,8,Mechanical Failure,96.1,230,0,22,9,1,4,April,0,Very High,Medium-High,1.6434782608695653,Medium-High,0.6500000000000001,0.9025,0.14,0.5641666666666666,Medium,15,Late_Evening,148,0,22103.0,0.6868173582952292,0.6500000000000001,0.9024999999999999,0.14,2912,Very High Value,,,,1633.6999999999998,0.77625,74.43201715323833
2024-07-08 11:01:23,Truck_4,-39.7867,81.5636,209,Delayed,19.3,51.0,Detour,18,443,2,Mechanical Failure,91.5,213,1,11,8,0,7,July,0,Very High,Medium-Low,0.9812206572769953,Low,0.565,0.7875000000000001,0.1599999999999999,0.5041666666666667,Medium,28,Morning,-4,1,19489.5,0.5740790268311622,0.565,0.7875000000000001,0.15999999999999998,886,Medium Value,,,,1647.0,0.67625,89.40570568355604
2024-03-21 10:50:41,Truck_6,36.5436,71.7597,325,Delayed,28.8,55.0,Clear,56,316,4,Weather,77.8,300,1,10,21,3,3,March,0,Very High,Medium-High,1.0833333333333333,Medium-Low,1.0,0.445,0.9200000000000002,0.7883333333333334,High,12,Morning,25,0,23340.0,0.7401777240962817,1.0,0.44500000000000006,0.9200000000000002,1264,Medium Value,,,,4356.8,0.7225,80.41587126785126
2024-11-22 22:18:41,Truck_6,32.8663,-79.992,362,Delayed,21.7,54.6,Heavy,22,441,3,,74.6,194,1,22,22,4,11,November,0,High,Medium-High,1.865979381443299,Low,0.47,0.365,0.24,0.3583333333333333,Medium,47,Late_Evening,168,0,14472.4,0.3576568026917436,0.47,0.365,0.24,1323,Medium Value,,,,1641.1999999999998,0.4175,87.77688247191243
2024-04-24 00:08:50,Truck_4,-0.1019,99.8069,451,Delivered,27.5,56.7,Clear,23,446,6,Traffic,62.1,203,0,0,24,2,4,April,0,High,High,2.2216748768472905,Medium-Low,0.5150000000000001,0.0525000000000002,0.26,0.2758333333333334,Low,17,Night,248,0,12606.300000000001,0.2771590026744889,0.5150000000000001,0.05250000000000021,0.26,2676,Very High Value,,,,1428.3,0.28375000000000017,98.97784840748392
2024-06-05 08:51:03,Truck_9,-56.8231,71.5841,201,In Transit,27.5,53.1,Clear,10,169,3,,65.1,242,0,8,5,2,6,June,0,High,Low,0.8305785123966942,Low,0.71,0.1274999999999999,0.0,0.2791666666666666,Low,23,Morning,-41,1,15754.199999999999,0.4129497023552756,0.71,0.12749999999999995,0.0,507,Low Value,,,,651.0,0.41874999999999996,89.89599784861653
2024-03-01 10:10:16,Truck_3,-61.9668,113.8899,442,Delayed,23.6,58.1,Clear,47,165,1,Traffic,93.3,191,1,10,1,4,3,March,0,Very High,High,2.3141361256544504,Low,0.455,0.8325,0.74,0.6758333333333333,High,9,Morning,251,0,17820.3,0.5020748856871711,0.45500000000000007,0.8325,0.74,165,Low Value,,,,4385.099999999999,0.64375,128.2736142926829
2024-07-06 21:09:27,Truck_1,-63.8035,61.4571,274,In Transit,19.3,70.3,Detour,26,404,7,Weather,81.0,141,0,21,6,5,7,July,1,Very High,Medium-Low,1.9432624113475176,Medium-High,0.2049999999999999,0.5249999999999999,0.32,0.3499999999999999,Medium,27,Late_Evening,133,0,11421.0,0.22602881546027093,0.20499999999999996,0.5249999999999999,0.32,2828,Very High Value,,,,2106.0,0.36499999999999994,87.02855694017329
2024-11-28 16:05:59,Truck_5,-31.7275,-28.5676,180,In Transit,24.9,68.9,Clear,14,189,3,Traffic,89.4,275,0,16,28,3,11,November,0,Very High,Low,0.6545454545454545,Low,0.875,0.7350000000000003,0.08,0.5633333333333335,Medium,48,Evening,-95,1,24585.0,0.7938831852299197,0.875,0.7350000000000003,0.08000000000000002,567,Low Value,,,,1251.6000000000001,0.8050000000000002,42.270708642390254
2024-03-23 21:22:31,Truck_1,69.9959,-10.5335,213,Delayed,22.8,65.0,Detour,51,361,6,,74.5,274,1,21,23,5,3,March,1,High,Medium-Low,0.7773722627737226,Medium-Low,0.8700000000000001,0.3625,0.8200000000000001,0.6841666666666667,High,12,Late_Evening,-61,1,20413.0,0.6139159692865155,0.8700000000000001,0.36250000000000004,0.8200000000000001,2166,High Value,,,,3799.5,0.6162500000000001,72.25625967498281
2024-04-24 05:44:05,Truck_10,-63.1722,145.3756,353,In Transit,22.0,66.8,Heavy,27,327,9,Traffic,71.2,146,1,5,24,2,4,April,0,High,Medium-High,2.4178082191780823,High,0.2299999999999999,0.2800000000000002,0.34,0.2833333333333334,Low,17,Night,207,0,10395.2,0.18177896643947894,0.22999999999999998,0.28000000000000025,0.34,2943,Very High Value,,,,1922.4,0.2550000000000001,157.20092040225603
2024-06-11 04:47:07,Truck_8,35.7913,6.3765,495,Delivered,20.6,71.5,Heavy,32,166,2,Weather,62.5,282,1,4,11,1,6,June,0,High,High,1.7553191489361701,Low,0.91,0.0625,0.44,0.4708333333333332,Medium,24,Night,213,0,17625.0,0.4936502458804245,0.9099999999999999,0.0625,0.44,332,Low Value,,,,2000.0,0.48624999999999996,37.56210178635676
2024-08-12 00:54:08,Truck_1,-58.8531,45.0498,162,Delayed,21.3,76.8,Detour,53,164,3,,61.6,104,1,0,12,0,8,August,0,High,Low,1.5576923076923077,Low,0.02,0.04,0.8600000000000001,0.3066666666666667,Low,33,Night,58,0,6406.400000000001,0.009714433612285411,0.020000000000000018,0.040000000000000036,0.8600000000000001,492,Low Value,,,,3264.8,0.030000000000000027,72.52732767534596
2024-05-31 03:05:32,Truck_3,49.4007,-106.1531,252,Delayed,28.0,66.5,Detour,44,298,6,Traffic,72.8,150,1,3,31,4,5,May,0,High,Medium-Low,1.68,Medium-Low,0.25,0.32,0.6799999999999999,0.4166666666666667,Medium,22,Night,102,0,10920.0,0.20441722025709602,0.25,0.32000000000000006,0.6799999999999999,1788,High Value,,,,3203.2,0.28500000000000003,118.42107087433548
2024-04-05 10:26:33,Truck_2,8.4222,-69.7522,361,Delivered,19.5,78.6,Clear,21,358,9,Weather,93.0,235,0,10,5,4,4,April,0,Very High,Medium-High,1.5361702127659576,High,0.675,0.8250000000000002,0.2199999999999999,0.5733333333333334,Medium,14,Morning,126,0,21855.0,0.6761194029850747,0.675,0.8250000000000002,0.21999999999999997,3222,Very High Value,,,,1953.0,0.7500000000000001,71.26384292737914
2024-12-12 16:21:04,Truck_6,-6.5166,-143.3822,115,Delivered,29.3,65.1,Heavy,32,445,1,Weather,79.4,123,1,16,12,3,12,December,0,Very High,Low,0.9349593495934959,Low,0.1149999999999999,0.4850000000000003,0.44,0.3466666666666667,Medium,50,Evening,-8,1,9766.2,0.15464584591493408,0.11499999999999999,0.4850000000000003,0.44,445,Low Value,,,,2540.8,0.30000000000000016,144.31140399097507
2024-02-11 08:18:06,Truck_3,-43.1797,-64.4769,172,Delivered,22.5,69.7,Heavy,55,216,9,Weather,72.1,106,1,8,11,6,2,February,1,High,Low,1.6226415094339623,High,0.03,0.3025,0.9000000000000001,0.4108333333333334,Medium,6,Morning,66,0,7642.599999999999,0.06304028988007937,0.030000000000000027,0.3025,0.9000000000000001,1944,High Value,,,,3965.4999999999995,0.16625,77.55508677064287
2024-10-11 15:23:47,Truck_8,45.047,69.7014,403,In Transit,28.2,76.1,Heavy,51,457,7,Traffic,73.9,229,1,15,11,4,10,October,0,High,High,1.759825327510917,Medium-High,0.645,0.3475000000000001,0.8200000000000001,0.6041666666666667,Medium,41,Afternoon,174,0,16923.100000000002,0.4633724441376932,0.645,0.34750000000000014,0.8200000000000001,3199,Very High Value,,,,3768.9,0.4962500000000001,83.04165879851539
2024-06-27 16:27:20,Truck_2,-15.8011,138.7785,426,In Transit,22.0,73.1,Clear,29,392,5,,94.6,236,0,16,27,3,6,June,0,Very High,High,1.805084745762712,Medium-Low,0.6799999999999999,0.8649999999999998,0.3799999999999999,0.6416666666666665,Medium,26,Evening,190,0,22325.6,0.6964196359244241,0.6799999999999999,0.8649999999999998,0.37999999999999995,1960,High Value,,,,2743.3999999999996,0.7724999999999999,138.69530138508856
2024-09-10 19:47:25,Truck_7,-30.8564,26.7562,368,Delayed,26.6,74.9,Detour,28,341,6,,97.1,217,1,19,10,1,9,September,0,Very High,Medium-High,1.695852534562212,Medium-Low,0.585,0.9275000000000002,0.36,0.6241666666666668,Medium,37,Evening,151,0,21070.699999999997,0.6422871193167111,0.585,0.9275000000000002,0.36000000000000004,2046,High Value,,,,2718.7999999999997,0.7562500000000001,39.266201038296614
2024-07-02 13:06:51,Truck_9,16.0296,-36.3349,173,Delayed,24.9,58.1,Clear,34,287,9,Mechanical Failure,96.8,131,1,13,2,1,7,July,0,Very High,Low,1.3206106870229009,High,0.155,0.92,0.48,0.5183333333333333,Medium,27,Afternoon,42,0,12680.8,0.2803727029591925,0.15500000000000003,0.9199999999999999,0.48000000000000004,2583,Very High Value,,,,3291.2,0.5375,41.038459933904754
2024-08-31 20:18:57,Truck_9,81.3962,-79.6193,371,In Transit,22.9,67.2,Heavy,35,121,8,Weather,90.9,213,1,20,31,5,8,August,1,Very High,Medium-High,1.7417840375586855,Medium-High,0.565,0.7725000000000004,0.5,0.6125000000000002,Medium,35,Late_Evening,158,0,19361.7,0.5685661288931068,0.565,0.7725000000000004,0.5,968,Medium Value,,,,3181.5,0.6687500000000002,115.42022371844261
2024-07-13 00:23:59,Truck_4,77.5436,-156.2479,199,Delayed,28.5,68.8,Heavy,18,201,2,Mechanical Failure,71.2,181,1,0,13,5,7,July,1,High,Low,1.0994475138121547,Low,0.405,0.2800000000000002,0.1599999999999999,0.2816666666666667,Low,28,Night,18,0,12887.2,0.28927616253990174,0.405,0.28000000000000025,0.15999999999999998,402,Low Value,,,,1281.6000000000001,0.34250000000000014,175.78815055865087
2024-07-09 10:12:42,Truck_4,51.8047,66.0193,319,In Transit,22.3,50.8,Clear,52,188,8,Traffic,66.4,153,0,10,9,1,7,July,0,High,Medium-High,2.084967320261438,Medium-High,0.265,0.1600000000000001,0.8400000000000001,0.4216666666666667,Medium,28,Morning,166,0,10159.2,0.17159865412820297,0.265,0.16000000000000014,0.8400000000000001,1504,High Value,,,,3452.8,0.21250000000000008,84.11433308696245
2024-05-06 23:58:14,Truck_4,37.5523,145.1973,437,In Transit,29.1,76.5,Clear,46,122,10,,73.6,111,0,23,6,0,5,May,0,High,High,3.936936936936937,High,0.055,0.3399999999999998,0.72,0.3716666666666666,Medium,19,Late_Evening,326,0,8169.599999999999,0.0857734449141575,0.05500000000000005,0.33999999999999986,0.72,1220,Medium Value,,,,3385.6,0.19749999999999995,149.51272987779865
2024-01-07 15:00:38,Truck_9,30.5875,132.7309,203,Delayed,19.2,63.6,Heavy,31,123,9,Mechanical Failure,84.1,270,1,15,7,6,1,January,1,Very High,Medium-Low,0.7518518518518519,High,0.8500000000000001,0.6025,0.42,0.6241666666666666,Medium,1,Afternoon,-67,1,22707.0,0.7128720559054439,0.8500000000000001,0.6025,0.42,1107,Medium Value,,,,2607.1,0.7262500000000001,135.70790924233023
2024-03-08 18:02:46,Truck_8,-86.9276,120.7534,466,In Transit,26.3,70.4,Heavy,53,291,8,Weather,62.1,287,1,18,8,4,3,March,0,High,High,1.6236933797909407,Medium-High,0.935,0.0525000000000002,0.8600000000000001,0.6158333333333335,Medium,10,Evening,179,0,17822.7,0.5021784142869469,0.935,0.05250000000000021,0.8600000000000001,2328,High Value,,,,3291.3,0.49375000000000013,147.31506909949005
2024-03-04 09:26:19,Truck_8,-44.6569,129.8625,418,In Transit,22.9,62.0,Detour,26,405,1,,62.3,124,0,9,4,0,3,March,0,High,High,3.370967741935484,Low,0.12,0.0575000000000001,0.32,0.1658333333333333,Low,10,Morning,294,0,7725.2,0.06660339918902597,0.12,0.05750000000000011,0.32,405,Low Value,,,,1619.8,0.08875000000000005,136.09621803191735
2024-10-12 07:07:08,Truck_7,53.8186,-158.4252,124,Delayed,26.7,50.1,Clear,10,460,5,Mechanical Failure,69.4,130,1,7,12,5,10,October,1,High,Low,0.9538461538461539,Medium-Low,0.15,0.2350000000000003,0.0,0.1283333333333334,Low,41,Morning,-6,1,9022.0,0.12254335260115606,0.15000000000000002,0.23500000000000032,0.0,2300,High Value,,,,694.0,0.19250000000000017,168.55014696442967
2024-08-07 05:17:08,Truck_1,26.0226,103.2098,322,Delayed,25.0,57.7,Clear,15,190,4,Traffic,86.8,159,1,5,7,2,8,August,0,Very High,Medium-High,2.0251572327044025,Medium-Low,0.295,0.6699999999999999,0.0999999999999999,0.355,Medium,32,Night,163,0,13801.199999999999,0.3287033042878095,0.29500000000000004,0.6699999999999999,0.09999999999999998,760,Medium Value,,,,1302.0,0.4825,105.97165669087488
2024-03-27 21:00:44,Truck_8,14.1508,-54.4659,351,Delivered,25.1,74.2,Heavy,54,223,9,Traffic,62.2,267,1,21,27,2,3,March,0,High,Medium-High,1.3146067415730338,High,0.835,0.0550000000000001,0.8800000000000001,0.5900000000000001,Medium,13,Late_Evening,84,0,16607.4,0.4497541195755328,0.835,0.05500000000000016,0.8800000000000001,2007,High Value,,,,3358.8,0.44500000000000006,57.436956276292584
2024-10-03 07:39:13,Truck_4,22.8356,-12.873,350,In Transit,27.0,66.7,Detour,56,207,2,Mechanical Failure,64.0,248,0,7,3,3,10,October,0,High,Medium-High,1.4112903225806452,Low,0.74,0.1,0.9200000000000002,0.5866666666666668,Medium,40,Morning,102,0,15872.0,0.418031231127599,0.74,0.10000000000000009,0.9200000000000002,414,Low Value,,,,3584.0,0.42000000000000004,27.810015843830186
2024-06-24 01:25:10,Truck_7,79.2334,166.4549,179,Delivered,20.6,53.6,Heavy,36,480,7,Mechanical Failure,72.1,246,1,1,24,0,6,June,0,High,Low,0.7276422764227642,Medium-High,0.73,0.3025,0.52,0.5175,Medium,26,Night,-67,1,17736.6,0.498464325769994,0.73,0.3025,0.52,3360,Very High Value,,,,2595.6,0.51625,184.18627433239433
2024-01-30 08:32:53,Truck_6,-9.0289,-69.4256,338,Delivered,27.3,70.1,Heavy,29,129,1,,82.4,281,1,8,30,1,1,January,0,Very High,Medium-High,1.2028469750889679,Low,0.905,0.56,0.3799999999999999,0.615,Medium,5,Morning,57,0,23154.4,0.7321715123802952,0.905,0.56,0.37999999999999995,129,Low Value,,,,2389.6000000000004,0.7325,70.6799153747581
2024-01-15 07:48:38,Truck_10,71.2228,-86.3993,334,Delivered,28.9,62.8,Clear,15,106,5,Weather,97.2,127,0,7,15,0,1,January,0,Very High,Medium-High,2.62992125984252,Medium-Low,0.135,0.9300000000000002,0.0999999999999999,0.3883333333333333,Medium,3,Morning,207,0,12344.4,0.26586144422396685,0.135,0.9300000000000002,0.09999999999999998,530,Low Value,,,,1458.0,0.5325000000000001,113.48328893535677
2024-12-30 08:15:46,Truck_10,-29.6864,-88.6901,411,In Transit,19.0,55.4,Clear,14,409,7,,94.5,192,0,8,30,0,12,December,0,Very High,High,2.140625,Medium-High,0.4599999999999999,0.8625000000000003,0.08,0.4675000000000001,Medium,1,Morning,219,0,18144.0,0.5160383055819171,0.45999999999999996,0.8625000000000003,0.08000000000000002,2863,Very High Value,,,,1323.0,0.6612500000000001,93.90149136772038
2024-08-01 21:42:48,Truck_7,-19.5759,-39.5531,481,Delayed,22.8,74.7,Detour,42,157,1,Weather,65.2,259,1,21,1,3,8,August,0,High,High,1.8571428571428572,Low,0.7949999999999999,0.1300000000000001,0.6399999999999999,0.5216666666666666,Medium,31,Late_Evening,222,0,16886.8,0.4618065740660857,0.7949999999999999,0.13000000000000012,0.6399999999999999,157,Low Value,,,,2738.4,0.4625,44.307784501124246
2024-05-17 19:53:30,Truck_2,81.1,113.2247,224,Delayed,26.4,75.4,Detour,23,234,4,Mechanical Failure,86.6,131,1,19,17,4,5,May,0,Very High,Medium-Low,1.7099236641221374,Medium-Low,0.155,0.665,0.26,0.36,Medium,20,Evening,93,0,11344.599999999999,0.22273315503407815,0.15500000000000003,0.665,0.26,936,Medium Value,,,,1991.8,0.41000000000000003,139.39386999210512
2024-02-04 05:26:36,Truck_8,32.7849,30.955,377,Delayed,19.5,51.0,Detour,11,226,8,Weather,64.1,266,1,5,4,6,2,February,1,High,Medium-High,1.4172932330827068,Medium-High,0.8300000000000001,0.1025,0.0199999999999999,0.3175,Low,5,Night,111,0,17050.6,0.46887240100077643,0.8300000000000001,0.10250000000000004,0.01999999999999999,1808,High Value,,,,705.0999999999999,0.46625000000000005,45.52989675055332
2024-07-18 13:12:46,Truck_7,49.048,4.8896,283,Delayed,19.6,75.5,Heavy,49,496,6,Weather,78.9,130,1,13,18,3,7,July,0,Very High,Medium-Low,2.1769230769230767,Medium-Low,0.15,0.4725000000000001,0.78,0.4675000000000001,Medium,29,Afternoon,153,0,10257.0,0.17581744456906223,0.15000000000000002,0.47250000000000014,0.78,2976,Very High Value,,,,3866.1000000000004,0.3112500000000001,50.57073234577769
2024-01-01 17:34:48,Truck_10,-13.9612,89.5342,174,Delayed,20.2,74.2,Detour,49,403,5,,83.5,227,1,17,1,0,1,January,0,Very High,Low,0.7665198237885462,Medium-Low,0.635,0.5874999999999999,0.78,0.6675,High,1,Evening,-53,1,18954.5,0.5510007764644984,0.635,0.5874999999999999,0.78,2015,High Value,,,,4091.5,0.61125,89.58779225409323
2024-09-08 14:29:17,Truck_4,64.4113,-121.7647,440,Delivered,20.4,62.4,Clear,35,199,10,,80.3,269,0,14,8,6,9,September,1,Very High,High,1.6356877323420074,High,0.845,0.5074999999999998,0.5,0.6174999999999999,Medium,36,Afternoon,171,0,21600.7,0.6651496851005091,0.845,0.5074999999999998,0.5,1990,High Value,,,,2810.5,0.6762499999999999,139.1296694378377
2024-02-26 03:25:37,Truck_2,-77.7986,-155.4098,497,Delayed,21.8,71.3,Heavy,22,424,2,Weather,79.8,168,1,3,26,0,2,February,0,Very High,High,2.9583333333333335,Low,0.3399999999999999,0.4950000000000001,0.24,0.3583333333333334,Medium,9,Night,329,0,13406.4,0.31167284962470887,0.33999999999999997,0.4950000000000001,0.24,848,Medium Value,,,,1755.6,0.41750000000000004,173.94229849211285
2024-04-16 04:37:24,Truck_7,16.2591,175.1485,337,Delivered,21.1,64.4,Detour,49,226,2,Traffic,89.6,298,0,4,16,1,4,April,0,Very High,Medium-High,1.1308724832214765,Low,0.99,0.7399999999999998,0.78,0.8366666666666666,High,16,Night,39,0,26700.8,0.8851522733155035,0.99,0.7399999999999998,0.78,452,Low Value,,,,4390.4,0.8649999999999999,175.19965163339677
2024-12-11 17:39:51,Truck_10,30.6749,78.4743,315,Delivered,21.4,62.6,Heavy,27,482,9,Traffic,77.2,153,1,17,11,2,12,December,0,Very High,Medium-High,2.0588235294117645,High,0.265,0.4300000000000001,0.34,0.345,Medium,50,Evening,162,0,11811.6,0.24287809507376412,0.265,0.43000000000000016,0.34,4338,Very High Value,,,,2084.4,0.3475000000000001,83.98680556638945
2024-09-16 12:46:13,Truck_7,-18.0675,76.7802,219,Delivered,18.1,64.6,Clear,24,179,8,Weather,83.3,202,0,12,16,0,9,September,0,Very High,Medium-Low,1.0841584158415842,Medium-High,0.51,0.5825,0.2799999999999999,0.4575,Medium,38,Afternoon,17,0,16826.6,0.45920973168837886,0.51,0.5825,0.27999999999999997,1432,High Value,,,,1999.1999999999998,0.54625,77.75924164385223
2024-01-23 18:52:56,Truck_8,-89.7784,-163.7965,247,Delayed,28.3,76.2,Clear,53,190,10,Mechanical Failure,93.6,111,1,18,23,1,1,January,0,Very High,Medium-Low,2.225225225225225,High,0.055,0.8399999999999999,0.8600000000000001,0.585,Medium,4,Evening,136,0,10389.599999999999,0.18153739970666893,0.05500000000000005,0.8399999999999999,0.8600000000000001,1900,High Value,,,,4960.799999999999,0.44749999999999995,186.8742960037297
2024-03-28 07:21:29,Truck_9,-30.5476,63.5282,148,Delayed,19.0,50.3,Detour,50,481,2,Mechanical Failure,87.3,243,1,7,28,3,3,March,0,Very High,Low,0.6090534979423868,Low,0.7150000000000001,0.6825000000000001,0.8,0.7325,High,13,Morning,-95,1,21213.899999999998,0.6484643257699939,0.7150000000000001,0.6825000000000001,0.8,962,Medium Value,,,,4365.0,0.6987500000000001,69.15266455074661
2024-04-28 03:36:13,Truck_6,-16.8317,-114.4787,205,In Transit,23.4,61.4,Clear,31,279,2,Traffic,79.1,118,0,3,28,6,4,April,1,Very High,Medium-Low,1.7372881355932204,Low,0.0899999999999999,0.4775,0.42,0.3291666666666666,Low,17,Night,87,0,9333.8,0.13599344318868084,0.08999999999999997,0.47750000000000004,0.42,558,Low Value,,,,2452.1,0.28375,116.34901194212001
2024-04-12 19:45:26,Truck_2,42.6126,-69.5408,243,In Transit,28.9,57.8,Clear,33,277,10,Traffic,84.4,151,0,19,12,4,4,April,0,Very High,Medium-Low,1.609271523178808,High,0.255,0.6100000000000003,0.46,0.4416666666666668,Medium,15,Evening,92,0,12744.400000000001,0.28311621085324834,0.255,0.6100000000000003,0.46,2770,Very High Value,,,,2785.2000000000003,0.43250000000000016,82.9857777591156
2024-12-30 02:31:31,Truck_8,44.5289,31.1002,226,Delayed,21.0,69.4,Detour,27,406,5,,99.9,285,1,2,30,0,12,December,0,Very High,Medium-Low,0.7929824561403509,Medium-Low,0.925,0.9975000000000004,0.34,0.7541666666666669,High,1,Night,-59,1,28471.5,0.9615348114916746,0.925,0.9975000000000005,0.34,2030,High Value,,,,2697.3,0.9612500000000003,54.96960938868209
2024-07-31 17:11:19,Truck_2,84.7161,77.1114,350,Delivered,23.7,59.8,Detour,42,188,10,,98.6,248,0,17,31,2,7,July,0,Very High,Medium-High,1.4112903225806452,High,0.74,0.965,0.6399999999999999,0.7816666666666666,High,31,Evening,102,0,24452.8,0.7881804848589422,0.74,0.9649999999999999,0.6399999999999999,1880,High Value,,,,4141.2,0.8524999999999999,115.00820652561436
2024-01-04 19:58:15,Truck_4,-64.0954,-155.4074,272,Delayed,23.4,57.2,Clear,51,419,6,Mechanical Failure,63.1,159,1,19,4,3,1,January,0,High,Medium-Low,1.7106918238993711,Medium-Low,0.295,0.0775000000000001,0.8200000000000001,0.3975000000000001,Medium,1,Evening,113,0,10032.9,0.16615046156500735,0.29500000000000004,0.07750000000000012,0.8200000000000001,2514,Very High Value,,,,3218.1,0.18625000000000008,168.36878156783462
2024-02-05 00:48:18,Truck_2,20.3388,-109.3313,378,In Transit,21.0,60.8,Heavy,30,318,3,Weather,84.8,181,1,0,5,0,2,February,0,Very High,Medium-High,2.088397790055249,Low,0.405,0.6200000000000001,0.3999999999999999,0.475,Medium,6,Night,197,0,15348.8,0.39546199637649904,0.405,0.6200000000000001,0.39999999999999997,954,Medium Value,,,,2544.0,0.5125000000000001,112.2849368322326
2024-09-27 17:22:08,Truck_10,-14.5017,-20.1486,127,Delayed,23.7,51.2,Heavy,38,463,1,Traffic,78.9,272,1,17,27,4,9,September,0,Very High,Low,0.46691176470588236,Low,0.8600000000000001,0.4725000000000001,0.56,0.6308333333333335,Medium,39,Evening,-145,1,21460.800000000003,0.6591148304719181,0.8600000000000001,0.47250000000000014,0.56,463,Low Value,,,,2998.2000000000003,0.6662500000000001,24.76084216681262
2024-10-07 14:26:04,Truck_4,-35.3643,134.8909,275,In Transit,23.0,55.7,Clear,39,264,1,Mechanical Failure,64.4,281,0,14,7,0,10,October,0,High,Medium-Low,0.9786476868327402,Low,0.905,0.1100000000000003,0.5800000000000001,0.5316666666666668,Medium,41,Afternoon,-6,1,18096.4,0.5139849883530326,0.905,0.11000000000000032,0.5800000000000001,264,Low Value,,,,2511.6000000000004,0.5075000000000002,138.2993894261402
2024-01-09 23:18:24,Truck_7,1.3295,83.6357,483,Delayed,28.6,72.4,Clear,51,243,1,Traffic,73.7,167,1,23,9,1,1,January,0,High,High,2.8922155688622753,Low,0.3349999999999999,0.3425000000000002,0.8200000000000001,0.4991666666666667,Medium,2,Late_Evening,316,0,12307.9,0.26428694676904496,0.33499999999999996,0.34250000000000025,0.8200000000000001,243,Low Value,,,,3758.7000000000003,0.3387500000000001,82.84232331564287
2024-01-01 18:29:17,Truck_3,88.7652,-178.2706,179,Delayed,25.5,70.9,Detour,12,427,9,,60.3,157,1,18,1,0,1,January,0,High,Low,1.1401273885350318,High,0.285,0.0075,0.0399999999999999,0.1108333333333333,Low,1,Evening,22,0,9467.1,0.1417435941678889,0.28500000000000003,0.007500000000000062,0.03999999999999998,3843,Very High Value,,,,723.5999999999999,0.14625000000000005,200.50465895016328
2024-12-18 08:24:56,Truck_3,54.493,24.5979,325,Delivered,26.4,53.7,Detour,49,495,3,Weather,79.5,145,0,8,18,2,12,December,0,Very High,Medium-High,2.2413793103448274,Low,0.2249999999999999,0.4875,0.78,0.4975,Medium,51,Morning,180,0,11527.5,0.23062289707531708,0.22499999999999998,0.48750000000000004,0.78,1485,High Value,,,,3895.5,0.35625,60.6971663093142
2024-01-16 09:47:08,Truck_10,49.7431,156.3216,256,Delivered,22.3,66.3,Heavy,10,462,1,Weather,95.5,276,1,9,16,1,1,January,0,Very High,Medium-Low,0.927536231884058,Low,0.8800000000000001,0.8875000000000002,0.0,0.5891666666666667,Medium,3,Morning,-20,1,26358.0,0.8703649383142094,0.8800000000000001,0.8875000000000002,0.0,462,Low Value,,,,955.0,0.8837500000000001,163.66729033218945
2024-09-12 03:14:24,Truck_4,-86.9357,-84.9718,405,In Transit,20.5,55.6,Heavy,25,442,4,Traffic,70.5,269,1,3,12,3,9,September,0,High,High,1.5055762081784387,Medium-Low,0.845,0.2625000000000002,0.3,0.4691666666666667,Medium,37,Night,136,0,18964.5,0.5514321456302304,0.845,0.2625000000000002,0.3,1768,High Value,,,,1762.5,0.5537500000000001,121.18722346609798
2024-11-16 01:47:31,Truck_5,-59.6078,157.02,428,Delayed,23.5,67.3,Heavy,33,152,8,,71.3,300,1,1,16,5,11,November,1,High,High,1.4266666666666667,Medium-High,1.0,0.2825,0.46,0.5808333333333333,Medium,46,Night,128,0,21390.0,0.6560607367785352,1.0,0.2825,0.46,1216,Medium Value,,,,2352.9,0.64125,166.69106044314736
2024-05-22 04:50:14,Truck_1,-10.9298,-89.0306,247,Delayed,18.3,56.7,Heavy,60,194,6,,66.8,192,1,4,22,2,5,May,0,High,Medium-Low,1.2864583333333333,Medium-Low,0.4599999999999999,0.1699999999999999,1.0,0.5433333333333333,Medium,21,Night,55,0,12825.599999999999,0.2866189284789923,0.45999999999999996,0.16999999999999993,1.0,1164,Medium Value,,,,4008.0,0.31499999999999995,90.37573578419867
2024-06-03 20:17:37,Truck_8,-54.3571,-133.1938,276,Delivered,19.6,53.4,Heavy,38,408,2,Traffic,89.2,118,1,20,3,0,6,June,0,Very High,Medium-Low,2.3389830508474576,Low,0.0899999999999999,0.73,0.56,0.4599999999999999,Medium,23,Late_Evening,158,0,10525.6,0.18740402036062465,0.08999999999999997,0.73,0.56,816,Medium Value,,,,3389.6,0.41,144.1282458444919
2024-03-17 00:18:41,Truck_8,-82.1754,-169.4219,410,Delivered,25.0,72.9,Clear,21,306,2,Traffic,71.2,132,0,0,17,6,3,March,1,High,High,3.106060606060606,Low,0.16,0.2800000000000002,0.2199999999999999,0.22,Low,11,Night,278,0,9398.4,0.1387800879993098,0.16000000000000003,0.28000000000000025,0.21999999999999997,612,Low Value,,,,1495.2,0.22000000000000014,188.46544402274202
2024-07-21 09:43:53,Truck_1,-11.3631,83.0819,449,Delivered,28.8,76.2,Clear,31,234,8,Traffic,91.7,129,0,9,21,6,7,July,1,Very High,High,3.4806201550387597,Medium-High,0.145,0.7925,0.42,0.4524999999999999,Medium,29,Morning,320,0,11829.300000000001,0.24364161849710986,0.14500000000000002,0.7925,0.42,1872,High Value,,,,2842.7000000000003,0.46875,82.85092449397065
2024-04-05 06:44:52,Truck_6,-48.3838,-163.1177,403,Delivered,19.4,70.3,Clear,43,238,5,Mechanical Failure,79.7,202,0,6,5,4,4,April,0,Very High,High,1.995049504950495,Medium-Low,0.51,0.4925000000000001,0.6599999999999999,0.5541666666666667,Medium,14,Morning,201,0,16099.400000000001,0.42784056595634556,0.51,0.49250000000000016,0.6599999999999999,1190,Medium Value,,,,3427.1,0.5012500000000001,170.5649106484182
2024-01-16 17:28:55,Truck_7,7.0557,-122.6525,380,Delayed,27.1,71.5,Clear,23,373,3,Mechanical Failure,97.1,286,1,17,16,1,1,January,0,Very High,Medium-High,1.3286713286713288,Low,0.93,0.9275000000000002,0.26,0.7058333333333334,High,3,Evening,94,0,27770.6,0.9313001466655164,0.9299999999999999,0.9275000000000002,0.26,1119,Medium Value,,,,2233.2999999999997,0.9287500000000001,123.77598415125492
2024-12-18 01:23:54,Truck_5,-1.0776,51.9075,417,In Transit,27.0,62.8,Heavy,33,373,1,Weather,74.1,122,1,1,18,2,12,December,0,High,High,3.418032786885246,Low,0.1099999999999999,0.3525,0.46,0.3075,Low,51,Night,295,0,9040.199999999999,0.12332844448278835,0.10999999999999999,0.35250000000000004,0.46,373,Low Value,,,,2445.2999999999997,0.23125,51.071232387974995
2024-12-18 14:40:09,Truck_1,-81.5733,-17.3787,169,Delayed,28.4,74.4,Heavy,53,342,6,Traffic,98.1,179,1,14,18,2,12,December,0,Very High,Low,0.9441340782122905,Medium-Low,0.395,0.9525,0.8600000000000001,0.7358333333333335,High,51,Afternoon,-10,1,17559.899999999998,0.4908420326115088,0.395,0.9525000000000001,0.8600000000000001,2052,High Value,,,,5199.299999999999,0.6737500000000001,82.25552959760982
2024-03-04 09:04:38,Truck_7,75.2109,170.3371,382,Delayed,22.2,63.2,Clear,12,467,6,,80.6,210,1,9,4,0,3,March,0,Very High,Medium-High,1.819047619047619,Medium-Low,0.55,0.5150000000000001,0.0399999999999999,0.3683333333333334,Medium,10,Morning,172,0,16926.0,0.46349754119575537,0.55,0.5150000000000001,0.03999999999999998,2802,Very High Value,,,,967.1999999999999,0.5325000000000001,185.99296822904853
2024-11-08 02:08:22,Truck_6,-21.4288,-164.2915,404,Delayed,18.8,69.3,Detour,59,307,10,Weather,67.7,223,1,2,8,4,11,November,0,High,High,1.811659192825112,High,0.615,0.1925000000000001,0.98,0.5958333333333333,Medium,45,Night,181,0,15097.1,0.3846044344750238,0.615,0.19250000000000012,0.98,3070,Very High Value,,,,3994.3,0.40375000000000005,166.3435922376528
2024-05-22 03:32:11,Truck_8,-49.145,-120.0898,399,Delayed,20.1,74.2,Detour,54,317,8,Mechanical Failure,88.2,143,1,3,22,2,5,May,0,Very High,Medium-High,2.7902097902097904,Medium-High,0.2149999999999999,0.7050000000000001,0.8800000000000001,0.6000000000000001,Medium,21,Night,256,0,12612.6,0.2774307652489001,0.21499999999999997,0.7050000000000001,0.8800000000000001,2536,Very High Value,,,,4762.8,0.46,130.02576729291007
2024-07-16 02:28:08,Truck_1,-87.3835,60.4609,271,Delivered,24.6,73.0,Detour,53,382,3,,94.1,166,0,2,16,1,7,July,0,Very High,Medium-Low,1.6325301204819278,Low,0.33,0.8525,0.8600000000000001,0.6808333333333335,High,29,Night,105,0,15620.599999999999,0.4071866103010957,0.33000000000000007,0.8525,0.8600000000000001,1146,Medium Value,,,,4987.299999999999,0.59125,104.66628034234017
2024-01-20 21:06:05,Truck_1,69.6413,1.4327,332,Delayed,18.8,74.7,Heavy,16,279,2,,61.8,289,1,21,20,5,1,January,1,High,Medium-High,1.1487889273356402,Low,0.945,0.0449999999999999,0.12,0.3699999999999999,Medium,3,Late_Evening,43,0,17860.2,0.503796048658442,0.9450000000000001,0.04499999999999993,0.12,558,Low Value,,,,988.8,0.495,71.00389110022257
2024-04-16 03:03:08,Truck_5,19.9466,-104.4665,445,Delivered,25.7,50.8,Heavy,28,414,2,Weather,75.5,140,1,3,16,1,4,April,0,Very High,High,3.1785714285714284,Low,0.2,0.3875000000000002,0.36,0.3158333333333334,Low,16,Night,305,0,10570.0,0.18931929945647485,0.20000000000000007,0.3875000000000002,0.36000000000000004,828,Medium Value,,,,2114.0,0.2937500000000001,107.43748210231654
2024-02-07 04:52:21,Truck_6,19.5573,171.8697,426,In Transit,23.6,58.0,Heavy,47,263,1,Traffic,92.9,136,1,4,7,2,2,February,0,Very High,High,3.1323529411764706,Low,0.18,0.8225000000000002,0.74,0.5808333333333334,Medium,6,Night,290,0,12634.400000000001,0.27837115003019597,0.18000000000000005,0.8225000000000002,0.74,263,Low Value,,,,4366.3,0.5012500000000002,172.307008143827
2024-01-16 04:10:14,Truck_6,-46.9621,87.6972,419,In Transit,27.0,56.7,Detour,25,378,2,,74.3,212,0,4,16,1,1,January,0,High,High,1.9764150943396226,Low,0.56,0.3574999999999999,0.3,0.4058333333333333,Medium,3,Night,207,0,15751.599999999999,0.4128375463721853,0.56,0.35749999999999993,0.3,756,Medium Value,,,,1857.5,0.45875,98.10315452636823
2024-01-12 02:20:39,Truck_4,-34.4433,-4.0669,128,Delayed,29.0,71.0,Detour,12,404,8,Traffic,81.3,272,1,2,12,4,1,January,0,Very High,Low,0.47058823529411764,Medium-High,0.8600000000000001,0.5325000000000002,0.0399999999999999,0.4775000000000001,Medium,2,Night,-144,1,22113.6,0.687274609610905,0.8600000000000001,0.5325000000000002,0.03999999999999998,3232,Very High Value,,,,975.5999999999999,0.6962500000000001,33.444690560464544
2024-10-16 20:45:23,Truck_9,-7.8199,-78.215,200,In Transit,19.2,67.7,Heavy,11,349,6,,73.6,299,1,20,16,2,10,October,0,High,Low,0.6688963210702341,Medium-Low,0.995,0.3399999999999998,0.0199999999999999,0.4516666666666666,Medium,42,Late_Evening,-99,1,22006.399999999998,0.6826503321542576,0.9950000000000001,0.33999999999999986,0.01999999999999999,2094,High Value,,,,809.5999999999999,0.6675,79.31554416968396
2024-08-01 09:16:16,Truck_8,11.6611,44.7505,434,Delivered,29.4,76.3,Heavy,30,166,1,,94.6,220,1,9,1,3,8,August,0,Very High,High,1.9727272727272727,Low,0.6000000000000001,0.8649999999999998,0.3999999999999999,0.6216666666666666,Medium,31,Morning,214,0,20812.0,0.6311275989992235,0.6000000000000001,0.8649999999999998,0.39999999999999997,166,Low Value,,,,2838.0,0.7324999999999999,45.80330385723705
2024-01-13 21:07:39,Truck_1,-12.4175,135.9866,339,Delayed,26.4,73.8,Clear,58,488,3,,89.3,299,1,21,13,5,1,January,1,Very High,Medium-High,1.1337792642140467,Low,0.995,0.7324999999999999,0.96,0.8958333333333334,High,2,Late_Evening,40,0,26700.7,0.8851479596238463,0.9950000000000001,0.7324999999999999,0.96,1464,High Value,,,,5179.4,0.86375,135.60113355330435
2024-03-27 04:33:58,Truck_10,-79.3451,-52.5151,224,Delivered,19.0,79.9,Heavy,17,139,4,Weather,96.1,279,1,4,27,2,3,March,0,Very High,Medium-Low,0.8028673835125448,Medium-Low,0.895,0.9025,0.14,0.6458333333333334,Medium,13,Night,-55,1,26811.899999999998,0.8899447847467863,0.895,0.9024999999999999,0.14,556,Low Value,,,,1633.6999999999998,0.8987499999999999,94.48869335230447
2024-03-15 14:48:46,Truck_10,24.4216,-7.0649,387,Delayed,18.4,79.5,Clear,17,456,2,Weather,65.9,155,1,14,15,4,3,March,0,High,Medium-High,2.496774193548387,Low,0.275,0.1475000000000002,0.14,0.1875,Low,11,Afternoon,232,0,10214.5,0.17398412561470106,0.275,0.1475000000000002,0.14,912,Medium Value,,,,1120.3000000000002,0.2112500000000001,26.965468097904516
2024-04-25 10:07:09,Truck_8,71.7196,-107.3427,146,Delayed,26.0,57.2,Clear,47,188,4,Mechanical Failure,76.0,131,1,10,25,3,4,April,0,Very High,Low,1.1145038167938932,Medium-Low,0.155,0.4000000000000001,0.74,0.4316666666666667,Medium,17,Morning,15,0,9956.0,0.16283323268052802,0.15500000000000003,0.40000000000000013,0.74,752,Medium Value,,,,3572.0,0.2775000000000001,130.55075466108016
2024-08-20 01:28:08,Truck_4,-69.6585,23.6323,177,In Transit,18.6,74.5,Heavy,16,429,1,Traffic,72.4,132,1,1,20,1,8,August,0,High,Low,1.3409090909090908,Low,0.16,0.3100000000000003,0.12,0.1966666666666667,Low,34,Night,45,0,9556.800000000001,0.1456129755845053,0.16000000000000003,0.3100000000000003,0.12,429,Low Value,,,,1158.4,0.23500000000000015,72.0020550129538
2024-07-02 13:50:19,Truck_1,67.365,71.5047,316,Delayed,26.4,60.0,Detour,36,274,1,Weather,68.2,218,1,13,2,1,7,July,0,High,Medium-High,1.4495412844036697,Low,0.5900000000000001,0.205,0.52,0.4383333333333334,Medium,27,Afternoon,98,0,14867.6,0.3747045121214736,0.5900000000000001,0.20500000000000007,0.52,274,Low Value,,,,2455.2000000000003,0.3975000000000001,98.57512498023985
2024-07-06 13:05:43,Truck_9,-31.9611,-75.8092,458,In Transit,25.0,79.6,Heavy,56,303,1,,73.8,206,1,13,6,5,7,July,1,High,High,2.2233009708737863,Low,0.53,0.345,0.9200000000000002,0.5983333333333334,Medium,27,Afternoon,252,0,15202.8,0.38916400655681127,0.53,0.345,0.9200000000000002,303,Low Value,,,,4132.8,0.4375,82.52920164605742
2024-06-16 11:37:07,Truck_4,-82.4812,139.058,481,Delivered,24.0,72.5,Detour,34,152,4,Mechanical Failure,79.8,299,0,11,16,6,6,June,1,Very High,High,1.608695652173913,Medium-Low,0.995,0.4950000000000001,0.48,0.6566666666666667,Medium,24,Morning,182,0,23860.2,0.762617548097662,0.9950000000000001,0.4950000000000001,0.48000000000000004,608,Low Value,,,,2713.2,0.7450000000000001,160.267480758858
2024-06-12 09:44:35,Truck_5,25.3254,132.6264,231,Delivered,19.4,66.6,Heavy,32,289,8,Mechanical Failure,77.6,240,1,9,12,2,6,June,0,Very High,Medium-Low,0.9625,Medium-High,0.7,0.4399999999999999,0.44,0.5266666666666666,Medium,24,Morning,-9,1,18624.0,0.5367440255370547,0.7,0.43999999999999995,0.44,2312,High Value,,,,2483.2,0.57,134.46393040017728
2024-07-20 20:03:39,Truck_5,40.7401,110.4737,129,Delivered,19.2,77.9,Detour,11,448,4,,68.9,132,0,20,20,5,7,July,1,High,Low,0.9772727272727273,Medium-Low,0.16,0.2225000000000001,0.0199999999999999,0.1341666666666667,Low,29,Late_Evening,-3,1,9094.800000000001,0.12568372012768536,0.16000000000000003,0.22250000000000014,0.01999999999999999,1792,High Value,,,,757.9000000000001,0.1912500000000001,117.44199198489535
2024-10-16 14:41:08,Truck_1,-53.779,30.8863,398,Delivered,29.1,75.3,Detour,58,172,1,Traffic,99.3,194,0,14,16,2,10,October,0,Very High,Medium-High,2.051546391752577,Low,0.47,0.9825,0.96,0.8041666666666666,High,42,Afternoon,204,0,19264.2,0.5643602795272195,0.47,0.9824999999999999,0.96,172,Low Value,,,,5759.4,0.72625,60.42101740851958
2024-09-02 03:17:19,Truck_5,-39.3791,-53.1316,149,Delayed,19.8,51.3,Heavy,24,386,6,Mechanical Failure,87.2,208,1,3,2,0,9,September,0,Very High,Low,0.7163461538461539,Medium-Low,0.54,0.6800000000000002,0.2799999999999999,0.5000000000000001,Medium,36,Night,-59,1,18137.600000000002,0.5157622293158487,0.54,0.6800000000000002,0.27999999999999997,2316,High Value,,,,2092.8,0.6100000000000001,66.01560412336408
2024-07-20 16:26:17,Truck_5,46.2788,41.3453,338,In Transit,20.6,65.0,Detour,56,421,2,Mechanical Failure,86.9,142,0,16,20,5,7,July,1,Very High,Medium-High,2.380281690140845,Low,0.2099999999999999,0.6725000000000003,0.9200000000000002,0.6008333333333334,Medium,29,Evening,196,0,12339.800000000001,0.2656630144077302,0.20999999999999996,0.6725000000000003,0.9200000000000002,842,Medium Value,,,,4866.400000000001,0.44125000000000014,62.53305122361283
2024-08-19 00:05:12,Truck_7,-65.9199,-160.2292,252,In Transit,27.1,59.8,Detour,53,457,8,Traffic,95.4,273,0,0,19,0,8,August,0,Very High,Medium-Low,0.9230769230769231,Medium-High,0.865,0.8850000000000002,0.8600000000000001,0.8700000000000001,High,34,Night,-21,1,26044.2,0.8568285738935382,0.865,0.8850000000000002,0.8600000000000001,3656,Very High Value,,,,5056.200000000001,0.8750000000000001,173.52321247095978
2024-03-04 10:19:51,Truck_5,-32.2707,98.1472,330,Delivered,26.5,59.2,Clear,51,274,3,Traffic,69.1,139,0,10,4,0,3,March,0,High,Medium-High,2.3741007194244603,Low,0.195,0.2275,0.8200000000000001,0.4141666666666667,Medium,10,Morning,191,0,9604.9,0.14768786127167632,0.19500000000000006,0.22750000000000004,0.8200000000000001,822,Medium Value,,,,3524.1,0.21125000000000005,102.10157274470245
2024-10-01 07:42:57,Truck_5,73.392,-62.3138,464,Delayed,28.2,61.4,Heavy,20,177,3,Weather,60.3,279,1,7,1,1,10,October,0,High,High,1.6630824372759856,Low,0.895,0.0075,0.2,0.3675,Medium,40,Morning,185,0,16823.7,0.4590846346303167,0.895,0.007500000000000062,0.2,531,Low Value,,,,1206.0,0.45125000000000004,97.85655351007212
2024-02-02 12:51:41,Truck_8,77.7678,-165.1979,141,Delayed,27.7,55.0,Clear,12,432,10,Mechanical Failure,87.5,278,1,12,2,4,2,February,0,Very High,Low,0.5071942446043165,High,0.8900000000000001,0.6875,0.0399999999999999,0.5391666666666667,Medium,5,Afternoon,-137,1,24325.0,0.782667586920887,0.8900000000000001,0.6875,0.03999999999999998,4320,Very High Value,,,,1050.0,0.7887500000000001,183.92614725357225
2024-10-31 06:24:27,Truck_5,-2.8228,75.2804,463,In Transit,19.5,64.4,Detour,32,244,1,Traffic,69.8,294,0,6,31,3,10,October,0,High,High,1.5748299319727892,Low,0.97,0.2450000000000001,0.44,0.5516666666666666,Medium,44,Morning,169,0,20521.2,0.6185833836597361,0.97,0.2450000000000001,0.44,244,Low Value,,,,2233.6,0.6075,74.45771978737923
2024-12-01 04:41:08,Truck_8,-74.278,137.456,223,In Transit,25.2,54.1,Detour,45,121,1,Mechanical Failure,85.9,153,0,4,1,6,12,December,1,Very High,Medium-Low,1.457516339869281,Low,0.265,0.6475000000000004,0.7,0.5375000000000001,Medium,48,Night,70,0,13142.7,0.30029764472435516,0.265,0.6475000000000004,0.7,121,Low Value,,,,3865.5000000000005,0.4562500000000002,154.86045014547503
2024-03-15 02:17:56,Truck_10,-21.5797,129.7599,301,In Transit,18.5,75.3,Clear,39,140,6,Weather,78.5,208,0,2,15,4,3,March,0,Very High,Medium-High,1.4471153846153846,Medium-Low,0.54,0.4625000000000001,0.5800000000000001,0.5275000000000001,Medium,11,Night,93,0,16328.0,0.43770166508497976,0.54,0.46250000000000013,0.5800000000000001,840,Medium Value,,,,3061.5,0.5012500000000001,130.49878949309416
2024-03-05 22:52:24,Truck_10,35.9521,5.775,195,Delivered,26.9,79.8,Clear,57,190,2,Traffic,60.6,235,0,22,5,1,3,March,0,High,Low,0.8297872340425532,Low,0.675,0.0150000000000001,0.9400000000000002,0.5433333333333334,Medium,10,Late_Evening,-40,1,14241.0,0.34767492019670443,0.675,0.015000000000000124,0.9400000000000002,380,Low Value,,,,3454.2000000000003,0.3450000000000001,37.637522204383835
2024-10-26 23:46:59,Truck_7,-8.7267,-140.3988,310,Delivered,23.8,72.4,Clear,53,277,4,Mechanical Failure,91.3,122,0,23,26,5,10,October,1,Very High,Medium-High,2.540983606557377,Medium-Low,0.1099999999999999,0.7825000000000002,0.8600000000000001,0.5841666666666668,Medium,43,Late_Evening,188,0,11138.6,0.21384695021999833,0.10999999999999999,0.7825000000000002,0.8600000000000001,1108,Medium Value,,,,4838.9,0.4462500000000001,141.42783290105726
2024-03-17 17:11:29,Truck_2,-56.1219,135.4235,100,In Transit,23.6,64.3,Detour,29,276,5,Mechanical Failure,89.1,198,0,17,17,6,3,March,1,Very High,Low,0.5050505050505051,Medium-Low,0.49,0.7275,0.3799999999999999,0.5325,Medium,11,Evening,-98,1,17641.8,0.49437494607885435,0.49,0.7275,0.37999999999999995,1380,High Value,,,,2583.8999999999996,0.60875,145.30095790946245
2024-01-13 15:51:27,Truck_1,23.2259,110.6901,147,In Transit,18.7,68.5,Heavy,25,439,9,,75.2,266,1,15,13,5,1,January,1,Very High,Low,0.5526315789473685,High,0.8300000000000001,0.3800000000000001,0.3,0.5033333333333334,Medium,2,Afternoon,-119,1,20003.2,0.5962384608748168,0.8300000000000001,0.3800000000000001,0.3,3951,Very High Value,,,,1880.0,0.6050000000000001,112.57070608336107
2024-05-30 23:00:59,Truck_9,-53.6993,79.0096,251,Delayed,22.8,62.9,Heavy,52,173,3,Mechanical Failure,72.9,268,1,23,30,3,5,May,0,High,Medium-Low,0.9365671641791045,Low,0.8400000000000001,0.3225000000000002,0.8400000000000001,0.6675000000000001,High,22,Late_Evening,-17,1,19537.2,0.576136657751704,0.8400000000000001,0.32250000000000023,0.8400000000000001,519,Low Value,,,,3790.8,0.5812500000000002,94.07624767571423
2024-07-31 22:57:20,Truck_7,-3.822,-40.3169,108,Delivered,26.6,61.7,Detour,47,122,7,Weather,64.6,116,0,22,31,2,7,July,0,High,Low,0.9310344827586207,Medium-High,0.0799999999999999,0.1149999999999999,0.74,0.3116666666666666,Low,31,Late_Evening,-8,1,7493.599999999999,0.05661288931067204,0.07999999999999996,0.11499999999999999,0.74,854,Medium Value,,,,3036.2,0.09749999999999998,41.22752112497167
2024-06-13 04:47:01,Truck_6,-48.053,-175.0849,340,In Transit,27.9,69.1,Clear,32,162,2,Weather,90.9,300,0,4,13,3,6,June,0,Very High,Medium-High,1.1333333333333333,Low,1.0,0.7725000000000004,0.44,0.7375000000000002,High,24,Night,40,0,27270.0,0.9097058062289709,1.0,0.7725000000000004,0.44,324,Low Value,,,,2908.8,0.8862500000000002,182.013075646337
2024-07-06 15:59:22,Truck_3,68.132,-51.5071,167,Delayed,21.6,54.6,Clear,46,240,10,Weather,60.5,278,1,15,6,5,7,July,1,High,Low,0.6007194244604317,High,0.8900000000000001,0.0125000000000001,0.72,0.5408333333333334,Medium,27,Afternoon,-111,1,16819.0,0.4588818911224226,0.8900000000000001,0.012500000000000178,0.72,2400,High Value,,,,2783.0,0.45125000000000015,87.00034975787366
2024-02-28 12:30:38,Truck_3,-80.4289,177.558,488,Delivered,24.9,79.2,Heavy,52,290,10,Traffic,82.5,248,1,12,28,2,2,February,0,Very High,High,1.967741935483871,High,0.74,0.5625,0.8400000000000001,0.7141666666666667,High,9,Afternoon,240,0,20460.0,0.615943404365456,0.74,0.5625,0.8400000000000001,2900,Very High Value,,,,4290.0,0.65125,193.60312719929624
2024-03-22 06:45:28,Truck_8,42.9526,146.6224,330,Delivered,24.4,79.5,Clear,19,110,7,,66.3,109,0,6,22,4,3,March,0,High,Medium-High,3.0275229357798166,Medium-High,0.045,0.1574999999999999,0.18,0.1275,Low,12,Morning,221,0,7226.7,0.04509964627728408,0.04500000000000004,0.15749999999999997,0.18,770,Medium Value,,,,1259.7,0.10125,152.37120239996915
2024-01-29 19:22:37,Truck_9,-40.5556,55.0777,177,Delivered,25.6,71.9,Detour,20,193,6,Mechanical Failure,95.5,182,0,19,29,0,1,January,0,Very High,Low,0.9725274725274725,Medium-Low,0.41,0.8875000000000002,0.2,0.4991666666666667,Medium,5,Evening,-5,1,17381.0,0.48312483823656294,0.41000000000000003,0.8875000000000002,0.2,1158,Medium Value,,,,1910.0,0.6487500000000002,66.92037083052803
2024-07-09 02:11:05,Truck_4,-12.7845,-147.2449,132,Delivered,22.9,66.5,Clear,35,209,6,Mechanical Failure,94.3,122,0,2,9,1,7,July,0,Very High,Low,1.0819672131147542,Medium-Low,0.1099999999999999,0.8574999999999999,0.5,0.4891666666666666,Medium,28,Night,10,0,11504.6,0.22963506168579073,0.10999999999999999,0.8574999999999999,0.5,1254,Medium Value,,,,3300.5,0.48374999999999996,148.52198717517683
2024-06-20 13:30:09,Truck_6,-63.6304,164.185,208,Delayed,22.5,65.9,Heavy,38,462,7,Weather,83.1,193,1,13,20,3,6,June,0,Very High,Medium-Low,1.077720207253886,Medium-High,0.4649999999999999,0.5775000000000001,0.56,0.5341666666666667,Medium,25,Afternoon,15,0,16038.3,0.4252049003537227,0.46499999999999997,0.5775000000000001,0.56,3234,Very High Value,,,,3157.7999999999997,0.52125,174.81459982581111
2024-06-01 00:41:56,Truck_6,21.8816,128.7922,348,Delayed,25.8,62.9,Detour,24,352,6,Weather,96.5,164,1,0,1,5,6,June,1,Very High,Medium-High,2.1219512195121952,Medium-Low,0.32,0.9125,0.2799999999999999,0.5041666666666668,Medium,22,Night,184,0,15826.0,0.41604693296523165,0.32000000000000006,0.9125000000000001,0.27999999999999997,2112,High Value,,,,2316.0,0.6162500000000001,130.04882532317134
2024-03-23 20:27:30,Truck_4,-85.9619,103.5733,156,In Transit,19.4,75.2,Heavy,44,135,1,Weather,66.6,108,1,20,23,5,3,March,1,High,Low,1.4444444444444444,Low,0.04,0.165,0.6799999999999999,0.295,Low,12,Late_Evening,48,0,7192.799999999999,0.04363730480545247,0.040000000000000036,0.16500000000000004,0.6799999999999999,135,Low Value,,,,2930.3999999999996,0.10250000000000004,133.08720113305017
2024-04-18 04:50:13,Truck_5,-36.6154,-46.3008,468,Delivered,26.6,59.0,Heavy,16,144,4,Weather,86.8,276,1,4,18,3,4,April,0,Very High,High,1.6956521739130435,Medium-Low,0.8800000000000001,0.6699999999999999,0.12,0.5566666666666666,Medium,16,Night,192,0,23956.8,0.7667845742386334,0.8800000000000001,0.6699999999999999,0.12,576,Low Value,,,,1388.8,0.775,58.8635158547952
2024-06-26 09:25:46,Truck_7,-85.0916,68.3039,142,Delayed,28.4,67.3,Detour,30,181,6,Weather,84.3,104,1,9,26,2,6,June,0,Very High,Low,1.3653846153846154,Medium-Low,0.02,0.6074999999999999,0.3999999999999999,0.3424999999999999,Medium,26,Morning,38,0,8767.199999999999,0.11155206625830383,0.020000000000000018,0.6074999999999999,0.39999999999999997,1086,Medium Value,,,,2529.0,0.31375,107.53018798842409
2024-02-04 01:08:26,Truck_10,-13.6168,-165.0825,349,In Transit,21.1,55.1,Heavy,13,453,10,Weather,65.1,111,1,1,4,6,2,February,1,High,Medium-High,3.144144144144144,High,0.055,0.1274999999999999,0.06,0.0808333333333333,Low,5,Night,238,0,7226.099999999999,0.045073764127340155,0.05500000000000005,0.12749999999999995,0.06,4530,Very High Value,,,,846.3,0.09125,166.371642966789
2024-04-01 16:27:12,Truck_4,42.6032,146.1485,226,Delivered,23.9,61.2,Heavy,13,211,2,Mechanical Failure,67.5,232,1,16,1,0,4,April,0,High,Medium-Low,0.9741379310344828,Low,0.6599999999999999,0.1875,0.06,0.3025,Low,14,Evening,-6,1,15660.0,0.4088862048140799,0.6599999999999999,0.1875,0.06,422,Low Value,,,,877.5,0.42374999999999996,151.81629990557965
2024-08-14 21:28:50,Truck_2,86.8195,-21.0786,481,In Transit,22.4,77.9,Detour,25,143,8,Traffic,71.4,124,0,21,14,2,8,August,0,High,High,3.879032258064516,Medium-High,0.12,0.2850000000000001,0.3,0.235,Low,33,Late_Evening,357,0,8853.6,0.11527909585022866,0.12,0.28500000000000014,0.3,1144,Medium Value,,,,1785.0000000000002,0.20250000000000007,90.86218255033305
2024-10-03 18:21:52,Truck_5,-82.6294,-72.3332,448,Delivered,20.1,65.7,Clear,20,180,7,Mechanical Failure,61.7,253,0,18,3,3,10,October,0,High,High,1.7707509881422925,Medium-High,0.7650000000000001,0.0425000000000002,0.2,0.3358333333333334,Medium,40,Evening,195,0,15610.1,0.40673367267707705,0.7650000000000001,0.042500000000000204,0.2,1260,Medium Value,,,,1234.0,0.40375000000000016,109.35531834055281
2024-03-25 12:22:10,Truck_5,41.9728,81.4274,441,Delayed,18.9,67.0,Detour,48,359,8,Mechanical Failure,76.0,300,1,12,25,0,3,March,0,Very High,High,1.47,Medium-High,1.0,0.4000000000000001,0.76,0.7200000000000001,High,13,Afternoon,141,0,22800.0,0.7168837891467519,1.0,0.40000000000000013,0.76,2872,Very High Value,,,,3648.0,0.7000000000000001,91.50160802687792
2024-09-12 22:46:47,Truck_10,-7.3863,-44.8767,470,Delivered,25.1,70.3,Heavy,11,417,3,Mechanical Failure,76.5,126,1,22,12,3,9,September,0,Very High,High,3.7301587301587302,Low,0.13,0.4125000000000001,0.0199999999999999,0.1875,Low,37,Late_Evening,344,0,9639.0,0.14915883012682257,0.13,0.4125000000000001,0.01999999999999999,1251,Medium Value,,,,841.5,0.27125000000000005,46.10924000805117
2024-05-03 22:24:53,Truck_10,-21.2573,12.4574,459,In Transit,26.4,50.6,Heavy,17,222,9,Traffic,94.9,265,1,22,3,4,5,May,0,Very High,High,1.7320754716981133,High,0.825,0.8725,0.14,0.6124999999999999,Medium,18,Late_Evening,194,0,25148.5,0.81819083771892,0.825,0.8725,0.14,1998,High Value,,,,1613.3000000000002,0.84875,23.04194917983038
2024-05-27 09:56:34,Truck_6,-33.9378,-176.3102,324,In Transit,27.7,54.8,Clear,46,344,10,Traffic,70.7,105,0,9,27,0,5,May,0,High,Medium-High,3.085714285714286,High,0.025,0.2675,0.72,0.3375000000000001,Medium,22,Morning,219,0,7423.5,0.05358899145889051,0.025000000000000022,0.26750000000000007,0.72,3440,Very High Value,,,,3252.2000000000003,0.14625000000000005,180.11789142747193
2024-05-25 08:35:36,Truck_8,23.9115,179.0046,194,Delayed,24.9,57.9,Detour,10,220,3,,77.3,172,1,8,25,5,5,May,1,Very High,Low,1.127906976744186,Low,0.36,0.4325000000000001,0.0,0.2641666666666667,Low,21,Morning,22,0,13295.6,0.30689327926839793,0.36,0.4325000000000001,0.0,660,Low Value,,,,773.0,0.39625000000000005,179.95090902107574
2024-03-20 08:55:41,Truck_9,-80.5196,-2.9668,334,Delivered,22.8,61.1,Clear,52,389,2,Traffic,88.0,123,0,8,20,2,3,March,0,Very High,Medium-High,2.7154471544715446,Low,0.1149999999999999,0.7000000000000002,0.8400000000000001,0.5516666666666667,Medium,12,Morning,211,0,10824.0,0.20027607626606853,0.11499999999999999,0.7000000000000002,0.8400000000000001,778,Medium Value,,,,4576.0,0.4075000000000001,79.25084780786061
2024-05-23 15:33:36,Truck_2,45.8603,148.4775,179,Delivered,25.5,75.8,Clear,19,139,9,Traffic,83.5,282,0,15,23,3,5,May,0,Very High,Low,0.6347517730496454,High,0.91,0.5874999999999999,0.18,0.5591666666666666,Medium,21,Afternoon,-103,1,23547.0,0.7491070658269348,0.9099999999999999,0.5874999999999999,0.18,1251,Medium Value,,,,1586.5,0.7487499999999999,155.0079619836014
2024-10-19 23:58:05,Truck_8,60.0491,-175.5019,401,Delayed,27.1,67.2,Detour,51,487,3,Weather,86.3,238,1,23,19,5,10,October,1,Very High,High,1.684873949579832,Low,0.69,0.6575000000000002,0.8200000000000001,0.7225000000000001,High,42,Late_Evening,163,0,20539.399999999998,0.6193684755413683,0.69,0.6575000000000002,0.8200000000000001,1461,High Value,,,,4401.3,0.6737500000000001,186.72577174814597
2024-04-11 04:39:16,Truck_10,-33.9528,-54.2201,384,In Transit,24.2,72.5,Heavy,50,131,3,Weather,80.1,141,1,4,11,3,4,April,0,Very High,Medium-High,2.723404255319149,Low,0.2049999999999999,0.5025,0.8,0.5025,Medium,15,Night,243,0,11294.099999999999,0.22055474074713138,0.20499999999999996,0.5025,0.8,393,Low Value,,,,4004.9999999999995,0.35374999999999995,63.98104579216243
2024-03-10 06:12:13,Truck_9,7.9549,-109.2897,434,Delivered,22.0,69.2,Heavy,17,233,10,,63.4,138,1,6,10,6,3,March,1,High,High,3.1449275362318843,High,0.19,0.0849999999999999,0.14,0.1383333333333333,Low,10,Morning,296,0,8749.199999999999,0.11077560175998619,0.19000000000000006,0.08499999999999996,0.14,2330,High Value,,,,1077.8,0.1375,110.51999778511446
2024-12-28 10:46:03,Truck_10,-6.9237,20.9631,366,Delayed,18.7,59.1,Detour,39,466,6,Traffic,82.7,109,1,10,28,5,12,December,1,Very High,Medium-High,3.3577981651376145,Medium-Low,0.045,0.5675000000000003,0.5800000000000001,0.3975000000000001,Medium,52,Morning,257,0,9014.300000000001,0.1222111983435425,0.04500000000000004,0.5675000000000003,0.5800000000000001,2796,Very High Value,,,,3225.3,0.3062500000000002,20.880892226654158
2024-05-06 07:22:22,Truck_3,-80.5883,-167.4673,269,In Transit,27.7,57.5,Detour,54,288,6,,89.8,116,0,7,6,0,5,May,0,Very High,Medium-Low,2.3189655172413794,Medium-Low,0.0799999999999999,0.7450000000000001,0.8800000000000001,0.5683333333333334,Medium,19,Morning,153,0,10416.8,0.18271072383746007,0.07999999999999996,0.7450000000000001,0.8800000000000001,1728,High Value,,,,4849.2,0.41250000000000003,186.0200599571733
2024-01-17 04:29:26,Truck_1,-60.3563,95.7232,292,Delivered,22.7,61.0,Clear,42,358,9,Mechanical Failure,77.7,256,0,4,17,2,1,January,0,Very High,Medium-Low,1.140625,High,0.78,0.4425000000000001,0.6399999999999999,0.6208333333333333,Medium,3,Night,36,0,19891.2,0.591407126218618,0.78,0.4425000000000001,0.6399999999999999,3222,Very High Value,,,,3263.4,0.6112500000000001,111.73152714500884
2024-09-28 01:41:47,Truck_6,-83.3207,19.9119,288,Delivered,25.4,62.0,Clear,54,154,2,Traffic,71.9,211,0,1,28,5,9,September,1,High,Medium-Low,1.3649289099526067,Low,0.5549999999999999,0.2975000000000003,0.8800000000000001,0.5775000000000001,Medium,39,Night,77,0,15170.900000000001,0.38778793891812624,0.5549999999999999,0.2975000000000003,0.8800000000000001,308,Low Value,,,,3882.6000000000004,0.42625000000000013,84.15100183517785
2024-03-06 02:39:46,Truck_8,-54.4964,-93.8603,286,Delivered,20.7,59.0,Heavy,43,387,4,Traffic,60.7,134,1,2,6,2,3,March,0,High,Medium-Low,2.1343283582089554,Medium-Low,0.17,0.0175,0.6599999999999999,0.2825,Low,10,Night,152,0,8133.8,0.08422914330083686,0.17000000000000004,0.01750000000000007,0.6599999999999999,1548,High Value,,,,2610.1,0.09375000000000006,108.58662464961154
2024-08-16 05:55:39,Truck_7,66.5399,160.551,155,Delayed,24.0,72.4,Detour,28,398,6,Traffic,63.8,278,1,5,16,4,8,August,0,High,Low,0.5575539568345323,Medium-Low,0.8900000000000001,0.0949999999999999,0.36,0.4483333333333334,Medium,33,Night,-123,1,17736.399999999998,0.49845569838667925,0.8900000000000001,0.09499999999999997,0.36000000000000004,2388,High Value,,,,1786.3999999999999,0.49250000000000005,173.54813502614553
2024-08-07 09:39:53,Truck_8,16.1144,-24.4118,488,Delivered,26.5,66.6,Heavy,41,104,1,Mechanical Failure,67.1,151,1,9,7,2,8,August,0,High,High,3.2317880794701987,Low,0.255,0.1775,0.6200000000000001,0.3508333333333334,Medium,32,Morning,337,0,10132.099999999999,0.17042964368906904,0.255,0.1775,0.6200000000000001,104,Low Value,,,,2751.1,0.21625,30.706062307018232
2024-04-30 20:36:22,Truck_8,-84.9601,17.4992,386,In Transit,21.8,79.7,Detour,15,463,1,Traffic,75.0,224,0,20,30,1,4,April,0,High,Medium-High,1.7232142857142858,Low,0.6200000000000001,0.375,0.0999999999999999,0.365,Medium,18,Late_Evening,162,0,16800.0,0.4580622897075317,0.6200000000000001,0.375,0.09999999999999998,463,Low Value,,,,1125.0,0.49750000000000005,85.24428729574367
2024-07-03 12:38:53,Truck_3,-62.6441,-34.4446,153,Delivered,20.7,55.3,Detour,55,304,8,,79.5,147,0,12,3,2,7,July,0,Very High,Low,1.0408163265306123,Medium-High,0.235,0.4875,0.9000000000000001,0.5408333333333334,Medium,27,Afternoon,6,0,11686.5,0.23748166681045646,0.235,0.48750000000000004,0.9000000000000001,2432,Very High Value,,,,4372.5,0.36125,70.7143854679239
2024-04-27 09:13:01,Truck_5,82.9727,171.1469,317,Delayed,26.5,52.7,Heavy,37,427,2,Traffic,69.9,233,1,9,27,5,4,April,1,High,Medium-High,1.3605150214592274,Low,0.665,0.2475000000000002,0.54,0.4841666666666668,Medium,17,Morning,84,0,16286.7,0.4359201104305065,0.665,0.24750000000000028,0.54,854,Medium Value,,,,2586.3,0.45625000000000016,190.04595573023587
2024-12-11 16:22:11,Truck_5,-50.8081,11.3148,281,In Transit,28.0,73.5,Detour,43,390,5,Mechanical Failure,86.4,153,0,16,11,2,12,December,0,Very High,Medium-Low,1.8366013071895424,Medium-Low,0.265,0.6600000000000001,0.6599999999999999,0.5283333333333333,Medium,50,Evening,128,0,13219.2,0.30359761884220526,0.265,0.6600000000000001,0.6599999999999999,1950,High Value,,,,3715.2000000000003,0.4625000000000001,50.54590689604853
2024-04-30 19:31:45,Truck_8,67.8612,174.7961,473,Delayed,24.8,61.7,Heavy,19,360,10,Weather,97.3,186,1,19,30,1,4,April,0,Very High,High,2.543010752688172,High,0.43,0.9325,0.18,0.5141666666666668,Medium,18,Evening,287,0,18097.8,0.514045380036235,0.43000000000000005,0.9325000000000001,0.18,3600,Very High Value,,,,1848.7,0.6812500000000001,187.22536903108835
2024-03-26 15:40:51,Truck_7,52.0415,-64.6403,221,Delivered,25.2,68.5,Detour,41,101,9,,99.3,287,0,15,26,1,3,March,0,Very High,Medium-Low,0.7700348432055749,High,0.935,0.9825,0.6200000000000001,0.8458333333333333,High,13,Afternoon,-66,1,28499.1,0.9627253903890951,0.935,0.9824999999999999,0.6200000000000001,909,Medium Value,,,,4071.2999999999997,0.95875,84.49268199784349
2024-02-19 23:24:03,Truck_2,-74.9003,146.0765,276,In Transit,29.2,77.1,Clear,39,483,7,,71.5,157,0,23,19,0,2,February,0,High,Medium-Low,1.7579617834394905,Medium-High,0.285,0.2875000000000001,0.5800000000000001,0.3841666666666667,Medium,8,Late_Evening,119,0,11225.5,0.21759554827020966,0.28500000000000003,0.2875000000000001,0.5800000000000001,3381,Very High Value,,,,2788.5,0.28625000000000006,162.79637668039268
2024-09-15 01:08:22,Truck_5,-10.7414,-56.5849,331,Delivered,21.6,61.2,Heavy,24,450,8,Traffic,64.4,123,1,1,15,6,9,September,1,High,Medium-High,2.6910569105691056,Medium-High,0.1149999999999999,0.1100000000000003,0.2799999999999999,0.1683333333333334,Low,37,Night,208,0,7921.200000000001,0.0750582348373739,0.11499999999999999,0.11000000000000032,0.27999999999999997,3600,Very High Value,,,,1545.6000000000001,0.11250000000000016,58.18323765490801
2024-05-07 12:49:54,Truck_2,77.436,42.529,249,Delivered,24.3,78.8,Heavy,13,125,2,Mechanical Failure,78.7,165,1,12,7,1,5,May,0,Very High,Medium-Low,1.509090909090909,Low,0.325,0.4675000000000002,0.06,0.2841666666666667,Low,19,Afternoon,84,0,12985.5,0.2935165214390476,0.32500000000000007,0.46750000000000025,0.06,250,Low Value,,,,1023.1,0.39625000000000016,89.14618890088666
2024-06-30 04:50:57,Truck_1,-39.701,158.9084,379,Delayed,23.8,78.8,Detour,22,361,5,Weather,89.3,112,1,4,30,6,6,June,1,Very High,Medium-High,3.3839285714285716,Medium-Low,0.06,0.7324999999999999,0.24,0.3441666666666667,Medium,26,Night,267,0,10001.6,0.16480027607626613,0.06000000000000005,0.7324999999999999,0.24,1805,High Value,,,,1964.6,0.39625,162.65477926834748
2024-11-08 03:31:33,Truck_10,65.9337,130.6003,489,In Transit,18.4,59.9,Detour,28,136,9,Traffic,74.3,272,0,3,8,4,11,November,0,High,High,1.7977941176470589,High,0.8600000000000001,0.3574999999999999,0.36,0.5258333333333334,Medium,45,Night,217,0,20209.6,0.6051419204555258,0.8600000000000001,0.35749999999999993,0.36000000000000004,1224,Medium Value,,,,2080.4,0.60875,146.17440220002086
2024-09-27 15:16:09,Truck_8,-3.7749,-110.6148,211,In Transit,19.8,52.8,Heavy,23,423,1,Traffic,80.6,185,1,15,27,4,9,September,0,Very High,Medium-Low,1.1405405405405404,Low,0.425,0.5150000000000001,0.26,0.4000000000000001,Medium,39,Afternoon,26,0,14910.999999999998,0.3765766543007505,0.42500000000000004,0.5150000000000001,0.26,423,Low Value,,,,1853.8,0.4700000000000001,111.47800643179589
2024-10-26 22:42:24,Truck_8,-22.1627,-58.0963,454,In Transit,18.9,50.9,Detour,45,230,7,Weather,70.2,116,0,22,26,5,10,October,1,High,High,3.913793103448276,Medium-High,0.0799999999999999,0.2550000000000001,0.7,0.345,Medium,43,Late_Evening,338,0,8143.200000000001,0.08463463031662499,0.07999999999999996,0.2550000000000001,0.7,1610,High Value,,,,3159.0,0.16750000000000004,62.49710463059602
2024-09-23 14:50:23,Truck_10,-7.7974,-150.3367,427,In Transit,23.9,56.2,Heavy,31,443,3,,89.0,148,1,14,23,0,9,September,0,Very High,High,2.885135135135135,Low,0.24,0.7250000000000001,0.42,0.4616666666666666,Medium,39,Afternoon,279,0,13172.0,0.30156155637994997,0.24,0.7250000000000001,0.42,1329,Medium Value,,,,2759.0,0.48250000000000004,151.31074410973713
2024-08-19 08:18:25,Truck_7,-47.9015,-121.4183,332,In Transit,24.4,69.5,Heavy,27,343,5,Traffic,87.6,235,1,8,19,0,8,August,0,Very High,Medium-High,1.4127659574468086,Medium-Low,0.675,0.69,0.34,0.5683333333333334,Medium,34,Morning,97,0,20586.0,0.6213786558536797,0.675,0.69,0.34,1715,High Value,,,,2365.2,0.6825,130.81465108096074
2024-10-20 12:32:47,Truck_1,64.0594,-102.2596,195,In Transit,19.3,70.6,Heavy,34,134,2,Traffic,98.2,220,1,12,20,6,10,October,1,Very High,Low,0.8863636363636364,Low,0.6000000000000001,0.955,0.48,0.6783333333333333,High,42,Afternoon,-25,1,21604.0,0.6652920369252007,0.6000000000000001,0.9550000000000001,0.48000000000000004,268,Low Value,,,,3338.8,0.7775000000000001,122.10089691092087
2024-07-27 09:16:20,Truck_9,38.5127,-17.3878,249,Delivered,23.6,74.3,Detour,45,482,7,Mechanical Failure,66.8,246,0,9,27,5,7,July,1,High,Medium-Low,1.0121951219512195,Medium-High,0.73,0.1699999999999999,0.7,0.5333333333333333,Medium,30,Morning,3,0,16432.8,0.44222241394185147,0.73,0.16999999999999993,0.7,3374,Very High Value,,,,3006.0,0.44999999999999996,43.84044601906379
2024-11-26 11:25:34,Truck_4,53.447,-162.7863,274,Delayed,22.0,51.1,Heavy,38,175,4,Traffic,64.0,271,1,11,26,1,11,November,0,High,Medium-Low,1.011070110701107,Medium-Low,0.855,0.1,0.56,0.505,Medium,48,Morning,3,0,17344.0,0.48152877232335434,0.855,0.10000000000000009,0.56,700,Low Value,,,,2432.0,0.47750000000000004,172.5584472128679
2024-05-23 20:20:51,Truck_6,77.998,-97.0043,272,In Transit,19.0,72.1,Detour,32,113,6,,94.9,119,0,20,23,3,5,May,0,Very High,Medium-Low,2.2857142857142856,Medium-Low,0.0949999999999999,0.8725,0.44,0.4691666666666667,Medium,21,Late_Evening,153,0,11293.1,0.22051160383055823,0.09499999999999997,0.8725,0.44,678,Low Value,,,,3036.8,0.48375,125.97871413727681
2024-08-26 13:29:17,Truck_1,-83.1143,74.21,214,Delayed,27.0,55.0,Clear,18,319,3,Mechanical Failure,67.0,127,1,13,26,0,8,August,0,High,Medium-Low,1.68503937007874,Low,0.135,0.175,0.1599999999999999,0.1566666666666666,Low,35,Afternoon,87,0,8509.0,0.10041411439910275,0.135,0.17500000000000004,0.15999999999999998,957,Medium Value,,,,1206.0,0.15500000000000003,109.85144687588418
2024-01-15 08:13:04,Truck_6,14.4593,157.9293,487,Delayed,18.7,62.0,Detour,35,432,9,,72.3,247,1,8,15,0,1,January,0,High,High,1.9716599190283401,High,0.7350000000000001,0.3075000000000001,0.5,0.5141666666666668,Medium,3,Morning,240,0,17858.1,0.5037054611336381,0.7350000000000001,0.3075000000000001,0.5,3888,Very High Value,,,,2530.5,0.5212500000000001,157.8867585894979
2024-10-11 10:29:57,Truck_10,-48.6056,-11.5509,420,Delayed,29.9,64.6,Heavy,34,282,10,Mechanical Failure,79.4,134,1,10,11,4,10,October,0,Very High,High,3.1343283582089554,High,0.17,0.4850000000000003,0.48,0.3783333333333334,Medium,41,Morning,286,0,10639.6,0.19232162884996984,0.17000000000000004,0.4850000000000003,0.48000000000000004,2820,Very High Value,,,,2699.6000000000004,0.3275000000000002,48.84259664915929
2024-05-17 11:54:58,Truck_5,-11.6172,47.739,135,Delayed,24.7,67.1,Heavy,26,380,7,Traffic,64.6,109,1,11,17,4,5,May,0,High,Low,1.238532110091743,Medium-High,0.045,0.1149999999999999,0.32,0.16,Low,20,Morning,26,0,7041.4,0.037106375636269506,0.04500000000000004,0.11499999999999999,0.32,2660,Very High Value,,,,1679.6,0.08000000000000002,48.010428754614615
2024-08-16 22:23:42,Truck_1,17.7318,-166.4083,269,In Transit,25.2,63.5,Detour,19,262,7,Weather,71.6,295,0,22,16,4,8,August,0,High,Medium-Low,0.911864406779661,Medium-High,0.975,0.29,0.18,0.4816666666666667,Medium,33,Late_Evening,-26,1,21122.0,0.6445000431369167,0.9750000000000001,0.29000000000000004,0.18,1834,High Value,,,,1360.3999999999999,0.6325000000000001,168.3315392068066
2024-08-22 09:00:38,Truck_2,-31.4958,-37.5932,419,Delivered,21.0,74.2,Clear,29,386,9,Traffic,95.1,186,0,9,22,3,8,August,0,Very High,High,2.252688172043011,High,0.43,0.8775,0.3799999999999999,0.5625,Medium,34,Morning,233,0,17688.6,0.49639375377448014,0.43000000000000005,0.8775,0.37999999999999995,3474,Very High Value,,,,2757.8999999999996,0.65375,48.836921391651686
2024-09-02 16:36:48,Truck_6,79.6896,84.1175,407,Delivered,23.5,77.7,Detour,55,351,6,,68.4,168,0,16,2,0,9,September,0,High,High,2.4226190476190474,Medium-Low,0.3399999999999999,0.2100000000000002,0.9000000000000001,0.4833333333333334,Medium,36,Evening,239,0,11491.2,0.22905702700370983,0.33999999999999997,0.2100000000000002,0.9000000000000001,2106,High Value,,,,3762.0000000000005,0.2750000000000001,116.2096648561297
2024-12-16 12:03:58,Truck_9,-79.5331,-178.6658,331,In Transit,24.2,74.0,Detour,60,225,8,,61.0,142,0,12,16,0,12,December,0,High,Medium-High,2.3309859154929575,Medium-High,0.2099999999999999,0.0250000000000001,1.0,0.4116666666666667,Medium,51,Afternoon,189,0,8662.0,0.1070140626348029,0.20999999999999996,0.025000000000000133,1.0,1800,High Value,,,,3660.0,0.11750000000000005,195.78634234587634
2024-02-27 15:58:37,Truck_1,63.9549,-128.7581,444,In Transit,20.8,63.9,Heavy,38,203,1,Weather,73.7,201,1,15,27,1,2,February,0,High,High,2.208955223880597,Low,0.5050000000000001,0.3425000000000002,0.56,0.4691666666666668,Medium,9,Afternoon,243,0,14813.7,0.37237943231817794,0.5050000000000001,0.34250000000000025,0.56,203,Low Value,,,,2800.6,0.4237500000000002,145.12391559199068
2024-10-16 12:27:49,Truck_1,61.1522,5.9286,319,In Transit,29.1,61.3,Detour,24,392,7,,72.8,123,0,12,16,2,10,October,0,High,Medium-High,2.5934959349593494,Medium-High,0.1149999999999999,0.32,0.2799999999999999,0.2383333333333333,Low,42,Afternoon,196,0,8954.4,0.11962729704080755,0.11499999999999999,0.32000000000000006,0.27999999999999997,2744,Very High Value,,,,1747.1999999999998,0.21750000000000003,62.719300209041926
2024-04-27 12:02:57,Truck_10,-26.3913,-155.6326,402,Delivered,21.0,66.3,Clear,52,306,10,Weather,70.1,251,0,12,27,5,4,April,1,High,High,1.6015936254980079,High,0.7550000000000001,0.2524999999999999,0.8400000000000001,0.6158333333333333,Medium,17,Afternoon,151,0,17595.1,0.49236045207488566,0.7550000000000001,0.25249999999999995,0.8400000000000001,3060,Very High Value,,,,3645.2,0.50375,158.45918203370573
2024-08-07 08:25:04,Truck_10,14.8779,-139.1721,269,Delayed,19.0,73.6,Clear,50,307,3,Mechanical Failure,68.1,102,1,8,7,2,8,August,0,High,Medium-Low,2.6372549019607843,Low,0.01,0.2024999999999999,0.8,0.3374999999999999,Medium,32,Morning,167,0,6946.2,0.032999741178500575,0.010000000000000009,0.2024999999999999,0.8,921,Medium Value,,,,3404.9999999999995,0.10624999999999996,140.94762920808577
2024-07-23 23:11:06,Truck_10,49.6418,-121.3862,318,In Transit,22.5,59.3,Heavy,18,331,9,,97.3,273,1,23,23,1,7,July,0,Very High,Medium-High,1.164835164835165,High,0.865,0.9325,0.1599999999999999,0.6525,Medium,30,Late_Evening,45,0,26562.899999999998,0.8792036925200586,0.865,0.9325000000000001,0.15999999999999998,2979,Very High Value,,,,1751.3999999999999,0.89875,132.43759141744192
2024-09-23 02:31:52,Truck_3,-48.6654,115.3562,388,Delivered,24.6,74.3,Detour,29,461,1,Mechanical Failure,68.1,159,0,2,23,0,9,September,0,High,Medium-High,2.440251572327044,Low,0.295,0.2024999999999999,0.3799999999999999,0.2925,Low,39,Night,229,0,10827.9,0.20044431024070403,0.29500000000000004,0.2024999999999999,0.37999999999999995,461,Low Value,,,,1974.8999999999999,0.24874999999999997,123.90491546695444
2024-10-18 06:34:56,Truck_6,38.047,-80.0446,166,Delayed,26.9,58.3,Clear,29,283,3,Weather,64.1,113,1,6,18,4,10,October,0,High,Low,1.4690265486725664,Low,0.065,0.1025,0.3799999999999999,0.1825,Low,42,Morning,53,0,7243.299999999999,0.04581571909239923,0.06500000000000006,0.10250000000000004,0.37999999999999995,849,Medium Value,,,,1858.8999999999999,0.08375000000000005,89.9708846014523
2024-04-23 08:06:46,Truck_10,9.8934,13.9028,338,Delivered,28.7,65.6,Heavy,45,348,8,Traffic,96.1,230,1,8,23,1,4,April,0,Very High,Medium-High,1.4695652173913043,Medium-High,0.6500000000000001,0.9025,0.7,0.7508333333333334,High,17,Morning,108,0,22103.0,0.6868173582952292,0.6500000000000001,0.9024999999999999,0.7,2784,Very High Value,,,,4324.5,0.77625,17.24398293624202
2024-02-15 19:39:56,Truck_4,-43.0411,-154.0658,457,In Transit,18.7,52.7,Clear,52,366,4,,93.1,275,0,19,15,3,2,February,0,Very High,High,1.6618181818181819,Medium-Low,0.875,0.8275000000000001,0.8400000000000001,0.8475000000000001,High,7,Evening,182,0,25602.5,0.8377749978431543,0.875,0.8275000000000001,0.8400000000000001,1464,High Value,,,,4841.2,0.8512500000000001,160.41258982765376
2024-06-17 14:27:56,Truck_6,-71.8307,-53.6072,274,Delivered,21.5,74.0,Heavy,23,448,5,Mechanical Failure,74.7,200,1,14,17,0,6,June,0,High,Medium-Low,1.37,Medium-Low,0.5,0.3675000000000001,0.26,0.3758333333333334,Medium,25,Afternoon,74,0,14940.0,0.37782762488137356,0.5,0.36750000000000016,0.26,2240,High Value,,,,1718.1000000000001,0.4337500000000001,89.05213498625446
2024-07-19 13:04:45,Truck_7,16.1221,79.0279,332,Delayed,19.2,56.9,Detour,27,357,2,,87.8,217,1,13,19,4,7,July,0,Very High,Medium-High,1.5299539170506913,Low,0.585,0.6949999999999998,0.34,0.5399999999999999,Medium,29,Afternoon,115,0,19052.6,0.5552325079803295,0.585,0.6949999999999998,0.34,714,Medium Value,,,,2370.6,0.6399999999999999,80.12138449780974
2024-09-30 14:31:08,Truck_4,1.3877,64.0078,388,In Transit,27.4,50.6,Detour,58,401,5,Mechanical Failure,81.4,196,0,14,30,0,9,September,0,Very High,Medium-High,1.9795918367346939,Medium-Low,0.48,0.5350000000000001,0.96,0.6583333333333333,Medium,40,Afternoon,192,0,15954.400000000001,0.421585713053231,0.48,0.5350000000000001,0.96,2005,High Value,,,,4721.200000000001,0.5075000000000001,63.23048440990126
2024-08-06 22:02:54,Truck_10,30.3691,-111.1134,377,Delivered,18.2,51.7,Detour,34,306,8,Traffic,87.9,139,0,22,6,1,8,August,0,Very High,Medium-High,2.712230215827338,Medium-High,0.195,0.6975000000000002,0.48,0.4575000000000001,Medium,32,Late_Evening,238,0,12218.1,0.26041325166077134,0.19500000000000006,0.6975000000000002,0.48000000000000004,2448,Very High Value,,,,2988.6000000000004,0.44625000000000015,116.3599788241619
2024-03-04 23:39:01,Truck_2,53.517,152.1576,265,Delivered,23.5,78.4,Clear,60,107,3,Weather,62.4,237,0,23,4,0,3,March,0,High,Medium-Low,1.1181434599156117,Low,0.685,0.06,1.0,0.5816666666666667,Medium,10,Late_Evening,28,0,14788.8,0.3713053230955051,0.685,0.06000000000000005,1.0,321,Low Value,,,,3744.0,0.37250000000000005,160.96398503217011
2024-06-09 06:11:00,Truck_8,-20.984,-125.2428,316,Delayed,19.8,70.6,Detour,18,194,4,Mechanical Failure,95.8,240,1,6,9,6,6,June,1,Very High,Medium-High,1.3166666666666667,Medium-Low,0.7,0.895,0.1599999999999999,0.585,Medium,23,Morning,76,0,22992.0,0.7251660771288069,0.7,0.895,0.15999999999999998,776,Medium Value,,,,1724.3999999999999,0.7975,127.59790766423487
2024-08-03 20:36:10,Truck_6,-59.8257,-2.9502,239,In Transit,28.7,64.0,Clear,35,469,3,Weather,63.9,293,0,20,3,5,8,August,1,High,Medium-Low,0.8156996587030717,Low,0.965,0.0975000000000001,0.5,0.5208333333333334,Medium,31,Late_Evening,-54,1,18722.7,0.5410016392028298,0.9650000000000001,0.09750000000000014,0.5,1407,High Value,,,,2236.5,0.5312500000000001,58.58814302298278
2024-04-14 08:17:18,Truck_3,-49.2845,40.5814,241,Delayed,21.4,70.9,Clear,48,121,4,Weather,75.3,195,1,8,14,6,4,April,1,Very High,Medium-Low,1.235897435897436,Medium-Low,0.475,0.3825,0.76,0.5391666666666667,Medium,15,Morning,46,0,14683.5,0.3667630057803468,0.475,0.38250000000000006,0.76,484,Low Value,,,,3614.3999999999996,0.42875,62.2604390363676
2024-07-28 07:33:03,Truck_10,88.2246,-148.6037,326,Delayed,27.2,69.3,Detour,24,492,9,Weather,72.5,223,1,7,28,6,7,July,1,High,Medium-High,1.4618834080717489,High,0.615,0.3125,0.2799999999999999,0.4025,Medium,30,Morning,103,0,16167.5,0.43077818997498063,0.615,0.3125,0.27999999999999997,4428,Very High Value,,,,1740.0,0.46375,174.23534251129806
2024-09-13 12:35:37,Truck_2,-13.535,94.6256,357,Delivered,24.0,76.1,Detour,39,339,9,Traffic,97.8,146,0,12,13,4,9,September,0,Very High,Medium-High,2.4452054794520546,High,0.2299999999999999,0.9450000000000004,0.5800000000000001,0.5850000000000001,Medium,37,Afternoon,211,0,14278.8,0.3493054956431715,0.22999999999999998,0.9450000000000003,0.5800000000000001,3051,Very High Value,,,,3814.2,0.5875000000000001,94.57547614279235
2024-09-05 05:28:16,Truck_6,57.1287,148.1805,279,Delivered,19.6,55.9,Heavy,30,187,9,Traffic,90.5,126,1,5,5,3,9,September,0,Very High,Medium-Low,2.2142857142857144,High,0.13,0.7625000000000002,0.3999999999999999,0.4308333333333334,Medium,36,Night,153,0,11403.0,0.22525235096195328,0.13,0.7625000000000002,0.39999999999999997,1683,High Value,,,,2715.0,0.4462500000000001,158.5276992890009
2024-01-02 07:22:55,Truck_2,-61.8546,43.8074,106,Delivered,26.7,53.3,Detour,39,128,5,Weather,88.0,117,0,7,2,1,1,January,0,Very High,Low,0.905982905982906,Medium-Low,0.0849999999999999,0.7000000000000002,0.5800000000000001,0.455,Medium,1,Morning,-11,1,10296.0,0.17749978431541713,0.08499999999999996,0.7000000000000002,0.5800000000000001,640,Low Value,,,,3432.0,0.39250000000000007,74.20267177956549
2024-11-08 05:03:59,Truck_7,9.0931,-155.6411,381,In Transit,20.0,52.9,Clear,13,216,5,Weather,87.3,160,0,5,8,4,11,November,0,Very High,Medium-High,2.38125,Medium-Low,0.3,0.6825000000000001,0.06,0.3475000000000001,Medium,45,Night,221,0,13968.0,0.3358985419722199,0.30000000000000004,0.6825000000000001,0.06,1080,Medium Value,,,,1134.8999999999999,0.4912500000000001,156.8269119720951
2024-11-15 06:42:17,Truck_7,-19.6632,-133.2353,416,Delivered,20.5,61.9,Detour,51,172,1,Weather,75.5,112,0,6,15,4,11,November,0,Very High,High,3.7142857142857144,Low,0.06,0.3875000000000002,0.8200000000000001,0.4225000000000001,Medium,46,Morning,304,0,8456.0,0.09812785782072297,0.06000000000000005,0.3875000000000002,0.8200000000000001,172,Low Value,,,,3850.5,0.22375000000000012,135.3159210147101
2024-12-16 21:09:29,Truck_9,43.4429,-106.3154,147,Delayed,19.0,73.2,Detour,60,260,5,Mechanical Failure,77.2,216,1,21,16,0,12,December,0,Very High,Low,0.6805555555555556,Medium-Low,0.5800000000000001,0.4300000000000001,1.0,0.67,High,51,Late_Evening,-69,1,16675.2,0.452678802519196,0.5800000000000001,0.43000000000000016,1.0,1300,Medium Value,,,,4632.0,0.5050000000000001,116.14196249066383
2024-03-27 02:27:30,Truck_3,-24.6226,30.2486,277,In Transit,28.1,55.1,Clear,44,111,3,Weather,91.8,282,0,2,27,2,3,March,0,Very High,Medium-Low,0.9822695035460993,Low,0.91,0.7949999999999999,0.6799999999999999,0.7949999999999999,High,13,Night,-5,1,25887.6,0.8500733327581744,0.9099999999999999,0.7949999999999999,0.6799999999999999,333,Low Value,,,,4039.2,0.8524999999999999,37.499114504784856
2024-09-29 14:00:13,Truck_1,5.6237,177.8639,116,Delivered,23.0,79.6,Detour,55,362,1,,96.6,222,0,14,29,6,9,September,1,Very High,Low,0.5225225225225225,Low,0.6100000000000001,0.915,0.9000000000000001,0.8083333333333335,High,39,Afternoon,-106,1,21445.199999999997,0.6584418945733759,0.6100000000000001,0.915,0.9000000000000001,362,Low Value,,,,5313.0,0.7625000000000001,177.16455449513987
2024-10-08 14:00:54,Truck_7,-49.8421,-83.2963,324,Delivered,22.2,62.9,Heavy,50,365,7,Weather,95.8,210,1,14,8,1,10,October,0,Very High,Medium-High,1.542857142857143,Medium-High,0.55,0.895,0.8,0.7483333333333334,High,41,Afternoon,114,0,20118.0,0.6011905788974204,0.55,0.895,0.8,2555,Very High Value,,,,4790.0,0.7225,97.1026541277981
2024-12-23 22:24:48,Truck_1,22.5359,82.6248,325,In Transit,26.0,56.0,Clear,34,359,4,,72.2,248,0,22,23,0,12,December,0,High,Medium-High,1.310483870967742,Medium-Low,0.74,0.3050000000000001,0.48,0.5083333333333334,Medium,52,Late_Evening,77,0,17905.600000000002,0.5057544646708655,0.74,0.30500000000000016,0.48000000000000004,1436,High Value,,,,2454.8,0.5225000000000001,85.20712817795707
2024-06-03 09:40:42,Truck_10,30.8916,173.4833,245,Delivered,22.0,61.2,Detour,22,480,6,Weather,89.3,284,0,9,3,0,6,June,0,Very High,Medium-Low,0.8626760563380281,Medium-Low,0.92,0.7324999999999999,0.24,0.6308333333333332,Medium,23,Morning,-39,1,25361.2,0.8273660598740402,0.9199999999999999,0.7324999999999999,0.24,2880,Very High Value,,,,1964.6,0.8262499999999999,175.63285482633694
2024-06-26 11:19:42,Truck_5,3.0051,-89.4957,424,Delivered,23.2,50.2,Clear,55,385,9,Weather,83.2,228,0,11,26,2,6,June,0,Very High,High,1.8596491228070176,High,0.6400000000000001,0.5800000000000001,0.9000000000000001,0.7066666666666667,High,26,Morning,196,0,18969.600000000002,0.5516521439047538,0.6400000000000001,0.5800000000000001,0.9000000000000001,3465,Very High Value,,,,4576.0,0.6100000000000001,90.43815804330352
2024-12-13 17:26:27,Truck_5,-9.8416,87.3444,467,Delayed,26.5,62.1,Heavy,54,222,2,Traffic,97.3,259,1,17,13,4,12,December,0,Very High,High,1.803088803088803,Low,0.7949999999999999,0.9325,0.8800000000000001,0.8691666666666666,High,50,Evening,208,0,25200.7,0.8204425847640411,0.7949999999999999,0.9325000000000001,0.8800000000000001,444,Low Value,,,,5254.2,0.86375,86.9221362031268
2024-03-24 12:07:04,Truck_4,-84.6425,70.457,262,In Transit,23.4,62.0,Heavy,36,272,7,,82.9,146,1,12,24,6,3,March,1,Very High,Medium-Low,1.7945205479452055,Medium-High,0.2299999999999999,0.5725000000000002,0.52,0.4408333333333334,Medium,12,Afternoon,116,0,12103.400000000001,0.2554654473298249,0.22999999999999998,0.5725000000000002,0.52,1904,High Value,,,,2984.4,0.4012500000000001,108.54905330543406
2024-09-17 03:48:24,Truck_7,1.8375,71.811,356,Delivered,21.6,60.4,Clear,45,292,1,Mechanical Failure,94.3,196,0,3,17,1,9,September,0,Very High,Medium-High,1.816326530612245,Low,0.48,0.8574999999999999,0.7,0.6791666666666666,High,38,Night,160,0,18482.8,0.5306530929169183,0.48,0.8574999999999999,0.7,292,Low Value,,,,4243.5,0.66875,71.04594522687954
2024-09-23 17:43:36,Truck_6,-69.8671,-68.073,166,Delayed,20.4,70.2,Clear,19,391,5,,74.0,238,1,17,23,0,9,September,0,High,Low,0.6974789915966386,Medium-Low,0.69,0.3500000000000001,0.18,0.4066666666666667,Medium,39,Evening,-72,1,17612.0,0.49308946596497283,0.69,0.3500000000000001,0.18,1955,High Value,,,,1406.0,0.52,97.16895029948633
2024-11-19 04:06:22,Truck_4,72.8374,179.4522,349,In Transit,25.6,53.9,Heavy,26,189,9,Weather,77.1,285,1,4,19,1,11,November,0,Very High,Medium-High,1.224561403508772,High,0.925,0.4275,0.32,0.5575,Medium,47,Night,64,0,21973.5,0.6812311275989993,0.925,0.4275,0.32,1701,High Value,,,,2004.6,0.67625,193.4131332422979
2024-08-13 01:42:45,Truck_7,50.8775,-155.5478,338,Delivered,26.8,68.3,Detour,45,458,9,Mechanical Failure,76.7,191,0,1,13,1,8,August,0,Very High,Medium-High,1.7696335078534031,High,0.455,0.4175000000000002,0.7,0.5241666666666668,Medium,33,Night,147,0,14649.7,0.3653049780001726,0.45500000000000007,0.4175000000000002,0.7,4122,Very High Value,,,,3451.5,0.43625000000000014,164.8787040406353
2024-08-08 13:11:48,Truck_5,23.7118,-92.9098,273,Delivered,19.9,63.6,Clear,27,265,8,Weather,77.0,243,0,13,8,3,8,August,0,Very High,Medium-Low,1.123456790123457,Medium-High,0.7150000000000001,0.425,0.34,0.4933333333333334,Medium,32,Afternoon,30,0,18711.0,0.5404969372789233,0.7150000000000001,0.42500000000000004,0.34,2120,High Value,,,,2079.0,0.5700000000000001,97.04159663373932
2024-09-09 10:53:12,Truck_7,65.9641,85.9925,239,In Transit,25.8,56.0,Detour,50,274,7,Weather,88.3,261,0,10,9,0,9,September,0,Very High,Medium-Low,0.9157088122605364,Medium-High,0.8049999999999999,0.7075,0.8,0.7708333333333334,High,37,Morning,-22,1,23046.3,0.7275084116987318,0.8049999999999999,0.7075,0.8,1918,High Value,,,,4415.0,0.75625,108.55412364938694
2024-11-27 09:05:44,Truck_9,41.7285,131.8376,278,Delivered,22.8,52.9,Heavy,18,104,4,Traffic,71.2,190,1,9,27,2,11,November,0,High,Medium-Low,1.4631578947368422,Medium-Low,0.45,0.2800000000000002,0.1599999999999999,0.2966666666666668,Low,48,Morning,88,0,13528.0,0.3169182986800104,0.45000000000000007,0.28000000000000025,0.15999999999999998,416,Low Value,,,,1281.6000000000001,0.36500000000000016,137.90493537488965
2024-04-29 15:32:06,Truck_1,-79.2933,52.6196,412,Delayed,20.2,65.0,Clear,14,230,2,Mechanical Failure,72.9,249,1,15,29,0,4,April,0,High,High,1.6546184738955823,Low,0.7450000000000001,0.3225000000000002,0.08,0.3825000000000001,Medium,18,Afternoon,163,0,18152.100000000002,0.5163877146061601,0.7450000000000001,0.32250000000000023,0.08000000000000002,460,Low Value,,,,1020.6000000000001,0.5337500000000002,93.56825003213177
2024-12-30 19:22:58,Truck_6,78.1285,162.4365,125,In Transit,25.4,61.5,Detour,50,408,6,,83.4,221,0,19,30,0,12,December,0,Very High,Low,0.5656108597285068,Medium-Low,0.605,0.5850000000000004,0.8,0.6633333333333334,High,1,Evening,-96,1,18431.4,0.5284358554050558,0.605,0.5850000000000004,0.8,2448,Very High Value,,,,4170.0,0.5950000000000002,180.09114067424323
2024-12-19 21:18:37,Truck_8,56.5445,31.2501,404,Delivered,24.7,74.2,Heavy,23,459,1,Traffic,71.7,127,1,21,19,3,12,December,0,High,High,3.1811023622047245,Low,0.135,0.2925000000000002,0.26,0.2291666666666667,Low,51,Late_Evening,277,0,9105.9,0.12616253990164783,0.135,0.2925000000000002,0.26,459,Low Value,,,,1649.1000000000001,0.2137500000000001,65.40562301043532
2024-09-06 12:53:25,Truck_9,44.2451,-34.2571,392,Delivered,29.1,51.3,Clear,35,434,7,,70.8,249,0,12,6,4,9,September,0,High,Medium-High,1.5742971887550201,Medium-High,0.7450000000000001,0.27,0.5,0.505,Medium,36,Afternoon,143,0,17629.2,0.49383142093003196,0.7450000000000001,0.27,0.5,3038,Very High Value,,,,2478.0,0.5075000000000001,57.545050865373874
2024-12-30 07:08:49,Truck_7,-27.8944,104.517,145,Delivered,29.8,75.7,Detour,60,287,9,Traffic,87.6,216,0,7,30,0,12,December,0,Very High,Low,0.6712962962962963,High,0.5800000000000001,0.69,1.0,0.7566666666666667,High,1,Morning,-71,1,18921.6,0.54958157190924,0.5800000000000001,0.69,1.0,2583,Very High Value,,,,5256.0,0.635,107.02150124762821
2024-11-16 16:38:18,Truck_4,77.0206,0.8221,485,Delayed,24.6,50.3,Heavy,11,155,1,Mechanical Failure,84.9,161,1,16,16,5,11,November,1,Very High,High,3.012422360248447,Low,0.305,0.6225,0.0199999999999999,0.3158333333333333,Low,46,Evening,324,0,13668.900000000001,0.32299629022517484,0.30500000000000005,0.6225,0.01999999999999999,155,Low Value,,,,933.9000000000001,0.46375000000000005,78.3806940255399
2024-06-08 09:09:10,Truck_4,72.3311,-105.9002,312,Delayed,19.1,52.0,Detour,50,263,2,,87.6,123,1,9,8,5,6,June,1,Very High,Medium-High,2.5365853658536586,Low,0.1149999999999999,0.69,0.8,0.535,Medium,23,Morning,189,0,10774.8,0.19815373997066688,0.11499999999999999,0.69,0.8,526,Low Value,,,,4380.0,0.40249999999999997,129.70440304612194
2024-04-24 17:57:19,Truck_6,-30.4204,70.9998,286,In Transit,25.1,56.2,Detour,50,408,10,Traffic,99.3,148,0,17,24,2,4,April,0,Very High,Medium-Low,1.9324324324324325,High,0.24,0.9825,0.8,0.6741666666666667,High,17,Evening,138,0,14696.4,0.36731947200414117,0.24,0.9824999999999999,0.8,4080,Very High Value,,,,4965.0,0.61125,75.94282789113825
2024-03-01 20:32:48,Truck_3,-71.5279,-171.9428,396,In Transit,23.0,61.1,Clear,14,439,8,,91.9,119,0,20,1,4,3,March,0,Very High,Medium-High,3.327731092436975,Medium-High,0.0949999999999999,0.7975000000000003,0.08,0.3241666666666667,Low,9,Late_Evening,277,0,10936.1,0.20511172461392463,0.09499999999999997,0.7975000000000003,0.08000000000000002,3512,Very High Value,,,,1286.6000000000001,0.44625000000000015,186.484308672956
2024-02-23 18:40:35,Truck_1,-53.2492,-17.118,352,Delivered,26.6,70.3,Detour,12,260,7,Traffic,77.4,267,0,18,23,4,2,February,0,Very High,Medium-High,1.3183520599250935,Medium-High,0.835,0.4350000000000003,0.0399999999999999,0.4366666666666667,Medium,8,Evening,85,0,20665.800000000003,0.6248209817962214,0.835,0.4350000000000003,0.03999999999999998,1820,High Value,,,,928.8000000000001,0.6350000000000001,54.90777037697056
2024-09-25 05:14:38,Truck_7,-30.8076,-167.4756,410,Delivered,28.4,52.7,Detour,48,352,8,Weather,95.5,213,0,5,25,2,9,September,0,Very High,High,1.9248826291079812,Medium-High,0.565,0.8875000000000002,0.76,0.7375000000000002,High,39,Night,197,0,20341.5,0.6108316797515314,0.565,0.8875000000000002,0.76,2816,Very High Value,,,,4584.0,0.7262500000000001,170.86925841650898
2024-03-09 19:11:05,Truck_10,-44.764,-118.3579,484,Delayed,22.8,53.7,Clear,18,176,4,Weather,73.7,131,1,19,9,5,3,March,1,High,High,3.6946564885496183,Medium-Low,0.155,0.3425000000000002,0.1599999999999999,0.2191666666666667,Low,10,Evening,353,0,9654.7,0.1498360797170219,0.15500000000000003,0.34250000000000025,0.15999999999999998,704,Low Value,,,,1326.6000000000001,0.24875000000000014,126.85162600795225
2024-01-29 14:54:57,Truck_1,47.5743,144.998,152,In Transit,18.7,68.6,Clear,51,483,2,Weather,87.8,163,0,14,29,0,1,January,0,Very High,Low,0.9325153374233128,Low,0.315,0.6949999999999998,0.8200000000000001,0.61,Medium,5,Afternoon,-11,1,14311.4,0.35071175912345787,0.31500000000000006,0.6949999999999998,0.8200000000000001,966,Medium Value,,,,4477.8,0.5049999999999999,152.2397930936177
2024-10-07 17:53:55,Truck_5,-23.2761,-88.0696,329,Delivered,27.3,68.4,Detour,57,418,1,Traffic,90.0,101,0,17,7,0,10,October,0,Very High,Medium-High,3.257425742574257,Low,0.005,0.75,0.9400000000000002,0.5650000000000001,Medium,41,Evening,228,0,9090.0,0.12547666292813392,0.0050000000000000044,0.75,0.9400000000000002,418,Low Value,,,,5130.0,0.3775,91.56802716551627
2024-10-17 15:23:46,Truck_3,-18.8295,76.8645,314,Delayed,23.8,63.7,Detour,41,117,8,,69.5,147,1,15,17,3,10,October,0,High,Medium-High,2.1360544217687076,Medium-High,0.235,0.2375,0.6200000000000001,0.3641666666666667,Medium,42,Afternoon,167,0,10216.5,0.17407039944784747,0.235,0.23750000000000004,0.6200000000000001,936,Medium Value,,,,2849.5,0.23625000000000002,78.00867589999248
2024-01-30 00:58:41,Truck_3,58.3197,0.0698,121,In Transit,27.2,71.1,Detour,44,340,8,,74.6,286,0,0,30,1,1,January,0,High,Low,0.4230769230769231,Medium-High,0.93,0.365,0.6799999999999999,0.6583333333333333,Medium,5,Night,-165,1,21335.6,0.6537140885169528,0.9299999999999999,0.365,0.6799999999999999,2720,Very High Value,,,,3282.3999999999996,0.6475,59.68472430742699
2024-08-15 08:04:23,Truck_1,-84.8788,-37.2609,428,Delivered,24.1,58.4,Detour,11,111,6,Weather,81.1,111,0,8,15,3,8,August,0,Very High,High,3.855855855855856,Medium-Low,0.055,0.5274999999999999,0.0199999999999999,0.2008333333333333,Low,33,Morning,317,0,9002.099999999999,0.12168492796134928,0.05500000000000005,0.5274999999999999,0.01999999999999999,666,Low Value,,,,892.0999999999999,0.29124999999999995,91.79775703225992
2024-02-06 09:01:38,Truck_10,28.387,33.4827,113,In Transit,23.0,73.4,Detour,50,309,8,Traffic,71.7,293,0,9,6,1,2,February,0,High,Low,0.3856655290102389,Medium-High,0.965,0.2925000000000002,0.8,0.6858333333333334,High,6,Morning,-180,1,21008.100000000002,0.6395867483392289,0.9650000000000001,0.2925000000000002,0.8,2472,Very High Value,,,,3585.0,0.6287500000000001,44.16591506915606
2024-01-08 14:39:40,Truck_7,87.018,-27.3053,201,Delayed,27.9,64.4,Clear,30,198,7,Weather,93.9,276,1,14,8,0,1,January,0,Very High,Low,0.7282608695652174,Medium-High,0.8800000000000001,0.8475000000000001,0.3999999999999999,0.7091666666666668,High,2,Afternoon,-75,1,25916.4,0.8513156759554827,0.8800000000000001,0.8475000000000001,0.39999999999999997,1386,High Value,,,,2817.0,0.8637500000000001,92.75062831713598
2024-04-11 06:00:56,Truck_8,-9.7509,-86.2981,227,Delayed,28.3,62.8,Detour,30,400,4,Traffic,68.2,194,1,6,11,3,4,April,0,High,Medium-Low,1.1701030927835052,Medium-Low,0.47,0.205,0.3999999999999999,0.3583333333333333,Medium,15,Morning,33,0,13230.800000000001,0.30409800707445445,0.47,0.20500000000000007,0.39999999999999997,1600,High Value,,,,2046.0,0.3375,87.53821921109126
2024-03-20 21:32:29,Truck_2,79.8212,-21.6975,445,Delivered,25.3,57.9,Detour,38,364,1,Traffic,93.6,275,0,21,20,2,3,March,0,Very High,High,1.6181818181818182,Low,0.875,0.8399999999999999,0.56,0.7583333333333333,High,12,Late_Evening,170,0,25740.0,0.8437063238719698,0.875,0.8399999999999999,0.56,364,Low Value,,,,3556.7999999999997,0.8574999999999999,84.25086446045113
2024-04-29 10:31:08,Truck_2,33.0027,-70.5854,407,In Transit,29.6,64.3,Heavy,10,102,6,,98.5,133,1,10,29,0,4,April,0,Very High,High,3.0601503759398496,Medium-Low,0.165,0.9625000000000004,0.0,0.3758333333333334,Medium,18,Morning,274,0,13100.5,0.298477266844966,0.16500000000000004,0.9625000000000004,0.0,612,Low Value,,,,985.0,0.5637500000000002,79.25886525899628
2024-12-20 11:12:28,Truck_8,-12.452,-174.3397,135,In Transit,22.9,60.9,Heavy,42,379,8,Traffic,93.2,159,1,11,20,4,12,December,0,Very High,Low,0.8490566037735849,Medium-High,0.295,0.8300000000000001,0.6399999999999999,0.5883333333333333,Medium,51,Morning,-24,1,14818.800000000001,0.3725994305927013,0.29500000000000004,0.8300000000000001,0.6399999999999999,3032,Very High Value,,,,3914.4,0.5625,175.52755842016325
2024-07-05 18:54:49,Truck_1,-19.6171,-163.0539,160,Delivered,22.3,69.7,Detour,37,255,7,Traffic,66.8,170,0,18,5,4,7,July,0,High,Low,0.9411764705882353,Medium-High,0.35,0.1699999999999999,0.54,0.3533333333333333,Medium,27,Evening,-10,1,11356.0,0.2232249158830127,0.35,0.16999999999999993,0.54,1785,High Value,,,,2471.6,0.25999999999999995,164.90470414923303
2024-02-27 01:39:05,Truck_5,13.7939,25.2973,472,In Transit,22.7,53.0,Heavy,30,389,6,Weather,86.8,232,1,1,27,1,2,February,0,Very High,High,2.0344827586206895,Medium-Low,0.6599999999999999,0.6699999999999999,0.3999999999999999,0.5766666666666665,Medium,9,Night,240,0,20137.6,0.6020360624622552,0.6599999999999999,0.6699999999999999,0.39999999999999997,2334,High Value,,,,2604.0,0.6649999999999999,28.774074713114686
2024-10-11 19:36:19,Truck_10,-46.8643,158.7293,408,In Transit,19.5,65.2,Detour,25,230,3,Traffic,61.9,245,0,19,11,4,10,October,0,High,High,1.6653061224489796,Low,0.7250000000000001,0.0475000000000001,0.3,0.3575000000000001,Medium,41,Evening,163,0,15165.5,0.3875549995686308,0.7250000000000001,0.0475000000000001,0.3,690,Low Value,,,,1547.5,0.3862500000000001,164.3185803508771
2024-12-28 10:23:37,Truck_4,-35.2452,78.2544,306,Delayed,26.1,74.8,Heavy,37,232,7,,77.1,289,1,10,28,5,12,December,1,Very High,Medium-High,1.0588235294117647,Medium-High,0.945,0.4275,0.54,0.6375000000000001,Medium,52,Morning,17,0,22281.899999999998,0.694534552670175,0.9450000000000001,0.4275,0.54,1624,High Value,,,,2852.7,0.68625,84.50826441745332
2024-01-28 02:18:52,Truck_3,17.5448,-68.5291,107,In Transit,28.6,54.6,Detour,52,180,1,Traffic,89.8,194,0,2,28,6,1,January,1,Very High,Low,0.5515463917525774,Low,0.47,0.7450000000000001,0.8400000000000001,0.685,High,4,Night,-87,1,17421.2,0.4848589422828057,0.47,0.7450000000000001,0.8400000000000001,180,Low Value,,,,4669.599999999999,0.6075,71.89615829399027
2024-10-11 05:31:10,Truck_2,-87.1408,-147.3922,155,Delivered,26.9,75.0,Detour,25,446,5,Mechanical Failure,96.8,176,0,5,11,4,10,October,0,Very High,Low,0.8806818181818182,Medium-Low,0.38,0.92,0.3,0.5333333333333333,Medium,41,Night,-21,1,17036.8,0.4682771115520663,0.38,0.9199999999999999,0.3,2230,High Value,,,,2420.0,0.6499999999999999,171.26073686488263
2024-10-07 13:44:52,Truck_10,-73.5498,115.0268,414,Delivered,26.8,73.9,Heavy,14,130,1,Mechanical Failure,86.9,267,1,13,7,0,10,October,0,Very High,High,1.550561797752809,Low,0.835,0.6725000000000003,0.08,0.5291666666666668,Medium,41,Afternoon,147,0,23202.300000000003,0.7342377706841516,0.835,0.6725000000000003,0.08000000000000002,130,Low Value,,,,1216.6000000000001,0.7537500000000001,135.09497811087417
2024-06-07 10:37:34,Truck_5,75.223,158.8602,177,Delayed,19.9,58.4,Clear,57,335,5,Weather,98.6,283,1,10,7,4,6,June,0,Very High,Low,0.6254416961130742,Medium-Low,0.915,0.965,0.9400000000000002,0.94,High,23,Morning,-106,1,27903.8,0.9370459839530672,0.915,0.9649999999999999,0.9400000000000002,1675,High Value,,,,5620.2,0.94,175.60263766741545
2024-12-20 04:15:05,Truck_9,-40.8267,51.4673,118,Delivered,26.8,65.4,Detour,21,475,1,Mechanical Failure,96.9,165,0,4,20,4,12,December,0,Very High,Low,0.7151515151515152,Low,0.325,0.9225000000000004,0.2199999999999999,0.4891666666666668,Medium,51,Night,-47,1,15988.500000000002,0.4230566819083773,0.32500000000000007,0.9225000000000003,0.21999999999999997,475,Low Value,,,,2034.9,0.6237500000000002,64.19529130796732
2024-02-11 21:05:23,Truck_1,-80.2129,116.4288,438,In Transit,25.0,65.2,Detour,49,421,3,,82.4,273,0,21,11,6,2,February,1,Very High,High,1.6043956043956045,Low,0.865,0.56,0.78,0.735,High,6,Late_Evening,165,0,22495.2,0.7037356569752395,0.865,0.56,0.78,1263,Medium Value,,,,4037.6000000000004,0.7125,139.92575944845126
2024-02-22 20:07:47,Truck_1,18.761,139.9566,154,Delayed,26.8,56.0,Clear,13,413,8,Traffic,73.8,220,1,20,22,3,2,February,0,High,Low,0.7,Medium-High,0.6000000000000001,0.345,0.06,0.335,Medium,8,Late_Evening,-66,1,16236.0,0.4337330687602451,0.6000000000000001,0.345,0.06,3304,Very High Value,,,,959.4,0.47250000000000003,140.56709382242803
2024-05-25 08:22:12,Truck_8,9.1346,9.0052,320,In Transit,24.3,77.0,Clear,56,410,3,Traffic,73.4,141,0,8,25,5,5,May,1,High,Medium-High,2.269503546099291,Low,0.2049999999999999,0.3350000000000002,0.9200000000000002,0.4866666666666668,Medium,21,Morning,179,0,10349.400000000001,0.1798032956604263,0.20499999999999996,0.3350000000000002,0.9200000000000002,1230,Medium Value,,,,4110.400000000001,0.2700000000000001,13.298769310012336
2024-07-03 12:21:01,Truck_1,-28.6942,-75.4244,402,Delayed,20.3,56.6,Detour,52,149,4,Weather,82.6,158,1,12,3,2,7,July,0,Very High,High,2.5443037974683542,Medium-Low,0.29,0.565,0.8400000000000001,0.5650000000000001,Medium,27,Afternoon,244,0,13050.8,0.2963333620912777,0.29000000000000004,0.565,0.8400000000000001,596,Low Value,,,,4295.2,0.4275,81.01211030260875
2024-01-28 23:24:51,Truck_7,23.9592,-88.7602,443,Delivered,18.9,68.8,Clear,36,159,2,Weather,86.3,171,0,23,28,6,1,January,1,Very High,High,2.590643274853801,Low,0.355,0.6575000000000002,0.52,0.5108333333333334,Medium,4,Late_Evening,272,0,14757.3,0.36994651022344927,0.355,0.6575000000000002,0.52,318,Low Value,,,,3106.7999999999997,0.5062500000000001,93.10603411279511
2024-06-10 09:00:08,Truck_7,68.1545,43.8007,246,In Transit,22.0,58.1,Heavy,54,128,7,Traffic,61.0,265,1,9,10,0,6,June,0,High,Medium-Low,0.9283018867924528,Medium-High,0.825,0.0250000000000001,0.8800000000000001,0.5766666666666668,Medium,24,Morning,-19,1,16165.0,0.4306703476835476,0.825,0.025000000000000133,0.8800000000000001,896,Medium Value,,,,3294.0,0.42500000000000004,81.71997246809684
2024-03-08 23:13:09,Truck_9,76.0358,53.043,146,In Transit,20.7,50.6,Clear,28,201,10,Weather,75.9,178,0,23,8,4,3,March,0,Very High,Low,0.8202247191011236,High,0.39,0.3975000000000002,0.36,0.3825,Medium,10,Late_Evening,-32,1,13510.2,0.31615046156500737,0.39,0.3975000000000002,0.36000000000000004,2010,High Value,,,,2125.2000000000003,0.3937500000000001,93.35730031232868
2024-07-27 10:13:09,Truck_1,-30.0307,157.1442,108,Delivered,23.0,73.4,Clear,13,324,2,Mechanical Failure,77.9,233,0,10,27,5,7,July,1,Very High,Low,0.463519313304721,Low,0.665,0.4475000000000002,0.06,0.3908333333333334,Medium,30,Morning,-125,1,18150.7,0.5163273229229576,0.665,0.44750000000000023,0.06,648,Low Value,,,,1012.7,0.5562500000000001,158.91484894018924
2024-09-10 19:41:42,Truck_1,-79.2584,125.5026,152,Delivered,22.8,65.2,Heavy,33,386,4,Weather,63.3,227,1,19,10,1,9,September,0,High,Low,0.6696035242290749,Medium-Low,0.635,0.0825,0.46,0.3925,Medium,37,Evening,-75,1,14369.099999999999,0.3532007592097317,0.635,0.08250000000000002,0.46,1544,High Value,,,,2088.9,0.35875,147.00219701368957
2024-04-27 03:04:28,Truck_10,-86.6606,29.6786,361,Delayed,29.7,62.2,Detour,35,131,9,,61.8,253,1,3,27,5,4,April,1,High,Medium-High,1.4268774703557312,High,0.7650000000000001,0.0449999999999999,0.5,0.4366666666666667,Medium,17,Night,108,0,15635.4,0.40782503666637915,0.7650000000000001,0.04499999999999993,0.5,1179,Medium Value,,,,2163.0,0.405,90.04449806929553
2024-04-22 22:47:46,Truck_2,-60.0975,-13.7518,495,In Transit,23.8,69.8,Heavy,22,487,9,Weather,86.1,108,1,22,22,0,4,April,0,Very High,High,4.583333333333333,High,0.04,0.6524999999999999,0.24,0.3108333333333333,Low,17,Late_Evening,387,0,9298.8,0.13448365110861876,0.040000000000000036,0.6524999999999999,0.24,4383,Very High Value,,,,1894.1999999999998,0.34624999999999995,60.522041772403924
2024-01-09 03:30:54,Truck_5,50.475,-168.8578,187,In Transit,24.5,73.1,Clear,23,382,7,Weather,67.4,149,0,3,9,1,1,January,0,High,Low,1.25503355704698,Medium-High,0.245,0.1850000000000002,0.26,0.2300000000000001,Low,2,Night,38,0,10042.6,0.16656888965576744,0.245,0.18500000000000028,0.26,2674,Very High Value,,,,1550.2,0.21500000000000014,177.4351108660414
2024-12-09 09:35:15,Truck_3,20.9244,-59.3367,202,Delayed,26.5,77.8,Clear,31,298,8,,60.6,102,1,9,9,0,12,December,0,High,Medium-Low,1.9803921568627452,Medium-High,0.01,0.0150000000000001,0.42,0.1483333333333333,Low,50,Morning,100,0,6181.2,0.0,0.010000000000000009,0.015000000000000124,0.42,2384,High Value,,,,1878.6000000000001,0.012500000000000067,64.16758268097456
2024-03-07 03:32:02,Truck_4,-8.4784,117.2494,384,Delivered,24.5,62.2,Clear,45,418,7,,75.8,298,0,3,7,3,3,March,0,Very High,Medium-High,1.2885906040268456,Medium-High,0.99,0.395,0.7,0.695,High,10,Night,86,0,22588.399999999998,0.707756017599862,0.99,0.395,0.7,2926,Very High Value,,,,3411.0,0.6925,116.62978088323138
2024-08-04 03:11:01,Truck_8,-30.809,-126.7483,486,In Transit,25.8,64.9,Clear,31,136,9,Traffic,85.4,178,0,3,4,6,8,August,1,Very High,High,2.730337078651685,High,0.39,0.6350000000000002,0.42,0.4816666666666667,Medium,31,Night,308,0,15201.2,0.38909498749029425,0.39,0.6350000000000002,0.42,1224,Medium Value,,,,2647.4,0.5125000000000002,130.93990759500522
2024-12-10 18:38:52,Truck_8,17.9831,-135.1026,488,In Transit,25.4,64.3,Clear,14,254,1,Weather,84.0,250,0,18,10,1,12,December,0,Very High,High,1.952,Low,0.75,0.6000000000000001,0.08,0.4766666666666667,Medium,50,Evening,238,0,21000.0,0.6392373393149858,0.75,0.6000000000000001,0.08000000000000002,254,Low Value,,,,1176.0,0.675,137.3089481534833
2024-11-17 12:35:32,Truck_8,-28.2385,-87.7617,244,Delayed,29.1,67.2,Heavy,18,118,5,Traffic,70.5,290,1,12,17,6,11,November,1,High,Medium-Low,0.8413793103448276,Medium-Low,0.95,0.2625000000000002,0.1599999999999999,0.4575,Medium,46,Afternoon,-46,1,20445.0,0.615296350616858,0.95,0.2625000000000002,0.15999999999999998,590,Low Value,,,,1269.0,0.6062500000000001,92.58610636054216
2024-11-03 00:16:47,Truck_2,18.1994,40.5771,193,In Transit,25.7,64.0,Heavy,33,335,8,Mechanical Failure,90.0,240,1,0,3,6,11,November,1,Very High,Low,0.8041666666666667,Medium-High,0.7,0.75,0.46,0.6366666666666666,Medium,44,Night,-47,1,21600.0,0.6651194892589078,0.7,0.75,0.46,2680,Very High Value,,,,2970.0,0.725,44.29272414516933
2024-10-20 02:07:47,Truck_7,-3.5038,21.9533,268,Delivered,18.7,69.5,Heavy,39,101,9,Mechanical Failure,77.1,205,1,2,20,6,10,October,1,Very High,Medium-Low,1.3073170731707318,High,0.5249999999999999,0.4275,0.5800000000000001,0.5108333333333334,Medium,42,Night,63,0,15805.499999999998,0.41516262617548094,0.5249999999999999,0.4275,0.5800000000000001,909,Medium Value,,,,3006.8999999999996,0.47624999999999995,21.224786028016066
2024-01-09 21:49:29,Truck_2,88.528,-0.3595,375,Delayed,19.2,72.9,Detour,58,119,7,,96.9,213,1,21,9,1,1,January,0,Very High,Medium-High,1.7605633802816902,Medium-High,0.565,0.9225000000000004,0.96,0.8158333333333334,High,2,Late_Evening,162,0,20639.7,0.6236951082736607,0.565,0.9225000000000003,0.96,833,Medium Value,,,,5620.200000000001,0.7437500000000001,89.89605620123871
2024-07-22 11:45:54,Truck_9,-24.7838,-21.176,465,In Transit,28.0,59.6,Clear,51,305,10,Mechanical Failure,96.9,153,0,11,22,0,7,July,0,Very High,High,3.0392156862745097,High,0.265,0.9225000000000004,0.8200000000000001,0.6691666666666668,High,30,Morning,312,0,14825.7,0.3728970753170564,0.265,0.9225000000000003,0.8200000000000001,3050,Very High Value,,,,4941.900000000001,0.5937500000000002,32.14411906141784
2024-08-30 12:04:18,Truck_10,56.1373,82.4192,258,Delayed,19.3,74.2,Detour,52,407,8,Weather,84.7,245,1,12,30,4,8,August,0,Very High,Medium-Low,1.0530612244897959,Medium-High,0.7250000000000001,0.6175000000000002,0.8400000000000001,0.7275,High,35,Afternoon,13,0,20751.5,0.6285178155465447,0.7250000000000001,0.6175000000000002,0.8400000000000001,3256,Very High Value,,,,4404.400000000001,0.6712500000000001,99.8078029710191
2024-11-20 18:45:34,Truck_1,-13.2882,-171.9473,254,Delivered,27.3,71.7,Detour,38,279,10,Traffic,91.5,111,0,18,20,2,11,November,0,Very High,Medium-Low,2.2882882882882885,High,0.055,0.7875000000000001,0.56,0.4675000000000001,Medium,47,Evening,143,0,10156.5,0.1714821844534553,0.05500000000000005,0.7875000000000001,0.56,2790,Very High Value,,,,3477.0,0.42125000000000007,173.19558588758224
2024-11-24 01:13:40,Truck_10,68.9345,172.152,456,In Transit,20.9,71.2,Clear,46,414,10,Mechanical Failure,90.6,280,0,1,24,6,11,November,1,Very High,High,1.6285714285714286,High,0.9000000000000001,0.7650000000000001,0.72,0.795,High,47,Night,176,0,25368.0,0.827659390906738,0.9000000000000001,0.7650000000000001,0.72,4140,Very High Value,,,,4167.599999999999,0.8325000000000001,185.1759763554532
2024-01-26 17:18:01,Truck_7,-80.9601,52.614,158,In Transit,29.7,78.2,Heavy,43,334,5,Weather,72.7,181,1,17,26,4,1,January,0,High,Low,0.8729281767955801,Medium-Low,0.405,0.3175000000000001,0.6599999999999999,0.4608333333333334,Medium,4,Evening,-23,1,13158.7,0.30098783538952645,0.405,0.3175000000000001,0.6599999999999999,1670,High Value,,,,3126.1,0.36125000000000007,94.95795829361457
2024-07-23 23:58:44,Truck_5,57.2271,59.2588,158,Delayed,25.9,51.3,Detour,46,308,7,,64.6,115,1,23,23,1,7,July,0,High,Low,1.373913043478261,Medium-High,0.075,0.1149999999999999,0.72,0.3033333333333333,Low,30,Late_Evening,43,0,7428.999999999999,0.053826244500043086,0.07500000000000007,0.11499999999999999,0.72,2156,High Value,,,,2971.6,0.09500000000000003,82.7379002533896
2024-04-21 07:23:11,Truck_10,82.6307,-111.6216,260,Delivered,23.2,56.3,Clear,57,329,7,Mechanical Failure,77.9,258,0,7,21,6,4,April,1,Very High,Medium-Low,1.0077519379844961,Medium-High,0.79,0.4475000000000002,0.9400000000000002,0.7258333333333334,High,16,Morning,2,0,20098.2,0.6003364679492711,0.79,0.44750000000000023,0.9400000000000002,2303,High Value,,,,4440.3,0.6187500000000001,140.36167907940433
2024-05-29 19:41:42,Truck_2,53.0221,110.4363,249,In Transit,21.4,56.6,Detour,49,398,10,Mechanical Failure,67.3,279,0,19,29,2,5,May,0,High,Medium-Low,0.8924731182795699,High,0.895,0.1825000000000001,0.78,0.6191666666666668,Medium,22,Evening,-30,1,18776.7,0.5433310326977828,0.895,0.1825000000000001,0.78,3980,Very High Value,,,,3297.7,0.5387500000000001,122.34957586221681
2024-02-15 12:50:05,Truck_6,21.6362,35.7292,224,Delayed,28.3,69.0,Clear,20,445,6,,60.1,259,1,12,15,3,2,February,0,High,Medium-Low,0.8648648648648649,Medium-Low,0.7949999999999999,0.0025000000000001,0.2,0.3325,Medium,7,Afternoon,-35,1,15565.9,0.4048270209645415,0.7949999999999999,0.0025000000000001688,0.2,2670,Very High Value,,,,1202.0,0.39875000000000005,41.78865494042667
2024-04-21 22:20:02,Truck_8,-0.5646,175.2938,162,Delivered,29.4,65.9,Detour,40,262,2,Traffic,61.5,298,0,22,21,6,4,April,1,High,Low,0.5436241610738255,Low,0.99,0.0375,0.6000000000000001,0.5425000000000001,Medium,16,Late_Evening,-136,1,18327.0,0.5239323613148132,0.99,0.03750000000000009,0.6000000000000001,524,Low Value,,,,2460.0,0.51375,174.45856474488147
2024-09-07 01:59:11,Truck_4,-53.9744,-52.4536,160,Delivered,20.7,63.1,Clear,52,488,3,Mechanical Failure,79.6,246,0,1,7,5,9,September,1,Very High,Low,0.6504065040650406,Low,0.73,0.49,0.8400000000000001,0.6866666666666666,High,36,Night,-86,1,19581.6,0.5780519368475541,0.73,0.49,0.8400000000000001,1464,High Value,,,,4139.2,0.61,74.887639857087
2024-04-26 07:24:41,Truck_8,70.9071,-64.7863,260,Delivered,18.8,55.0,Detour,13,428,2,Weather,73.9,198,0,7,26,4,4,April,0,High,Medium-Low,1.3131313131313131,Low,0.49,0.3475000000000001,0.06,0.2991666666666667,Low,17,Morning,62,0,14632.2,0.3645500819601416,0.49,0.34750000000000014,0.06,856,Medium Value,,,,960.7,0.41875000000000007,97.61644865050474
2024-03-23 13:50:53,Truck_7,-32.3196,-16.4458,245,In Transit,23.3,59.8,Clear,28,142,5,,80.7,160,0,13,23,5,3,March,1,Very High,Medium-Low,1.53125,Medium-Low,0.3,0.5175000000000001,0.36,0.3925,Medium,12,Afternoon,85,0,12912.0,0.2903459580709171,0.30000000000000004,0.5175000000000001,0.36000000000000004,710,Medium Value,,,,2259.6,0.40875000000000006,35.45684651165253
2024-04-05 13:50:11,Truck_7,-9.6291,39.6506,495,Delivered,25.1,75.5,Detour,39,234,1,,74.8,203,0,13,5,4,4,April,0,High,High,2.438423645320197,Low,0.5150000000000001,0.3700000000000001,0.5800000000000001,0.4883333333333334,Medium,14,Afternoon,292,0,15184.4,0.3883702872918644,0.5150000000000001,0.3700000000000001,0.5800000000000001,234,Low Value,,,,2917.2,0.4425000000000001,39.68460951519576
2024-08-24 01:36:22,Truck_8,-69.5639,-74.6473,236,Delayed,18.2,50.5,Clear,20,260,2,Weather,61.1,278,1,1,24,5,8,August,1,High,Medium-Low,0.8489208633093526,Low,0.8900000000000001,0.0275,0.2,0.3725,Medium,34,Night,-42,1,16985.8,0.46607712880683294,0.8900000000000001,0.02750000000000008,0.2,520,Low Value,,,,1222.0,0.4587500000000001,101.73321125725477
2024-11-07 04:03:32,Truck_9,49.043,-4.5352,259,Delivered,21.3,79.3,Detour,49,276,2,,99.1,259,0,4,7,3,11,November,0,Very High,Medium-Low,1.0,Low,0.7949999999999999,0.9775,0.78,0.8508333333333334,High,45,Night,0,0,25666.899999999998,0.8405530152704686,0.7949999999999999,0.9775,0.78,552,Low Value,,,,4855.9,0.88625,50.68858650512683
2024-09-20 16:44:25,Truck_7,69.7608,-77.0188,227,Delivered,27.6,68.1,Detour,60,399,1,Traffic,64.1,126,0,16,20,4,9,September,0,High,Medium-Low,1.8015873015873016,Low,0.13,0.1025,1.0,0.4108333333333333,Medium,38,Evening,101,0,8076.599999999999,0.08176171167284962,0.13,0.10250000000000004,1.0,399,Low Value,,,,3845.9999999999995,0.11625000000000002,105.45005724114314
2024-11-06 21:58:30,Truck_7,27.4034,-35.8705,204,In Transit,20.5,60.2,Clear,26,460,5,,66.9,231,0,21,6,2,11,November,0,High,Medium-Low,0.8831168831168831,Medium-Low,0.655,0.1725000000000003,0.32,0.3825000000000001,Medium,45,Late_Evening,-27,1,15453.900000000001,0.3999956863083428,0.655,0.17250000000000032,0.32,2300,High Value,,,,1739.4,0.4137500000000002,46.63456500061029
2024-03-30 12:05:51,Truck_10,-31.4314,-110.7069,384,Delayed,18.5,79.0,Detour,21,185,8,Weather,68.1,143,1,12,30,5,3,March,1,High,Medium-High,2.6853146853146854,Medium-High,0.2149999999999999,0.2024999999999999,0.2199999999999999,0.2124999999999999,Low,13,Afternoon,241,0,9738.3,0.1534423259425416,0.21499999999999997,0.2024999999999999,0.21999999999999997,1480,High Value,,,,1430.1,0.20874999999999994,115.52634359725538
2024-05-24 00:02:16,Truck_6,63.5554,151.4083,187,Delayed,18.9,60.3,Clear,34,223,1,Weather,85.3,197,1,0,24,4,5,May,0,Very High,Low,0.949238578680203,Low,0.485,0.6324999999999998,0.48,0.5324999999999999,Medium,21,Night,-10,1,16804.1,0.45823915106548185,0.485,0.6324999999999998,0.48000000000000004,223,Low Value,,,,2900.2,0.5587499999999999,163.9686641932534
2024-01-26 08:28:52,Truck_3,86.6663,-8.1036,302,Delivered,19.5,64.5,Detour,38,149,10,,69.0,213,0,8,26,4,1,January,0,High,Medium-High,1.4178403755868545,High,0.565,0.2250000000000001,0.56,0.45,Medium,4,Morning,89,0,14697.0,0.3673453541540851,0.565,0.2250000000000001,0.56,1490,High Value,,,,2622.0,0.395,88.47926874088871
2024-05-18 14:34:50,Truck_3,62.9549,134.6387,177,In Transit,24.7,70.6,Heavy,58,301,1,Mechanical Failure,82.7,254,1,14,18,5,5,May,1,Very High,Low,0.6968503937007874,Low,0.77,0.5675000000000003,0.96,0.7658333333333335,High,20,Afternoon,-77,1,21005.8,0.6394875334311104,0.77,0.5675000000000003,0.96,301,Low Value,,,,4796.6,0.6687500000000002,148.45639127442166
2024-05-19 11:10:13,Truck_2,57.555,179.2349,448,In Transit,21.5,55.7,Heavy,55,500,2,Mechanical Failure,86.7,173,1,11,19,6,5,May,1,Very High,High,2.5895953757225434,Low,0.365,0.6675,0.9000000000000001,0.6441666666666667,Medium,20,Morning,275,0,14999.1,0.3803770166508499,0.365,0.6675,0.9000000000000001,1000,Medium Value,,,,4768.5,0.51625,187.87437668070743
2024-10-19 16:07:51,Truck_5,-8.3428,-26.2702,197,In Transit,22.9,71.9,Clear,18,387,9,,71.0,140,0,16,19,5,10,October,1,High,Low,1.4071428571428573,High,0.2,0.2750000000000001,0.1599999999999999,0.2116666666666667,Low,42,Evening,57,0,9940.0,0.1621430420153568,0.20000000000000007,0.27500000000000013,0.15999999999999998,3483,Very High Value,,,,1278.0,0.2375000000000001,27.992162216602097
2024-04-12 19:29:51,Truck_10,-51.6025,114.3963,428,In Transit,28.6,77.7,Heavy,14,175,9,Traffic,96.2,115,1,19,12,4,4,April,0,Very High,High,3.7217391304347824,High,0.075,0.9050000000000002,0.08,0.3533333333333334,Medium,15,Evening,313,0,11063.0,0.21058579932706412,0.07500000000000007,0.9050000000000002,0.08000000000000002,1575,High Value,,,,1346.8,0.49000000000000016,124.1773047369785
2024-02-29 23:31:58,Truck_8,-30.946,-65.5352,435,Delayed,24.7,75.3,Heavy,41,245,2,Weather,87.1,232,1,23,29,3,2,February,0,Very High,High,1.875,Low,0.6599999999999999,0.6774999999999998,0.6200000000000001,0.6525,Medium,9,Late_Evening,203,0,20207.199999999997,0.60503839185575,0.6599999999999999,0.6774999999999998,0.6200000000000001,490,Low Value,,,,3571.1,0.6687499999999998,72.66774622021056
2024-10-03 16:09:16,Truck_6,-47.3503,-100.2211,309,In Transit,20.2,65.8,Detour,26,105,9,Mechanical Failure,60.7,244,0,16,3,3,10,October,0,High,Medium-High,1.2663934426229508,High,0.72,0.0175,0.32,0.3525,Medium,40,Evening,65,0,14810.800000000001,0.37225433526011564,0.72,0.01750000000000007,0.32,945,Medium Value,,,,1578.2,0.36875,111.03084542499704
2024-07-12 10:13:28,Truck_9,29.2931,-63.656,346,Delivered,21.5,60.1,Clear,17,370,9,,70.8,259,0,10,12,4,7,July,0,High,Medium-High,1.335907335907336,High,0.7949999999999999,0.27,0.14,0.4016666666666666,Medium,28,Morning,87,0,18337.2,0.5243723578638599,0.7949999999999999,0.27,0.14,3330,Very High Value,,,,1203.6,0.5325,71.40708349309952
2024-10-24 02:04:39,Truck_2,-67.4262,-107.5156,428,Delivered,29.1,55.9,Clear,34,176,2,,89.5,123,0,2,24,3,10,October,0,Very High,High,3.4796747967479673,Low,0.1149999999999999,0.7375000000000003,0.48,0.4441666666666667,Medium,43,Night,305,0,11008.5,0.20823483737382453,0.11499999999999999,0.7375000000000003,0.48000000000000004,352,Low Value,,,,3043.0,0.42625000000000013,126.9055832918119
2024-03-21 11:55:45,Truck_5,82.8116,62.1983,106,Delivered,21.6,79.3,Clear,51,120,9,Weather,96.2,228,0,11,21,3,3,March,0,Very High,Low,0.4649122807017544,High,0.6400000000000001,0.9050000000000002,0.8200000000000001,0.7883333333333334,High,12,Morning,-122,1,21933.600000000002,0.6795099646277286,0.6400000000000001,0.9050000000000002,0.8200000000000001,1080,Medium Value,,,,4906.2,0.7725000000000002,104.16370275535594
2024-07-14 20:00:38,Truck_3,58.6218,133.4487,154,Delayed,25.8,69.0,Clear,60,357,10,Mechanical Failure,87.9,269,1,20,14,6,7,July,1,Very High,Low,0.5724907063197026,High,0.845,0.6975000000000002,1.0,0.8475000000000001,High,28,Late_Evening,-115,1,23645.100000000002,0.7533387973427661,0.845,0.6975000000000002,1.0,3570,Very High Value,,,,5274.0,0.7712500000000001,145.54613511648486
2024-11-23 19:15:58,Truck_10,-31.9959,164.6097,417,In Transit,23.8,50.7,Heavy,47,278,2,,88.7,226,1,19,23,5,11,November,1,Very High,High,1.845132743362832,Low,0.6300000000000001,0.7175000000000002,0.74,0.6958333333333334,High,47,Evening,191,0,20046.2,0.5980933482874645,0.6300000000000001,0.7175000000000002,0.74,556,Low Value,,,,4168.900000000001,0.6737500000000002,166.61342665995505
2024-09-26 10:33:52,Truck_5,84.8041,86.1533,438,Delayed,20.6,79.3,Heavy,37,431,5,Mechanical Failure,71.7,246,1,10,26,3,9,September,0,High,High,1.7804878048780488,Medium-Low,0.73,0.2925000000000002,0.54,0.5208333333333334,Medium,39,Morning,192,0,17638.2,0.4942196531791908,0.73,0.2925000000000002,0.54,2155,High Value,,,,2652.9,0.5112500000000001,121.25646699524172
2024-08-09 16:48:19,Truck_5,-11.147,-97.9335,106,Delayed,29.6,62.0,Heavy,54,410,9,Weather,62.3,111,1,16,9,4,8,August,0,High,Low,0.954954954954955,High,0.055,0.0575000000000001,0.8800000000000001,0.3308333333333334,Medium,32,Evening,-5,1,6915.299999999999,0.03166681045638858,0.05500000000000005,0.05750000000000011,0.8800000000000001,3690,Very High Value,,,,3364.2,0.05625000000000008,99.25424366979715
2024-11-23 08:35:37,Truck_4,-9.8535,-164.784,147,Delayed,27.5,51.6,Clear,15,496,4,Traffic,68.4,238,1,8,23,5,11,November,1,High,Low,0.6176470588235294,Medium-Low,0.69,0.2100000000000002,0.0999999999999999,0.3333333333333333,Medium,47,Morning,-91,1,16279.2,0.43559658355620745,0.69,0.2100000000000002,0.09999999999999998,1984,High Value,,,,1026.0,0.45000000000000007,165.83868610188205
2024-10-16 22:49:20,Truck_7,35.674,177.2099,248,Delivered,23.0,72.3,Heavy,35,256,3,Traffic,99.2,296,1,22,16,2,10,October,0,Very High,Medium-Low,0.8378378378378378,Low,0.98,0.9800000000000004,0.5,0.8200000000000002,High,42,Late_Evening,-48,1,29363.2,1.0000000000000002,0.98,0.9800000000000004,0.5,768,Medium Value,,,,3472.0,0.9800000000000002,180.21905176714293
2024-02-15 22:41:00,Truck_7,87.965,-109.0684,299,In Transit,20.5,75.2,Clear,21,148,6,Mechanical Failure,67.5,150,0,22,15,3,2,February,0,High,Medium-Low,1.9933333333333334,Medium-Low,0.25,0.1875,0.2199999999999999,0.2191666666666666,Low,7,Late_Evening,149,0,10125.0,0.1701233715813994,0.25,0.1875,0.21999999999999997,888,Medium Value,,,,1417.5,0.21875,141.6269037503436
2024-06-15 02:50:21,Truck_7,68.1229,9.8155,382,Delivered,20.6,72.8,Heavy,10,128,1,Weather,79.2,157,1,2,15,5,6,June,1,Very High,Medium-High,2.43312101910828,Low,0.285,0.4800000000000002,0.0,0.255,Low,24,Night,225,0,12434.4,0.2697437667155552,0.28500000000000003,0.4800000000000002,0.0,128,Low Value,,,,792.0,0.3825000000000001,70.06067973411866
2024-06-26 19:58:52,Truck_2,84.0215,75.4829,236,Delivered,19.4,57.2,Heavy,13,368,2,Weather,83.7,276,1,19,26,2,6,June,0,Very High,Medium-Low,0.855072463768116,Low,0.8800000000000001,0.5925000000000002,0.06,0.5108333333333335,Medium,26,Evening,-40,1,23101.2,0.7298766284186007,0.8800000000000001,0.5925000000000002,0.06,736,Medium Value,,,,1088.1000000000001,0.7362500000000002,113.41084357924399
2024-12-01 12:38:57,Truck_4,73.9154,-123.8449,122,Delayed,28.3,80.0,Detour,43,444,10,Mechanical Failure,91.6,141,1,12,1,6,12,December,1,Very High,Low,0.8652482269503546,High,0.2049999999999999,0.79,0.6599999999999999,0.5516666666666666,Medium,48,Afternoon,-19,1,12915.599999999999,0.29050125097058055,0.20499999999999996,0.79,0.6599999999999999,4440,Very High Value,,,,3938.7999999999997,0.4975,145.64335950421793
2024-07-31 03:43:10,Truck_10,56.2829,49.0292,201,In Transit,24.4,50.8,Heavy,13,367,2,,88.3,174,1,3,31,2,7,July,0,Very High,Low,1.1551724137931034,Low,0.37,0.7075,0.06,0.3791666666666667,Medium,31,Night,27,0,15364.199999999999,0.3961263048917263,0.37,0.7075,0.06,734,Medium Value,,,,1147.8999999999999,0.5387500000000001,75.13453282964423
2024-03-16 13:20:30,Truck_9,-89.0981,33.8294,226,In Transit,18.6,77.9,Heavy,30,252,10,,67.3,145,1,13,16,5,3,March,1,High,Medium-Low,1.5586206896551724,High,0.2249999999999999,0.1825000000000001,0.3999999999999999,0.2691666666666667,Low,11,Afternoon,81,0,9758.5,0.15431369165732034,0.22499999999999998,0.1825000000000001,0.39999999999999997,2520,Very High Value,,,,2019.0,0.20375000000000004,93.73608255964255
2024-06-17 14:43:11,Truck_9,0.4055,97.6022,266,Delivered,23.5,60.2,Heavy,57,108,2,Traffic,65.5,202,1,14,17,0,6,June,0,High,Medium-Low,1.316831683168317,Low,0.51,0.1375000000000001,0.9400000000000002,0.5291666666666668,Medium,25,Afternoon,64,0,13231.0,0.304106634457769,0.51,0.13750000000000018,0.9400000000000002,216,Low Value,,,,3733.5,0.3237500000000001,96.78125740366781
2024-01-26 05:00:06,Truck_8,29.7128,-51.8993,277,Delivered,29.2,56.9,Detour,24,100,2,Mechanical Failure,84.2,164,0,5,26,4,1,January,0,Very High,Medium-Low,1.6890243902439024,Low,0.32,0.605,0.2799999999999999,0.4016666666666666,Medium,4,Night,113,0,13808.800000000001,0.32903114485376594,0.32000000000000006,0.605,0.27999999999999997,200,Low Value,,,,2020.8000000000002,0.4625,61.209861540716346
2024-03-09 09:56:32,Truck_4,76.8582,-8.4829,475,In Transit,24.3,52.6,Heavy,55,283,6,Weather,95.9,173,1,9,9,5,3,March,1,Very High,High,2.745664739884393,Medium-Low,0.365,0.8975000000000004,0.9000000000000001,0.7208333333333335,High,10,Morning,302,0,16590.7,0.44903373306876027,0.365,0.8975000000000004,0.9000000000000001,1698,High Value,,,,5274.5,0.6312500000000002,78.77158589718647
2024-08-28 07:23:00,Truck_8,-74.188,-176.0141,387,Delivered,28.1,64.7,Clear,51,340,10,Weather,61.1,243,0,7,28,2,8,August,0,High,Medium-High,1.5925925925925926,High,0.7150000000000001,0.0275,0.8200000000000001,0.5208333333333334,Medium,35,Morning,144,0,14847.300000000001,0.37382883271503764,0.7150000000000001,0.02750000000000008,0.8200000000000001,3400,Very High Value,,,,3116.1,0.3712500000000001,191.2595957423129
2024-01-13 18:59:02,Truck_6,14.1533,164.1186,286,In Transit,25.0,68.4,Heavy,50,382,5,Weather,71.9,283,1,18,13,5,1,January,1,High,Medium-Low,1.010600706713781,Medium-Low,0.915,0.2975000000000003,0.8,0.6708333333333334,High,2,Evening,3,0,20347.7,0.6110991286342853,0.915,0.2975000000000003,0.8,1910,High Value,,,,3595.0000000000005,0.6062500000000002,164.0168597418681
2024-12-21 10:48:36,Truck_7,3.9786,-135.2219,367,Delayed,27.0,55.1,Heavy,47,449,9,Mechanical Failure,99.7,109,1,10,21,5,12,December,1,Very High,Medium-High,3.36697247706422,High,0.045,0.9925000000000002,0.74,0.5925,Medium,51,Morning,258,0,10867.300000000001,0.20214390475368826,0.04500000000000004,0.9925000000000002,0.74,4041,Very High Value,,,,4685.900000000001,0.51875,136.16364865282551
2024-12-28 17:40:09,Truck_4,-40.9216,27.5281,371,Delayed,27.4,50.9,Clear,40,463,8,Weather,90.7,144,1,17,28,5,12,December,1,Very High,Medium-High,2.576388888888889,Medium-High,0.2199999999999999,0.7675000000000001,0.6000000000000001,0.5291666666666667,Medium,52,Evening,227,0,13060.800000000001,0.29676473125700986,0.21999999999999997,0.7675000000000001,0.6000000000000001,3704,Very High Value,,,,3628.0,0.49375,47.723422724937336
2024-08-18 05:51:47,Truck_7,-58.4321,-90.5118,315,Delivered,23.5,68.6,Heavy,20,372,1,,63.8,221,1,5,18,6,8,August,1,High,Medium-High,1.4253393665158371,Low,0.605,0.0949999999999999,0.2,0.3,Low,33,Night,94,0,14099.8,0.34158398757656805,0.605,0.09499999999999997,0.2,372,Low Value,,,,1276.0,0.35,107.71177384121331
2024-09-09 05:33:17,Truck_6,41.7679,-95.8135,262,In Transit,24.5,50.1,Heavy,20,387,2,Weather,95.0,145,1,5,9,0,9,September,0,Very High,Medium-Low,1.806896551724138,Low,0.2249999999999999,0.875,0.2,0.4333333333333333,Medium,37,Night,117,0,13775.0,0.3275731170735916,0.22499999999999998,0.875,0.2,774,Medium Value,,,,1900.0,0.55,105.8364414952475
2024-10-01 09:21:06,Truck_7,61.9423,34.526,201,Delayed,23.9,57.8,Heavy,24,170,1,Mechanical Failure,90.8,104,1,9,1,1,10,October,0,Very High,Low,1.9326923076923077,Low,0.02,0.77,0.2799999999999999,0.3566666666666667,Medium,40,Morning,97,0,9443.199999999999,0.1407126218617893,0.020000000000000018,0.77,0.27999999999999997,170,Low Value,,,,2179.2,0.395,71.70870473731014
2024-10-14 10:21:17,Truck_4,46.9729,-36.5198,420,Delayed,21.6,62.8,Clear,31,242,10,Weather,95.6,221,1,10,14,0,10,October,0,Very High,High,1.9004524886877827,High,0.605,0.8900000000000001,0.42,0.6383333333333333,Medium,42,Morning,199,0,21127.6,0.6447416098697265,0.605,0.8900000000000001,0.42,2420,Very High Value,,,,2963.6,0.7475,61.0869244062024
2024-06-13 00:29:04,Truck_1,44.2477,175.0702,143,Delivered,21.6,64.1,Detour,32,307,10,Traffic,64.0,168,0,0,13,3,6,June,0,High,Low,0.8511904761904762,High,0.3399999999999999,0.1,0.44,0.2933333333333334,Low,24,Night,-25,1,10752.0,0.1971702182727979,0.33999999999999997,0.10000000000000009,0.44,3070,Very High Value,,,,2048.0,0.22000000000000003,180.1034749472648
2024-07-22 16:30:00,Truck_6,89.8701,73.6867,264,Delivered,26.9,70.0,Heavy,32,188,1,Weather,79.2,213,1,16,22,0,7,July,0,Very High,Medium-Low,1.2394366197183098,Low,0.565,0.4800000000000002,0.44,0.495,Medium,30,Evening,51,0,16869.600000000002,0.4610646191010268,0.565,0.4800000000000002,0.44,188,Low Value,,,,2534.4,0.5225000000000001,116.74767538253096
2024-04-30 04:58:58,Truck_5,-10.4792,-177.1239,479,Delivered,23.7,77.9,Detour,56,276,7,Weather,83.7,272,0,4,30,1,4,April,0,Very High,High,1.7610294117647058,Medium-High,0.8600000000000001,0.5925000000000002,0.9200000000000002,0.7908333333333335,High,18,Night,207,0,22766.4,0.7154343887498923,0.8600000000000001,0.5925000000000002,0.9200000000000002,1932,High Value,,,,4687.2,0.7262500000000002,178.19443721160644
2024-10-27 22:09:13,Truck_2,-71.0609,75.3714,347,In Transit,21.0,63.1,Detour,35,382,5,,74.8,275,0,22,27,6,10,October,1,High,Medium-High,1.2618181818181817,Medium-Low,0.875,0.3700000000000001,0.5,0.5816666666666667,Medium,43,Late_Evening,72,0,20570.0,0.6206884651885084,0.875,0.3700000000000001,0.5,1910,High Value,,,,2618.0,0.6225,102.04691100719299
2024-04-18 23:06:56,Truck_2,-76.791,18.3631,276,Delivered,18.0,64.3,Heavy,10,361,5,,88.6,242,1,23,18,3,4,April,0,Very High,Medium-Low,1.140495867768595,Medium-Low,0.71,0.7149999999999999,0.0,0.4749999999999999,Medium,16,Late_Evening,34,0,21441.199999999997,0.658269346907083,0.71,0.7149999999999999,0.0,1805,High Value,,,,886.0,0.7124999999999999,77.44019794878616
2024-09-18 19:39:24,Truck_8,59.8356,-114.4198,157,Delayed,18.7,73.6,Clear,55,323,9,Mechanical Failure,81.3,141,1,19,18,2,9,September,0,Very High,Low,1.1134751773049645,High,0.2049999999999999,0.5325000000000002,0.9000000000000001,0.5458333333333334,Medium,38,Evening,16,0,11463.3,0.2278535070313174,0.20499999999999996,0.5325000000000002,0.9000000000000001,2907,Very High Value,,,,4471.5,0.3687500000000001,130.49541758679163
